[
  {
    "pk": 1, 
    "model": "debate.tournament", 
    "fields": {
      "slug": "thropy", 
      "current_round": 1
    }
  }, 
  {
    "pk": 1, 
    "model": "debate.institution", 
    "fields": {
      "code": "Victoria", 
      "tournament": 1, 
      "name": "Victoria"
    }
  }, 
  {
    "pk": 2, 
    "model": "debate.institution", 
    "fields": {
      "code": "Waikato", 
      "tournament": 1, 
      "name": "Waikato"
    }
  }, 
  {
    "pk": 3, 
    "model": "debate.institution", 
    "fields": {
      "code": "Northland", 
      "tournament": 1, 
      "name": "Northland"
    }
  }, 
  {
    "pk": 4, 
    "model": "debate.institution", 
    "fields": {
      "code": "Auckland", 
      "tournament": 1, 
      "name": "Auckland"
    }
  }, 
  {
    "pk": 1, 
    "model": "debate.team", 
    "fields": {
      "name": "Vic 1", 
      "institution": 1
    }
  }, 
  {
    "pk": 2, 
    "model": "debate.team", 
    "fields": {
      "name": "Vic 2", 
      "institution": 1
    }
  }, 
  {
    "pk": 3, 
    "model": "debate.team", 
    "fields": {
      "name": "Vic 3", 
      "institution": 1
    }
  }, 
  {
    "pk": 4, 
    "model": "debate.team", 
    "fields": {
      "name": "Vic 4", 
      "institution": 1
    }
  }, 
  {
    "pk": 5, 
    "model": "debate.team", 
    "fields": {
      "name": "Vic 5", 
      "institution": 1
    }
  }, 
  {
    "pk": 6, 
    "model": "debate.team", 
    "fields": {
      "name": "Vic 6", 
      "institution": 1
    }
  }, 
  {
    "pk": 7, 
    "model": "debate.team", 
    "fields": {
      "name": "Vic 7", 
      "institution": 1
    }
  }, 
  {
    "pk": 8, 
    "model": "debate.team", 
    "fields": {
      "name": "Vic 8", 
      "institution": 1
    }
  }, 
  {
    "pk": 9, 
    "model": "debate.team", 
    "fields": {
      "name": "Vic 9", 
      "institution": 1
    }
  }, 
  {
    "pk": 10, 
    "model": "debate.team", 
    "fields": {
      "name": "Auckland 1", 
      "institution": 4
    }
  }, 
  {
    "pk": 11, 
    "model": "debate.team", 
    "fields": {
      "name": "Auckland 2", 
      "institution": 4
    }
  }, 
  {
    "pk": 12, 
    "model": "debate.team", 
    "fields": {
      "name": "Auckland 3", 
      "institution": 4
    }
  }, 
  {
    "pk": 13, 
    "model": "debate.team", 
    "fields": {
      "name": "Auckland 4", 
      "institution": 4
    }
  }, 
  {
    "pk": 14, 
    "model": "debate.team", 
    "fields": {
      "name": "Auckland 5", 
      "institution": 4
    }
  }, 
  {
    "pk": 15, 
    "model": "debate.team", 
    "fields": {
      "name": "Auckland 6", 
      "institution": 4
    }
  }, 
  {
    "pk": 16, 
    "model": "debate.team", 
    "fields": {
      "name": "Auckland 7", 
      "institution": 4
    }
  }, 
  {
    "pk": 17, 
    "model": "debate.team", 
    "fields": {
      "name": "Auckland 8", 
      "institution": 4
    }
  }, 
  {
    "pk": 18, 
    "model": "debate.team", 
    "fields": {
      "name": "Auckland 9", 
      "institution": 4
    }
  }, 
  {
    "pk": 19, 
    "model": "debate.team", 
    "fields": {
      "name": "Auckland 10", 
      "institution": 4
    }
  }, 
  {
    "pk": 20, 
    "model": "debate.team", 
    "fields": {
      "name": "Auckland 11", 
      "institution": 4
    }
  }, 
  {
    "pk": 21, 
    "model": "debate.team", 
    "fields": {
      "name": "Auckland 12", 
      "institution": 4
    }
  }, 
  {
    "pk": 22, 
    "model": "debate.team", 
    "fields": {
      "name": "Auckland 13", 
      "institution": 4
    }
  }, 
  {
    "pk": 23, 
    "model": "debate.team", 
    "fields": {
      "name": "Auckland 14", 
      "institution": 4
    }
  }, 
  {
    "pk": 26, 
    "model": "debate.team", 
    "fields": {
      "name": "Waikato 1", 
      "institution": 2
    }
  }, 
  {
    "pk": 27, 
    "model": "debate.team", 
    "fields": {
      "name": "Waikato 2", 
      "institution": 2
    }
  }, 
  {
    "pk": 28, 
    "model": "debate.team", 
    "fields": {
      "name": "Waikato 3", 
      "institution": 2
    }
  }, 
  {
    "pk": 29, 
    "model": "debate.team", 
    "fields": {
      "name": "Waikato 4", 
      "institution": 2
    }
  }, 
  {
    "pk": 30, 
    "model": "debate.team", 
    "fields": {
      "name": "Northland", 
      "institution": 3
    }
  }, 
  {
    "pk": 31, 
    "model": "debate.team", 
    "fields": {
      "name": "Waikato 5", 
      "institution": 2
    }
  }, 
  {
    "pk": 33, 
    "model": "debate.team", 
    "fields": {
      "name": "Auckland 15", 
      "institution": 4
    }
  }, 
  {
    "pk": 1, 
    "model": "debate.speaker", 
    "fields": {
      "name": "Vic 1 (Victoria) 1", 
      "team": 1
    }
  }, 
  {
    "pk": 2, 
    "model": "debate.speaker", 
    "fields": {
      "name": "Vic 1 (Victoria) 2", 
      "team": 1
    }
  }, 
  {
    "pk": 3, 
    "model": "debate.speaker", 
    "fields": {
      "name": "Vic 1 (Victoria) 3", 
      "team": 1
    }
  }, 
  {
    "pk": 4, 
    "model": "debate.speaker", 
    "fields": {
      "name": "Vic 2 (Victoria) 1", 
      "team": 2
    }
  }, 
  {
    "pk": 5, 
    "model": "debate.speaker", 
    "fields": {
      "name": "Vic 2 (Victoria) 2", 
      "team": 2
    }
  }, 
  {
    "pk": 6, 
    "model": "debate.speaker", 
    "fields": {
      "name": "Vic 2 (Victoria) 3", 
      "team": 2
    }
  }, 
  {
    "pk": 7, 
    "model": "debate.speaker", 
    "fields": {
      "name": "Vic 3 (Victoria) 1", 
      "team": 3
    }
  }, 
  {
    "pk": 8, 
    "model": "debate.speaker", 
    "fields": {
      "name": "Vic 3 (Victoria) 2", 
      "team": 3
    }
  }, 
  {
    "pk": 9, 
    "model": "debate.speaker", 
    "fields": {
      "name": "Vic 3 (Victoria) 3", 
      "team": 3
    }
  }, 
  {
    "pk": 10, 
    "model": "debate.speaker", 
    "fields": {
      "name": "Vic 4 (Victoria) 1", 
      "team": 4
    }
  }, 
  {
    "pk": 11, 
    "model": "debate.speaker", 
    "fields": {
      "name": "Vic 4 (Victoria) 2", 
      "team": 4
    }
  }, 
  {
    "pk": 12, 
    "model": "debate.speaker", 
    "fields": {
      "name": "Vic 4 (Victoria) 3", 
      "team": 4
    }
  }, 
  {
    "pk": 13, 
    "model": "debate.speaker", 
    "fields": {
      "name": "Vic 5 (Victoria) 1", 
      "team": 5
    }
  }, 
  {
    "pk": 14, 
    "model": "debate.speaker", 
    "fields": {
      "name": "Vic 5 (Victoria) 2", 
      "team": 5
    }
  }, 
  {
    "pk": 15, 
    "model": "debate.speaker", 
    "fields": {
      "name": "Vic 5 (Victoria) 3", 
      "team": 5
    }
  }, 
  {
    "pk": 16, 
    "model": "debate.speaker", 
    "fields": {
      "name": "Vic 6 (Victoria) 1", 
      "team": 6
    }
  }, 
  {
    "pk": 17, 
    "model": "debate.speaker", 
    "fields": {
      "name": "Vic 6 (Victoria) 2", 
      "team": 6
    }
  }, 
  {
    "pk": 18, 
    "model": "debate.speaker", 
    "fields": {
      "name": "Vic 6 (Victoria) 3", 
      "team": 6
    }
  }, 
  {
    "pk": 19, 
    "model": "debate.speaker", 
    "fields": {
      "name": "Vic 7 (Victoria) 1", 
      "team": 7
    }
  }, 
  {
    "pk": 20, 
    "model": "debate.speaker", 
    "fields": {
      "name": "Vic 7 (Victoria) 2", 
      "team": 7
    }
  }, 
  {
    "pk": 21, 
    "model": "debate.speaker", 
    "fields": {
      "name": "Vic 7 (Victoria) 3", 
      "team": 7
    }
  }, 
  {
    "pk": 22, 
    "model": "debate.speaker", 
    "fields": {
      "name": "Vic 8 (Victoria) 1", 
      "team": 8
    }
  }, 
  {
    "pk": 23, 
    "model": "debate.speaker", 
    "fields": {
      "name": "Vic 8 (Victoria) 2", 
      "team": 8
    }
  }, 
  {
    "pk": 24, 
    "model": "debate.speaker", 
    "fields": {
      "name": "Vic 8 (Victoria) 3", 
      "team": 8
    }
  }, 
  {
    "pk": 25, 
    "model": "debate.speaker", 
    "fields": {
      "name": "Vic 9 (Victoria) 1", 
      "team": 9
    }
  }, 
  {
    "pk": 26, 
    "model": "debate.speaker", 
    "fields": {
      "name": "Vic 9 (Victoria) 2", 
      "team": 9
    }
  }, 
  {
    "pk": 27, 
    "model": "debate.speaker", 
    "fields": {
      "name": "Vic 9 (Victoria) 3", 
      "team": 9
    }
  }, 
  {
    "pk": 28, 
    "model": "debate.speaker", 
    "fields": {
      "name": "Waikato 1 (Waikato) 1", 
      "team": 26
    }
  }, 
  {
    "pk": 29, 
    "model": "debate.speaker", 
    "fields": {
      "name": "Waikato 1 (Waikato) 2", 
      "team": 26
    }
  }, 
  {
    "pk": 30, 
    "model": "debate.speaker", 
    "fields": {
      "name": "Waikato 1 (Waikato) 3", 
      "team": 26
    }
  }, 
  {
    "pk": 31, 
    "model": "debate.speaker", 
    "fields": {
      "name": "Waikato 2 (Waikato) 1", 
      "team": 27
    }
  }, 
  {
    "pk": 32, 
    "model": "debate.speaker", 
    "fields": {
      "name": "Waikato 2 (Waikato) 2", 
      "team": 27
    }
  }, 
  {
    "pk": 33, 
    "model": "debate.speaker", 
    "fields": {
      "name": "Waikato 2 (Waikato) 3", 
      "team": 27
    }
  }, 
  {
    "pk": 34, 
    "model": "debate.speaker", 
    "fields": {
      "name": "Waikato 3 (Waikato) 1", 
      "team": 28
    }
  }, 
  {
    "pk": 35, 
    "model": "debate.speaker", 
    "fields": {
      "name": "Waikato 3 (Waikato) 2", 
      "team": 28
    }
  }, 
  {
    "pk": 36, 
    "model": "debate.speaker", 
    "fields": {
      "name": "Waikato 3 (Waikato) 3", 
      "team": 28
    }
  }, 
  {
    "pk": 37, 
    "model": "debate.speaker", 
    "fields": {
      "name": "Waikato 4 (Waikato) 1", 
      "team": 29
    }
  }, 
  {
    "pk": 38, 
    "model": "debate.speaker", 
    "fields": {
      "name": "Waikato 4 (Waikato) 2", 
      "team": 29
    }
  }, 
  {
    "pk": 39, 
    "model": "debate.speaker", 
    "fields": {
      "name": "Waikato 4 (Waikato) 3", 
      "team": 29
    }
  }, 
  {
    "pk": 40, 
    "model": "debate.speaker", 
    "fields": {
      "name": "Waikato 5 (Waikato) 1", 
      "team": 31
    }
  }, 
  {
    "pk": 41, 
    "model": "debate.speaker", 
    "fields": {
      "name": "Waikato 5 (Waikato) 2", 
      "team": 31
    }
  }, 
  {
    "pk": 42, 
    "model": "debate.speaker", 
    "fields": {
      "name": "Waikato 5 (Waikato) 3", 
      "team": 31
    }
  }, 
  {
    "pk": 43, 
    "model": "debate.speaker", 
    "fields": {
      "name": "Northland (Northland) 1", 
      "team": 30
    }
  }, 
  {
    "pk": 44, 
    "model": "debate.speaker", 
    "fields": {
      "name": "Northland (Northland) 2", 
      "team": 30
    }
  }, 
  {
    "pk": 45, 
    "model": "debate.speaker", 
    "fields": {
      "name": "Northland (Northland) 3", 
      "team": 30
    }
  }, 
  {
    "pk": 46, 
    "model": "debate.speaker", 
    "fields": {
      "name": "Auckland 1 (Auckland) 1", 
      "team": 10
    }
  }, 
  {
    "pk": 47, 
    "model": "debate.speaker", 
    "fields": {
      "name": "Auckland 1 (Auckland) 2", 
      "team": 10
    }
  }, 
  {
    "pk": 48, 
    "model": "debate.speaker", 
    "fields": {
      "name": "Auckland 1 (Auckland) 3", 
      "team": 10
    }
  }, 
  {
    "pk": 49, 
    "model": "debate.speaker", 
    "fields": {
      "name": "Auckland 2 (Auckland) 1", 
      "team": 11
    }
  }, 
  {
    "pk": 50, 
    "model": "debate.speaker", 
    "fields": {
      "name": "Auckland 2 (Auckland) 2", 
      "team": 11
    }
  }, 
  {
    "pk": 51, 
    "model": "debate.speaker", 
    "fields": {
      "name": "Auckland 2 (Auckland) 3", 
      "team": 11
    }
  }, 
  {
    "pk": 52, 
    "model": "debate.speaker", 
    "fields": {
      "name": "Auckland 3 (Auckland) 1", 
      "team": 12
    }
  }, 
  {
    "pk": 53, 
    "model": "debate.speaker", 
    "fields": {
      "name": "Auckland 3 (Auckland) 2", 
      "team": 12
    }
  }, 
  {
    "pk": 54, 
    "model": "debate.speaker", 
    "fields": {
      "name": "Auckland 3 (Auckland) 3", 
      "team": 12
    }
  }, 
  {
    "pk": 55, 
    "model": "debate.speaker", 
    "fields": {
      "name": "Auckland 4 (Auckland) 1", 
      "team": 13
    }
  }, 
  {
    "pk": 56, 
    "model": "debate.speaker", 
    "fields": {
      "name": "Auckland 4 (Auckland) 2", 
      "team": 13
    }
  }, 
  {
    "pk": 57, 
    "model": "debate.speaker", 
    "fields": {
      "name": "Auckland 4 (Auckland) 3", 
      "team": 13
    }
  }, 
  {
    "pk": 58, 
    "model": "debate.speaker", 
    "fields": {
      "name": "Auckland 5 (Auckland) 1", 
      "team": 14
    }
  }, 
  {
    "pk": 59, 
    "model": "debate.speaker", 
    "fields": {
      "name": "Auckland 5 (Auckland) 2", 
      "team": 14
    }
  }, 
  {
    "pk": 60, 
    "model": "debate.speaker", 
    "fields": {
      "name": "Auckland 5 (Auckland) 3", 
      "team": 14
    }
  }, 
  {
    "pk": 61, 
    "model": "debate.speaker", 
    "fields": {
      "name": "Auckland 6 (Auckland) 1", 
      "team": 15
    }
  }, 
  {
    "pk": 62, 
    "model": "debate.speaker", 
    "fields": {
      "name": "Auckland 6 (Auckland) 2", 
      "team": 15
    }
  }, 
  {
    "pk": 63, 
    "model": "debate.speaker", 
    "fields": {
      "name": "Auckland 6 (Auckland) 3", 
      "team": 15
    }
  }, 
  {
    "pk": 64, 
    "model": "debate.speaker", 
    "fields": {
      "name": "Auckland 7 (Auckland) 1", 
      "team": 16
    }
  }, 
  {
    "pk": 65, 
    "model": "debate.speaker", 
    "fields": {
      "name": "Auckland 7 (Auckland) 2", 
      "team": 16
    }
  }, 
  {
    "pk": 66, 
    "model": "debate.speaker", 
    "fields": {
      "name": "Auckland 7 (Auckland) 3", 
      "team": 16
    }
  }, 
  {
    "pk": 67, 
    "model": "debate.speaker", 
    "fields": {
      "name": "Auckland 8 (Auckland) 1", 
      "team": 17
    }
  }, 
  {
    "pk": 68, 
    "model": "debate.speaker", 
    "fields": {
      "name": "Auckland 8 (Auckland) 2", 
      "team": 17
    }
  }, 
  {
    "pk": 69, 
    "model": "debate.speaker", 
    "fields": {
      "name": "Auckland 8 (Auckland) 3", 
      "team": 17
    }
  }, 
  {
    "pk": 70, 
    "model": "debate.speaker", 
    "fields": {
      "name": "Auckland 9 (Auckland) 1", 
      "team": 18
    }
  }, 
  {
    "pk": 71, 
    "model": "debate.speaker", 
    "fields": {
      "name": "Auckland 9 (Auckland) 2", 
      "team": 18
    }
  }, 
  {
    "pk": 72, 
    "model": "debate.speaker", 
    "fields": {
      "name": "Auckland 9 (Auckland) 3", 
      "team": 18
    }
  }, 
  {
    "pk": 73, 
    "model": "debate.speaker", 
    "fields": {
      "name": "Auckland 10 (Auckland) 1", 
      "team": 19
    }
  }, 
  {
    "pk": 74, 
    "model": "debate.speaker", 
    "fields": {
      "name": "Auckland 10 (Auckland) 2", 
      "team": 19
    }
  }, 
  {
    "pk": 75, 
    "model": "debate.speaker", 
    "fields": {
      "name": "Auckland 10 (Auckland) 3", 
      "team": 19
    }
  }, 
  {
    "pk": 76, 
    "model": "debate.speaker", 
    "fields": {
      "name": "Auckland 11 (Auckland) 1", 
      "team": 20
    }
  }, 
  {
    "pk": 77, 
    "model": "debate.speaker", 
    "fields": {
      "name": "Auckland 11 (Auckland) 2", 
      "team": 20
    }
  }, 
  {
    "pk": 78, 
    "model": "debate.speaker", 
    "fields": {
      "name": "Auckland 11 (Auckland) 3", 
      "team": 20
    }
  }, 
  {
    "pk": 79, 
    "model": "debate.speaker", 
    "fields": {
      "name": "Auckland 12 (Auckland) 1", 
      "team": 21
    }
  }, 
  {
    "pk": 80, 
    "model": "debate.speaker", 
    "fields": {
      "name": "Auckland 12 (Auckland) 2", 
      "team": 21
    }
  }, 
  {
    "pk": 81, 
    "model": "debate.speaker", 
    "fields": {
      "name": "Auckland 12 (Auckland) 3", 
      "team": 21
    }
  }, 
  {
    "pk": 82, 
    "model": "debate.speaker", 
    "fields": {
      "name": "Auckland 13 (Auckland) 1", 
      "team": 22
    }
  }, 
  {
    "pk": 83, 
    "model": "debate.speaker", 
    "fields": {
      "name": "Auckland 13 (Auckland) 2", 
      "team": 22
    }
  }, 
  {
    "pk": 84, 
    "model": "debate.speaker", 
    "fields": {
      "name": "Auckland 13 (Auckland) 3", 
      "team": 22
    }
  }, 
  {
    "pk": 85, 
    "model": "debate.speaker", 
    "fields": {
      "name": "Auckland 14 (Auckland) 1", 
      "team": 23
    }
  }, 
  {
    "pk": 86, 
    "model": "debate.speaker", 
    "fields": {
      "name": "Auckland 14 (Auckland) 2", 
      "team": 23
    }
  }, 
  {
    "pk": 87, 
    "model": "debate.speaker", 
    "fields": {
      "name": "Auckland 14 (Auckland) 3", 
      "team": 23
    }
  }, 
  {
    "pk": 88, 
    "model": "debate.speaker", 
    "fields": {
      "name": "Auckland 15 (Auckland) 1", 
      "team": 33
    }
  }, 
  {
    "pk": 89, 
    "model": "debate.speaker", 
    "fields": {
      "name": "Auckland 15 (Auckland) 2", 
      "team": 33
    }
  }, 
  {
    "pk": 90, 
    "model": "debate.speaker", 
    "fields": {
      "name": "Auckland 15 (Auckland) 3", 
      "team": 33
    }
  }, 
  {
    "pk": 1, 
    "model": "debate.adjudicator", 
    "fields": {
      "test_score": 0.0, 
      "name": "AA1", 
      "institution": 4
    }
  }, 
  {
    "pk": 2, 
    "model": "debate.adjudicator", 
    "fields": {
      "test_score": 0.0, 
      "name": "AA2", 
      "institution": 4
    }
  }, 
  {
    "pk": 3, 
    "model": "debate.adjudicator", 
    "fields": {
      "test_score": 0.0, 
      "name": "AA3", 
      "institution": 4
    }
  }, 
  {
    "pk": 4, 
    "model": "debate.adjudicator", 
    "fields": {
      "test_score": 0.0, 
      "name": "AA4", 
      "institution": 4
    }
  }, 
  {
    "pk": 5, 
    "model": "debate.adjudicator", 
    "fields": {
      "test_score": 0.0, 
      "name": "AA5", 
      "institution": 4
    }
  }, 
  {
    "pk": 6, 
    "model": "debate.adjudicator", 
    "fields": {
      "test_score": 0.0, 
      "name": "AA6", 
      "institution": 4
    }
  }, 
  {
    "pk": 7, 
    "model": "debate.adjudicator", 
    "fields": {
      "test_score": 0.0, 
      "name": "AA7", 
      "institution": 4
    }
  }, 
  {
    "pk": 8, 
    "model": "debate.adjudicator", 
    "fields": {
      "test_score": 0.0, 
      "name": "AA8", 
      "institution": 4
    }
  }, 
  {
    "pk": 9, 
    "model": "debate.adjudicator", 
    "fields": {
      "test_score": 0.0, 
      "name": "AA9", 
      "institution": 4
    }
  }, 
  {
    "pk": 10, 
    "model": "debate.adjudicator", 
    "fields": {
      "test_score": 0.0, 
      "name": "AA10", 
      "institution": 4
    }
  }, 
  {
    "pk": 11, 
    "model": "debate.adjudicator", 
    "fields": {
      "test_score": 0.0, 
      "name": "VV1", 
      "institution": 1
    }
  }, 
  {
    "pk": 12, 
    "model": "debate.adjudicator", 
    "fields": {
      "test_score": 0.0, 
      "name": "VV2", 
      "institution": 1
    }
  }, 
  {
    "pk": 13, 
    "model": "debate.adjudicator", 
    "fields": {
      "test_score": 0.0, 
      "name": "VV3", 
      "institution": 1
    }
  }, 
  {
    "pk": 14, 
    "model": "debate.adjudicator", 
    "fields": {
      "test_score": 0.0, 
      "name": "VV4", 
      "institution": 1
    }
  }, 
  {
    "pk": 15, 
    "model": "debate.adjudicator", 
    "fields": {
      "test_score": 0.0, 
      "name": "VV5", 
      "institution": 1
    }
  }, 
  {
    "pk": 1, 
    "model": "debate.round", 
    "fields": {
      "draw_status": 10, 
      "name": "Round 1", 
      "seq": 1, 
      "tournament": 1, 
      "venue_status": 0, 
      "adjudicator_status": 0, 
      "feedback_weight": 1.0, 
      "type": "R"
    }
  }, 
  {
    "pk": 2, 
    "model": "debate.round", 
    "fields": {
      "draw_status": 0, 
      "name": "Round 2", 
      "seq": 2, 
      "tournament": 1, 
      "venue_status": 0, 
      "adjudicator_status": 0, 
      "feedback_weight": 1.0, 
      "type": "P"
    }
  }, 
  {
    "pk": 3, 
    "model": "debate.round", 
    "fields": {
      "draw_status": 0, 
      "name": "Round 3", 
      "seq": 3, 
      "tournament": 1, 
      "venue_status": 0, 
      "adjudicator_status": 0, 
      "feedback_weight": 1.0, 
      "type": "P"
    }
  }, 
  {
    "pk": 4, 
    "model": "debate.round", 
    "fields": {
      "draw_status": 0, 
      "name": "Round 4", 
      "seq": 4, 
      "tournament": 1, 
      "venue_status": 0, 
      "adjudicator_status": 0, 
      "feedback_weight": 1.0, 
      "type": "P"
    }
  }, 
  {
    "pk": 1, 
    "model": "debate.venue", 
    "fields": {
      "priority": 1, 
      "tournament": 1, 
      "name": "LAWG02"
    }
  }, 
  {
    "pk": 2, 
    "model": "debate.venue", 
    "fields": {
      "priority": 1, 
      "tournament": 1, 
      "name": "LAWG03"
    }
  }, 
  {
    "pk": 3, 
    "model": "debate.venue", 
    "fields": {
      "priority": 1, 
      "tournament": 1, 
      "name": "LAWG04"
    }
  }, 
  {
    "pk": 4, 
    "model": "debate.venue", 
    "fields": {
      "priority": 1, 
      "tournament": 1, 
      "name": "LAIN.B.02"
    }
  }, 
  {
    "pk": 5, 
    "model": "debate.venue", 
    "fields": {
      "priority": 1, 
      "tournament": 1, 
      "name": "LAIN.B.03"
    }
  }, 
  {
    "pk": 6, 
    "model": "debate.venue", 
    "fields": {
      "priority": 1, 
      "tournament": 1, 
      "name": "LAIN.B.04"
    }
  }, 
  {
    "pk": 7, 
    "model": "debate.venue", 
    "fields": {
      "priority": 1, 
      "tournament": 1, 
      "name": "LAIN.B.05"
    }
  }, 
  {
    "pk": 8, 
    "model": "debate.venue", 
    "fields": {
      "priority": 1, 
      "tournament": 1, 
      "name": "LAIN.B.06"
    }
  }, 
  {
    "pk": 9, 
    "model": "debate.venue", 
    "fields": {
      "priority": 1, 
      "tournament": 1, 
      "name": "LAIN.B.24"
    }
  }, 
  {
    "pk": 10, 
    "model": "debate.venue", 
    "fields": {
      "priority": 1, 
      "tournament": 1, 
      "name": "LAIN.B.25"
    }
  }, 
  {
    "pk": 11, 
    "model": "debate.venue", 
    "fields": {
      "priority": 1, 
      "tournament": 1, 
      "name": "LAIN.B.26"
    }
  }, 
  {
    "pk": 12, 
    "model": "debate.venue", 
    "fields": {
      "priority": 1, 
      "tournament": 1, 
      "name": "LAIN.B.27"
    }
  }, 
  {
    "pk": 13, 
    "model": "debate.venue", 
    "fields": {
      "priority": 1, 
      "tournament": 1, 
      "name": "LAIN.B.28"
    }
  }, 
  {
    "pk": 14, 
    "model": "debate.venue", 
    "fields": {
      "priority": 1, 
      "tournament": 1, 
      "name": "LAIN.G.04"
    }
  }, 
  {
    "pk": 15, 
    "model": "debate.venue", 
    "fields": {
      "priority": 1, 
      "tournament": 1, 
      "name": "LAIN.G.05"
    }
  }, 
  {
    "pk": 1, 
    "model": "debate.activevenue", 
    "fields": {
      "venue": 1, 
      "round": 1
    }
  }, 
  {
    "pk": 2, 
    "model": "debate.activevenue", 
    "fields": {
      "venue": 2, 
      "round": 1
    }
  }, 
  {
    "pk": 3, 
    "model": "debate.activevenue", 
    "fields": {
      "venue": 3, 
      "round": 1
    }
  }, 
  {
    "pk": 4, 
    "model": "debate.activevenue", 
    "fields": {
      "venue": 4, 
      "round": 1
    }
  }, 
  {
    "pk": 5, 
    "model": "debate.activevenue", 
    "fields": {
      "venue": 5, 
      "round": 1
    }
  }, 
  {
    "pk": 6, 
    "model": "debate.activevenue", 
    "fields": {
      "venue": 6, 
      "round": 1
    }
  }, 
  {
    "pk": 7, 
    "model": "debate.activevenue", 
    "fields": {
      "venue": 7, 
      "round": 1
    }
  }, 
  {
    "pk": 8, 
    "model": "debate.activevenue", 
    "fields": {
      "venue": 8, 
      "round": 1
    }
  }, 
  {
    "pk": 9, 
    "model": "debate.activevenue", 
    "fields": {
      "venue": 9, 
      "round": 1
    }
  }, 
  {
    "pk": 10, 
    "model": "debate.activevenue", 
    "fields": {
      "venue": 10, 
      "round": 1
    }
  }, 
  {
    "pk": 11, 
    "model": "debate.activevenue", 
    "fields": {
      "venue": 11, 
      "round": 1
    }
  }, 
  {
    "pk": 12, 
    "model": "debate.activevenue", 
    "fields": {
      "venue": 12, 
      "round": 1
    }
  }, 
  {
    "pk": 13, 
    "model": "debate.activevenue", 
    "fields": {
      "venue": 13, 
      "round": 1
    }
  }, 
  {
    "pk": 14, 
    "model": "debate.activevenue", 
    "fields": {
      "venue": 14, 
      "round": 1
    }
  }, 
  {
    "pk": 15, 
    "model": "debate.activevenue", 
    "fields": {
      "venue": 15, 
      "round": 1
    }
  }, 
  {
    "pk": 1, 
    "model": "debate.activeteam", 
    "fields": {
      "round": 1, 
      "team": 1
    }
  }, 
  {
    "pk": 2, 
    "model": "debate.activeteam", 
    "fields": {
      "round": 1, 
      "team": 2
    }
  }, 
  {
    "pk": 3, 
    "model": "debate.activeteam", 
    "fields": {
      "round": 1, 
      "team": 3
    }
  }, 
  {
    "pk": 4, 
    "model": "debate.activeteam", 
    "fields": {
      "round": 1, 
      "team": 4
    }
  }, 
  {
    "pk": 5, 
    "model": "debate.activeteam", 
    "fields": {
      "round": 1, 
      "team": 5
    }
  }, 
  {
    "pk": 6, 
    "model": "debate.activeteam", 
    "fields": {
      "round": 1, 
      "team": 6
    }
  }, 
  {
    "pk": 7, 
    "model": "debate.activeteam", 
    "fields": {
      "round": 1, 
      "team": 7
    }
  }, 
  {
    "pk": 8, 
    "model": "debate.activeteam", 
    "fields": {
      "round": 1, 
      "team": 8
    }
  }, 
  {
    "pk": 9, 
    "model": "debate.activeteam", 
    "fields": {
      "round": 1, 
      "team": 9
    }
  }, 
  {
    "pk": 10, 
    "model": "debate.activeteam", 
    "fields": {
      "round": 1, 
      "team": 10
    }
  }, 
  {
    "pk": 11, 
    "model": "debate.activeteam", 
    "fields": {
      "round": 1, 
      "team": 11
    }
  }, 
  {
    "pk": 12, 
    "model": "debate.activeteam", 
    "fields": {
      "round": 1, 
      "team": 12
    }
  }, 
  {
    "pk": 13, 
    "model": "debate.activeteam", 
    "fields": {
      "round": 1, 
      "team": 13
    }
  }, 
  {
    "pk": 14, 
    "model": "debate.activeteam", 
    "fields": {
      "round": 1, 
      "team": 14
    }
  }, 
  {
    "pk": 15, 
    "model": "debate.activeteam", 
    "fields": {
      "round": 1, 
      "team": 15
    }
  }, 
  {
    "pk": 16, 
    "model": "debate.activeteam", 
    "fields": {
      "round": 1, 
      "team": 16
    }
  }, 
  {
    "pk": 17, 
    "model": "debate.activeteam", 
    "fields": {
      "round": 1, 
      "team": 17
    }
  }, 
  {
    "pk": 18, 
    "model": "debate.activeteam", 
    "fields": {
      "round": 1, 
      "team": 18
    }
  }, 
  {
    "pk": 19, 
    "model": "debate.activeteam", 
    "fields": {
      "round": 1, 
      "team": 19
    }
  }, 
  {
    "pk": 20, 
    "model": "debate.activeteam", 
    "fields": {
      "round": 1, 
      "team": 20
    }
  }, 
  {
    "pk": 21, 
    "model": "debate.activeteam", 
    "fields": {
      "round": 1, 
      "team": 21
    }
  }, 
  {
    "pk": 22, 
    "model": "debate.activeteam", 
    "fields": {
      "round": 1, 
      "team": 22
    }
  }, 
  {
    "pk": 23, 
    "model": "debate.activeteam", 
    "fields": {
      "round": 1, 
      "team": 23
    }
  }, 
  {
    "pk": 26, 
    "model": "debate.activeteam", 
    "fields": {
      "round": 1, 
      "team": 26
    }
  }, 
  {
    "pk": 27, 
    "model": "debate.activeteam", 
    "fields": {
      "round": 1, 
      "team": 27
    }
  }, 
  {
    "pk": 28, 
    "model": "debate.activeteam", 
    "fields": {
      "round": 1, 
      "team": 28
    }
  }, 
  {
    "pk": 29, 
    "model": "debate.activeteam", 
    "fields": {
      "round": 1, 
      "team": 29
    }
  }, 
  {
    "pk": 31, 
    "model": "debate.activeteam", 
    "fields": {
      "round": 1, 
      "team": 33
    }
  }, 
  {
    "pk": 32, 
    "model": "debate.activeteam", 
    "fields": {
      "round": 1, 
      "team": 31
    }
  }, 
  {
    "pk": 33, 
    "model": "debate.activeteam", 
    "fields": {
      "round": 1, 
      "team": 30
    }
  }, 
  {
    "pk": 1, 
    "model": "debate.activeadjudicator", 
    "fields": {
      "adjudicator": 1, 
      "round": 1
    }
  }, 
  {
    "pk": 2, 
    "model": "debate.activeadjudicator", 
    "fields": {
      "adjudicator": 2, 
      "round": 1
    }
  }, 
  {
    "pk": 3, 
    "model": "debate.activeadjudicator", 
    "fields": {
      "adjudicator": 3, 
      "round": 1
    }
  }, 
  {
    "pk": 4, 
    "model": "debate.activeadjudicator", 
    "fields": {
      "adjudicator": 4, 
      "round": 1
    }
  }, 
  {
    "pk": 5, 
    "model": "debate.activeadjudicator", 
    "fields": {
      "adjudicator": 5, 
      "round": 1
    }
  }, 
  {
    "pk": 6, 
    "model": "debate.activeadjudicator", 
    "fields": {
      "adjudicator": 6, 
      "round": 1
    }
  }, 
  {
    "pk": 7, 
    "model": "debate.activeadjudicator", 
    "fields": {
      "adjudicator": 7, 
      "round": 1
    }
  }, 
  {
    "pk": 8, 
    "model": "debate.activeadjudicator", 
    "fields": {
      "adjudicator": 8, 
      "round": 1
    }
  }, 
  {
    "pk": 9, 
    "model": "debate.activeadjudicator", 
    "fields": {
      "adjudicator": 9, 
      "round": 1
    }
  }, 
  {
    "pk": 10, 
    "model": "debate.activeadjudicator", 
    "fields": {
      "adjudicator": 10, 
      "round": 1
    }
  }, 
  {
    "pk": 11, 
    "model": "debate.activeadjudicator", 
    "fields": {
      "adjudicator": 11, 
      "round": 1
    }
  }, 
  {
    "pk": 12, 
    "model": "debate.activeadjudicator", 
    "fields": {
      "adjudicator": 12, 
      "round": 1
    }
  }, 
  {
    "pk": 13, 
    "model": "debate.activeadjudicator", 
    "fields": {
      "adjudicator": 13, 
      "round": 1
    }
  }, 
  {
    "pk": 14, 
    "model": "debate.activeadjudicator", 
    "fields": {
      "adjudicator": 14, 
      "round": 1
    }
  }, 
  {
    "pk": 15, 
    "model": "debate.activeadjudicator", 
    "fields": {
      "adjudicator": 15, 
      "round": 1
    }
  }, 
  {
    "pk": 1, 
    "model": "debate.debate", 
    "fields": {
      "importance": null, 
      "result_status": "N", 
      "bracket": 0, 
      "venue": 8, 
      "round": 1
    }
  }, 
  {
    "pk": 2, 
    "model": "debate.debate", 
    "fields": {
      "importance": null, 
      "result_status": "N", 
      "bracket": 0, 
      "venue": 7, 
      "round": 1
    }
  }, 
  {
    "pk": 3, 
    "model": "debate.debate", 
    "fields": {
      "importance": null, 
      "result_status": "N", 
      "bracket": 0, 
      "venue": 14, 
      "round": 1
    }
  }, 
  {
    "pk": 4, 
    "model": "debate.debate", 
    "fields": {
      "importance": null, 
      "result_status": "N", 
      "bracket": 0, 
      "venue": 10, 
      "round": 1
    }
  }, 
  {
    "pk": 5, 
    "model": "debate.debate", 
    "fields": {
      "importance": null, 
      "result_status": "N", 
      "bracket": 0, 
      "venue": 3, 
      "round": 1
    }
  }, 
  {
    "pk": 6, 
    "model": "debate.debate", 
    "fields": {
      "importance": null, 
      "result_status": "N", 
      "bracket": 0, 
      "venue": 5, 
      "round": 1
    }
  }, 
  {
    "pk": 7, 
    "model": "debate.debate", 
    "fields": {
      "importance": null, 
      "result_status": "N", 
      "bracket": 0, 
      "venue": 11, 
      "round": 1
    }
  }, 
  {
    "pk": 8, 
    "model": "debate.debate", 
    "fields": {
      "importance": null, 
      "result_status": "N", 
      "bracket": 0, 
      "venue": 12, 
      "round": 1
    }
  }, 
  {
    "pk": 9, 
    "model": "debate.debate", 
    "fields": {
      "importance": null, 
      "result_status": "N", 
      "bracket": 0, 
      "venue": 2, 
      "round": 1
    }
  }, 
  {
    "pk": 10, 
    "model": "debate.debate", 
    "fields": {
      "importance": null, 
      "result_status": "N", 
      "bracket": 0, 
      "venue": 13, 
      "round": 1
    }
  }, 
  {
    "pk": 11, 
    "model": "debate.debate", 
    "fields": {
      "importance": null, 
      "result_status": "N", 
      "bracket": 0, 
      "venue": 4, 
      "round": 1
    }
  }, 
  {
    "pk": 12, 
    "model": "debate.debate", 
    "fields": {
      "importance": null, 
      "result_status": "N", 
      "bracket": 0, 
      "venue": 9, 
      "round": 1
    }
  }, 
  {
    "pk": 13, 
    "model": "debate.debate", 
    "fields": {
      "importance": null, 
      "result_status": "N", 
      "bracket": 0, 
      "venue": 15, 
      "round": 1
    }
  }, 
  {
    "pk": 14, 
    "model": "debate.debate", 
    "fields": {
      "importance": null, 
      "result_status": "N", 
      "bracket": 0, 
      "venue": 6, 
      "round": 1
    }
  }, 
  {
    "pk": 15, 
    "model": "debate.debate", 
    "fields": {
      "importance": null, 
      "result_status": "N", 
      "bracket": 0, 
      "venue": 1, 
      "round": 1
    }
  }, 
  {
    "pk": 1, 
    "model": "debate.debateteam", 
    "fields": {
      "position": "A", 
      "debate": 1, 
      "team": 8
    }
  }, 
  {
    "pk": 2, 
    "model": "debate.debateteam", 
    "fields": {
      "position": "N", 
      "debate": 1, 
      "team": 14
    }
  }, 
  {
    "pk": 3, 
    "model": "debate.debateteam", 
    "fields": {
      "position": "A", 
      "debate": 2, 
      "team": 20
    }
  }, 
  {
    "pk": 4, 
    "model": "debate.debateteam", 
    "fields": {
      "position": "N", 
      "debate": 2, 
      "team": 30
    }
  }, 
  {
    "pk": 5, 
    "model": "debate.debateteam", 
    "fields": {
      "position": "A", 
      "debate": 3, 
      "team": 18
    }
  }, 
  {
    "pk": 6, 
    "model": "debate.debateteam", 
    "fields": {
      "position": "N", 
      "debate": 3, 
      "team": 26
    }
  }, 
  {
    "pk": 7, 
    "model": "debate.debateteam", 
    "fields": {
      "position": "A", 
      "debate": 4, 
      "team": 27
    }
  }, 
  {
    "pk": 8, 
    "model": "debate.debateteam", 
    "fields": {
      "position": "N", 
      "debate": 4, 
      "team": 17
    }
  }, 
  {
    "pk": 9, 
    "model": "debate.debateteam", 
    "fields": {
      "position": "A", 
      "debate": 5, 
      "team": 1
    }
  }, 
  {
    "pk": 10, 
    "model": "debate.debateteam", 
    "fields": {
      "position": "N", 
      "debate": 5, 
      "team": 13
    }
  }, 
  {
    "pk": 11, 
    "model": "debate.debateteam", 
    "fields": {
      "position": "A", 
      "debate": 6, 
      "team": 2
    }
  }, 
  {
    "pk": 12, 
    "model": "debate.debateteam", 
    "fields": {
      "position": "N", 
      "debate": 6, 
      "team": 16
    }
  }, 
  {
    "pk": 13, 
    "model": "debate.debateteam", 
    "fields": {
      "position": "A", 
      "debate": 7, 
      "team": 15
    }
  }, 
  {
    "pk": 14, 
    "model": "debate.debateteam", 
    "fields": {
      "position": "N", 
      "debate": 7, 
      "team": 33
    }
  }, 
  {
    "pk": 15, 
    "model": "debate.debateteam", 
    "fields": {
      "position": "A", 
      "debate": 8, 
      "team": 23
    }
  }, 
  {
    "pk": 16, 
    "model": "debate.debateteam", 
    "fields": {
      "position": "N", 
      "debate": 8, 
      "team": 3
    }
  }, 
  {
    "pk": 17, 
    "model": "debate.debateteam", 
    "fields": {
      "position": "A", 
      "debate": 9, 
      "team": 5
    }
  }, 
  {
    "pk": 18, 
    "model": "debate.debateteam", 
    "fields": {
      "position": "N", 
      "debate": 9, 
      "team": 11
    }
  }, 
  {
    "pk": 19, 
    "model": "debate.debateteam", 
    "fields": {
      "position": "A", 
      "debate": 10, 
      "team": 6
    }
  }, 
  {
    "pk": 20, 
    "model": "debate.debateteam", 
    "fields": {
      "position": "N", 
      "debate": 10, 
      "team": 21
    }
  }, 
  {
    "pk": 21, 
    "model": "debate.debateteam", 
    "fields": {
      "position": "A", 
      "debate": 11, 
      "team": 22
    }
  }, 
  {
    "pk": 22, 
    "model": "debate.debateteam", 
    "fields": {
      "position": "N", 
      "debate": 11, 
      "team": 9
    }
  }, 
  {
    "pk": 23, 
    "model": "debate.debateteam", 
    "fields": {
      "position": "A", 
      "debate": 12, 
      "team": 29
    }
  }, 
  {
    "pk": 24, 
    "model": "debate.debateteam", 
    "fields": {
      "position": "N", 
      "debate": 12, 
      "team": 4
    }
  }, 
  {
    "pk": 25, 
    "model": "debate.debateteam", 
    "fields": {
      "position": "A", 
      "debate": 13, 
      "team": 12
    }
  }, 
  {
    "pk": 26, 
    "model": "debate.debateteam", 
    "fields": {
      "position": "N", 
      "debate": 13, 
      "team": 31
    }
  }, 
  {
    "pk": 27, 
    "model": "debate.debateteam", 
    "fields": {
      "position": "A", 
      "debate": 14, 
      "team": 19
    }
  }, 
  {
    "pk": 28, 
    "model": "debate.debateteam", 
    "fields": {
      "position": "N", 
      "debate": 14, 
      "team": 7
    }
  }, 
  {
    "pk": 29, 
    "model": "debate.debateteam", 
    "fields": {
      "position": "A", 
      "debate": 15, 
      "team": 28
    }
  }, 
  {
    "pk": 30, 
    "model": "debate.debateteam", 
    "fields": {
      "position": "N", 
      "debate": 15, 
      "team": 10
    }
  }
]
