[
{
    "model": "auth.user",
    "fields": {
        "password": "pbkdf2_sha256$36000$wFOqquX3FDvf$TGasQqB3vkbG7bo0kHDg4yCcM1nDV6z6eeLHU0A+gmI=",
        "last_login": null,
        "is_superuser": true,
        "username": "admin",
        "first_name": "",
        "last_name": "",
        "email": "",
        "is_staff": true,
        "is_active": true,
        "date_joined": "2017-09-07T18:36:20.997",
        "groups": [],
        "user_permissions": []
    }
},
{
    "model": "auth.user",
    "fields": {
        "password": "pbkdf2_sha256$36000$e2ojSOpXCWfk$qe+fMyFg+dfyxvJ0c0YtX7twXT+dPszDVbaw2vDz5rg=",
        "last_login": null,
        "is_superuser": false,
        "username": "random",
        "first_name": "",
        "last_name": "",
        "email": "",
        "is_staff": false,
        "is_active": true,
        "date_joined": "2017-09-07T18:36:34.295",
        "groups": [],
        "user_permissions": []
    }
},
{
    "model": "adjallocation.debateadjudicator",
    "pk": 1,
    "fields": {
        "debate": 7,
        "adjudicator": 93,
        "type": "C",
        "timing_confirmed": null
    }
},
{
    "model": "adjallocation.debateadjudicator",
    "pk": 2,
    "fields": {
        "debate": 7,
        "adjudicator": 84,
        "type": "T",
        "timing_confirmed": null
    }
},
{
    "model": "adjallocation.debateadjudicator",
    "pk": 3,
    "fields": {
        "debate": 3,
        "adjudicator": 80,
        "type": "C",
        "timing_confirmed": null
    }
},
{
    "model": "adjallocation.debateadjudicator",
    "pk": 4,
    "fields": {
        "debate": 3,
        "adjudicator": 76,
        "type": "T",
        "timing_confirmed": null
    }
},
{
    "model": "adjallocation.debateadjudicator",
    "pk": 5,
    "fields": {
        "debate": 11,
        "adjudicator": 88,
        "type": "C",
        "timing_confirmed": null
    }
},
{
    "model": "adjallocation.debateadjudicator",
    "pk": 6,
    "fields": {
        "debate": 11,
        "adjudicator": 91,
        "type": "T",
        "timing_confirmed": null
    }
},
{
    "model": "adjallocation.debateadjudicator",
    "pk": 7,
    "fields": {
        "debate": 1,
        "adjudicator": 73,
        "type": "C",
        "timing_confirmed": null
    }
},
{
    "model": "adjallocation.debateadjudicator",
    "pk": 8,
    "fields": {
        "debate": 1,
        "adjudicator": 86,
        "type": "T",
        "timing_confirmed": null
    }
},
{
    "model": "adjallocation.debateadjudicator",
    "pk": 9,
    "fields": {
        "debate": 5,
        "adjudicator": 74,
        "type": "C",
        "timing_confirmed": null
    }
},
{
    "model": "adjallocation.debateadjudicator",
    "pk": 10,
    "fields": {
        "debate": 5,
        "adjudicator": 82,
        "type": "T",
        "timing_confirmed": null
    }
},
{
    "model": "adjallocation.debateadjudicator",
    "pk": 11,
    "fields": {
        "debate": 6,
        "adjudicator": 75,
        "type": "C",
        "timing_confirmed": null
    }
},
{
    "model": "adjallocation.debateadjudicator",
    "pk": 12,
    "fields": {
        "debate": 6,
        "adjudicator": 85,
        "type": "T",
        "timing_confirmed": null
    }
},
{
    "model": "adjallocation.debateadjudicator",
    "pk": 13,
    "fields": {
        "debate": 9,
        "adjudicator": 79,
        "type": "C",
        "timing_confirmed": null
    }
},
{
    "model": "adjallocation.debateadjudicator",
    "pk": 14,
    "fields": {
        "debate": 4,
        "adjudicator": 81,
        "type": "C",
        "timing_confirmed": null
    }
},
{
    "model": "adjallocation.debateadjudicator",
    "pk": 15,
    "fields": {
        "debate": 4,
        "adjudicator": 92,
        "type": "T",
        "timing_confirmed": null
    }
},
{
    "model": "adjallocation.debateadjudicator",
    "pk": 16,
    "fields": {
        "debate": 8,
        "adjudicator": 99,
        "type": "C",
        "timing_confirmed": null
    }
},
{
    "model": "adjallocation.debateadjudicator",
    "pk": 17,
    "fields": {
        "debate": 8,
        "adjudicator": 77,
        "type": "T",
        "timing_confirmed": null
    }
},
{
    "model": "adjallocation.debateadjudicator",
    "pk": 18,
    "fields": {
        "debate": 12,
        "adjudicator": 95,
        "type": "C",
        "timing_confirmed": null
    }
},
{
    "model": "adjallocation.debateadjudicator",
    "pk": 19,
    "fields": {
        "debate": 12,
        "adjudicator": 90,
        "type": "P",
        "timing_confirmed": null
    }
},
{
    "model": "adjallocation.debateadjudicator",
    "pk": 20,
    "fields": {
        "debate": 12,
        "adjudicator": 94,
        "type": "P",
        "timing_confirmed": null
    }
},
{
    "model": "adjallocation.debateadjudicator",
    "pk": 21,
    "fields": {
        "debate": 10,
        "adjudicator": 83,
        "type": "C",
        "timing_confirmed": null
    }
},
{
    "model": "adjallocation.debateadjudicator",
    "pk": 22,
    "fields": {
        "debate": 10,
        "adjudicator": 78,
        "type": "P",
        "timing_confirmed": null
    }
},
{
    "model": "adjallocation.debateadjudicator",
    "pk": 23,
    "fields": {
        "debate": 10,
        "adjudicator": 89,
        "type": "P",
        "timing_confirmed": null
    }
},
{
    "model": "adjallocation.debateadjudicator",
    "pk": 24,
    "fields": {
        "debate": 2,
        "adjudicator": 97,
        "type": "C",
        "timing_confirmed": null
    }
},
{
    "model": "adjallocation.debateadjudicator",
    "pk": 25,
    "fields": {
        "debate": 2,
        "adjudicator": 98,
        "type": "P",
        "timing_confirmed": null
    }
},
{
    "model": "adjallocation.debateadjudicator",
    "pk": 26,
    "fields": {
        "debate": 2,
        "adjudicator": 96,
        "type": "P",
        "timing_confirmed": null
    }
},
{
    "model": "adjallocation.adjudicatorconflict",
    "pk": 1,
    "fields": {
        "adjudicator": 77,
        "team": 1
    }
},
{
    "model": "adjallocation.adjudicatorconflict",
    "pk": 2,
    "fields": {
        "adjudicator": 77,
        "team": 23
    }
},
{
    "model": "adjallocation.adjudicatorconflict",
    "pk": 3,
    "fields": {
        "adjudicator": 81,
        "team": 2
    }
},
{
    "model": "adjallocation.adjudicatorconflict",
    "pk": 4,
    "fields": {
        "adjudicator": 84,
        "team": 10
    }
},
{
    "model": "adjallocation.adjudicatorconflict",
    "pk": 5,
    "fields": {
        "adjudicator": 87,
        "team": 13
    }
},
{
    "model": "adjallocation.adjudicatorconflict",
    "pk": 6,
    "fields": {
        "adjudicator": 89,
        "team": 10
    }
},
{
    "model": "adjallocation.adjudicatorconflict",
    "pk": 7,
    "fields": {
        "adjudicator": 91,
        "team": 17
    }
},
{
    "model": "adjallocation.adjudicatorconflict",
    "pk": 8,
    "fields": {
        "adjudicator": 93,
        "team": 23
    }
},
{
    "model": "adjallocation.adjudicatoradjudicatorconflict",
    "pk": 1,
    "fields": {
        "adjudicator": 73,
        "conflict_adjudicator": 77
    }
},
{
    "model": "adjallocation.adjudicatoradjudicatorconflict",
    "pk": 2,
    "fields": {
        "adjudicator": 73,
        "conflict_adjudicator": 89
    }
},
{
    "model": "adjallocation.adjudicatoradjudicatorconflict",
    "pk": 3,
    "fields": {
        "adjudicator": 85,
        "conflict_adjudicator": 86
    }
},
{
    "model": "adjallocation.adjudicatoradjudicatorconflict",
    "pk": 4,
    "fields": {
        "adjudicator": 86,
        "conflict_adjudicator": 85
    }
},
{
    "model": "adjallocation.adjudicatoradjudicatorconflict",
    "pk": 5,
    "fields": {
        "adjudicator": 99,
        "conflict_adjudicator": 97
    }
},
{
    "model": "adjallocation.adjudicatorinstitutionconflict",
    "pk": 1,
    "fields": {
        "adjudicator": 73,
        "institution": 13
    }
},
{
    "model": "adjallocation.adjudicatorinstitutionconflict",
    "pk": 2,
    "fields": {
        "adjudicator": 74,
        "institution": 8
    }
},
{
    "model": "adjallocation.adjudicatorinstitutionconflict",
    "pk": 3,
    "fields": {
        "adjudicator": 75,
        "institution": 12
    }
},
{
    "model": "adjallocation.adjudicatorinstitutionconflict",
    "pk": 4,
    "fields": {
        "adjudicator": 76,
        "institution": 1
    }
},
{
    "model": "adjallocation.adjudicatorinstitutionconflict",
    "pk": 5,
    "fields": {
        "adjudicator": 77,
        "institution": 1
    }
},
{
    "model": "adjallocation.adjudicatorinstitutionconflict",
    "pk": 6,
    "fields": {
        "adjudicator": 78,
        "institution": 2
    }
},
{
    "model": "adjallocation.adjudicatorinstitutionconflict",
    "pk": 7,
    "fields": {
        "adjudicator": 79,
        "institution": 3
    }
},
{
    "model": "adjallocation.adjudicatorinstitutionconflict",
    "pk": 8,
    "fields": {
        "adjudicator": 80,
        "institution": 4
    }
},
{
    "model": "adjallocation.adjudicatorinstitutionconflict",
    "pk": 9,
    "fields": {
        "adjudicator": 81,
        "institution": 4
    }
},
{
    "model": "adjallocation.adjudicatorinstitutionconflict",
    "pk": 10,
    "fields": {
        "adjudicator": 82,
        "institution": 12
    }
},
{
    "model": "adjallocation.adjudicatorinstitutionconflict",
    "pk": 11,
    "fields": {
        "adjudicator": 83,
        "institution": 12
    }
},
{
    "model": "adjallocation.adjudicatorinstitutionconflict",
    "pk": 12,
    "fields": {
        "adjudicator": 84,
        "institution": 8
    }
},
{
    "model": "adjallocation.adjudicatorinstitutionconflict",
    "pk": 13,
    "fields": {
        "adjudicator": 85,
        "institution": 5
    }
},
{
    "model": "adjallocation.adjudicatorinstitutionconflict",
    "pk": 14,
    "fields": {
        "adjudicator": 86,
        "institution": 5
    }
},
{
    "model": "adjallocation.adjudicatorinstitutionconflict",
    "pk": 15,
    "fields": {
        "adjudicator": 87,
        "institution": 6
    }
},
{
    "model": "adjallocation.adjudicatorinstitutionconflict",
    "pk": 16,
    "fields": {
        "adjudicator": 88,
        "institution": 6
    }
},
{
    "model": "adjallocation.adjudicatorinstitutionconflict",
    "pk": 17,
    "fields": {
        "adjudicator": 89,
        "institution": 7
    }
},
{
    "model": "adjallocation.adjudicatorinstitutionconflict",
    "pk": 18,
    "fields": {
        "adjudicator": 90,
        "institution": 7
    }
},
{
    "model": "adjallocation.adjudicatorinstitutionconflict",
    "pk": 19,
    "fields": {
        "adjudicator": 91,
        "institution": 8
    }
},
{
    "model": "adjallocation.adjudicatorinstitutionconflict",
    "pk": 20,
    "fields": {
        "adjudicator": 92,
        "institution": 8
    }
},
{
    "model": "adjallocation.adjudicatorinstitutionconflict",
    "pk": 21,
    "fields": {
        "adjudicator": 93,
        "institution": 9
    }
},
{
    "model": "adjallocation.adjudicatorinstitutionconflict",
    "pk": 22,
    "fields": {
        "adjudicator": 94,
        "institution": 10
    }
},
{
    "model": "adjallocation.adjudicatorinstitutionconflict",
    "pk": 23,
    "fields": {
        "adjudicator": 95,
        "institution": 10
    }
},
{
    "model": "adjallocation.adjudicatorinstitutionconflict",
    "pk": 24,
    "fields": {
        "adjudicator": 96,
        "institution": 11
    }
},
{
    "model": "adjallocation.adjudicatorinstitutionconflict",
    "pk": 25,
    "fields": {
        "adjudicator": 97,
        "institution": 13
    }
},
{
    "model": "adjallocation.adjudicatorinstitutionconflict",
    "pk": 26,
    "fields": {
        "adjudicator": 98,
        "institution": 13
    }
},
{
    "model": "adjallocation.adjudicatorinstitutionconflict",
    "pk": 27,
    "fields": {
        "adjudicator": 99,
        "institution": 5
    }
},
{
    "model": "adjallocation.adjudicatorinstitutionconflict",
    "pk": 28,
    "fields": {
        "adjudicator": 76,
        "institution": 7
    }
},
{
    "model": "adjallocation.adjudicatorinstitutionconflict",
    "pk": 29,
    "fields": {
        "adjudicator": 81,
        "institution": 12
    }
},
{
    "model": "adjallocation.adjudicatorinstitutionconflict",
    "pk": 30,
    "fields": {
        "adjudicator": 82,
        "institution": 4
    }
},
{
    "model": "adjallocation.adjudicatorinstitutionconflict",
    "pk": 31,
    "fields": {
        "adjudicator": 87,
        "institution": 3
    }
},
{
    "model": "adjallocation.adjudicatorinstitutionconflict",
    "pk": 32,
    "fields": {
        "adjudicator": 87,
        "institution": 11
    }
},
{
    "model": "adjallocation.adjudicatorinstitutionconflict",
    "pk": 33,
    "fields": {
        "adjudicator": 87,
        "institution": 13
    }
},
{
    "model": "adjallocation.adjudicatorinstitutionconflict",
    "pk": 34,
    "fields": {
        "adjudicator": 88,
        "institution": 9
    }
},
{
    "model": "adjallocation.adjudicatorinstitutionconflict",
    "pk": 35,
    "fields": {
        "adjudicator": 94,
        "institution": 5
    }
},
{
    "model": "adjallocation.adjudicatorinstitutionconflict",
    "pk": 36,
    "fields": {
        "adjudicator": 96,
        "institution": 8
    }
},
{
    "model": "adjfeedback.adjudicatortestscorehistory",
    "pk": 1,
    "fields": {
        "adjudicator": 73,
        "round": null,
        "score": 5.0,
        "timestamp": "2017-09-07T18:36:04.054"
    }
},
{
    "model": "adjfeedback.adjudicatortestscorehistory",
    "pk": 2,
    "fields": {
        "adjudicator": 74,
        "round": null,
        "score": 5.0,
        "timestamp": "2017-09-07T18:36:04.059"
    }
},
{
    "model": "adjfeedback.adjudicatortestscorehistory",
    "pk": 3,
    "fields": {
        "adjudicator": 75,
        "round": null,
        "score": 5.0,
        "timestamp": "2017-09-07T18:36:04.061"
    }
},
{
    "model": "adjfeedback.adjudicatortestscorehistory",
    "pk": 4,
    "fields": {
        "adjudicator": 76,
        "round": null,
        "score": 1.0,
        "timestamp": "2017-09-07T18:36:04.063"
    }
},
{
    "model": "adjfeedback.adjudicatortestscorehistory",
    "pk": 5,
    "fields": {
        "adjudicator": 78,
        "round": null,
        "score": 2.0,
        "timestamp": "2017-09-07T18:36:04.065"
    }
},
{
    "model": "adjfeedback.adjudicatortestscorehistory",
    "pk": 6,
    "fields": {
        "adjudicator": 79,
        "round": null,
        "score": 5.0,
        "timestamp": "2017-09-07T18:36:04.067"
    }
},
{
    "model": "adjfeedback.adjudicatortestscorehistory",
    "pk": 7,
    "fields": {
        "adjudicator": 80,
        "round": null,
        "score": 4.0,
        "timestamp": "2017-09-07T18:36:04.069"
    }
},
{
    "model": "adjfeedback.adjudicatortestscorehistory",
    "pk": 8,
    "fields": {
        "adjudicator": 81,
        "round": null,
        "score": 5.0,
        "timestamp": "2017-09-07T18:36:04.071"
    }
},
{
    "model": "adjfeedback.adjudicatortestscorehistory",
    "pk": 9,
    "fields": {
        "adjudicator": 83,
        "round": null,
        "score": 4.0,
        "timestamp": "2017-09-07T18:36:04.072"
    }
},
{
    "model": "adjfeedback.adjudicatortestscorehistory",
    "pk": 10,
    "fields": {
        "adjudicator": 84,
        "round": null,
        "score": 4.0,
        "timestamp": "2017-09-07T18:36:04.074"
    }
},
{
    "model": "adjfeedback.adjudicatortestscorehistory",
    "pk": 11,
    "fields": {
        "adjudicator": 85,
        "round": null,
        "score": 4.0,
        "timestamp": "2017-09-07T18:36:04.076"
    }
},
{
    "model": "adjfeedback.adjudicatortestscorehistory",
    "pk": 12,
    "fields": {
        "adjudicator": 86,
        "round": null,
        "score": 2.0,
        "timestamp": "2017-09-07T18:36:04.078"
    }
},
{
    "model": "adjfeedback.adjudicatortestscorehistory",
    "pk": 13,
    "fields": {
        "adjudicator": 87,
        "round": null,
        "score": 2.0,
        "timestamp": "2017-09-07T18:36:04.079"
    }
},
{
    "model": "adjfeedback.adjudicatortestscorehistory",
    "pk": 14,
    "fields": {
        "adjudicator": 88,
        "round": null,
        "score": 5.0,
        "timestamp": "2017-09-07T18:36:04.081"
    }
},
{
    "model": "adjfeedback.adjudicatortestscorehistory",
    "pk": 15,
    "fields": {
        "adjudicator": 89,
        "round": null,
        "score": 2.0,
        "timestamp": "2017-09-07T18:36:04.083"
    }
},
{
    "model": "adjfeedback.adjudicatortestscorehistory",
    "pk": 16,
    "fields": {
        "adjudicator": 90,
        "round": null,
        "score": 2.0,
        "timestamp": "2017-09-07T18:36:04.085"
    }
},
{
    "model": "adjfeedback.adjudicatortestscorehistory",
    "pk": 17,
    "fields": {
        "adjudicator": 91,
        "round": null,
        "score": 1.0,
        "timestamp": "2017-09-07T18:36:04.087"
    }
},
{
    "model": "adjfeedback.adjudicatortestscorehistory",
    "pk": 18,
    "fields": {
        "adjudicator": 93,
        "round": null,
        "score": 4.0,
        "timestamp": "2017-09-07T18:36:04.089"
    }
},
{
    "model": "adjfeedback.adjudicatortestscorehistory",
    "pk": 19,
    "fields": {
        "adjudicator": 94,
        "round": null,
        "score": 2.0,
        "timestamp": "2017-09-07T18:36:04.090"
    }
},
{
    "model": "adjfeedback.adjudicatortestscorehistory",
    "pk": 20,
    "fields": {
        "adjudicator": 95,
        "round": null,
        "score": 3.0,
        "timestamp": "2017-09-07T18:36:04.092"
    }
},
{
    "model": "adjfeedback.adjudicatortestscorehistory",
    "pk": 21,
    "fields": {
        "adjudicator": 96,
        "round": null,
        "score": 2.0,
        "timestamp": "2017-09-07T18:36:04.094"
    }
},
{
    "model": "adjfeedback.adjudicatortestscorehistory",
    "pk": 22,
    "fields": {
        "adjudicator": 97,
        "round": null,
        "score": 4.0,
        "timestamp": "2017-09-07T18:36:04.096"
    }
},
{
    "model": "adjfeedback.adjudicatortestscorehistory",
    "pk": 23,
    "fields": {
        "adjudicator": 98,
        "round": null,
        "score": 3.0,
        "timestamp": "2017-09-07T18:36:04.098"
    }
},
{
    "model": "adjfeedback.adjudicatortestscorehistory",
    "pk": 24,
    "fields": {
        "adjudicator": 99,
        "round": null,
        "score": 5.0,
        "timestamp": "2017-09-07T18:36:04.100"
    }
},
{
    "model": "adjfeedback.adjudicatorfeedbackquestion",
    "pk": 1,
    "fields": {
        "tournament": 1,
        "seq": 10,
        "text": "Did you agree with the decision?",
        "name": "Agree",
        "reference": "agree",
        "from_adj": false,
        "from_team": true,
        "answer_type": "bs",
        "required": true,
        "min_value": null,
        "max_value": null,
        "choices": ""
    }
},
{
    "model": "adjfeedback.adjudicatorfeedbackquestion",
    "pk": 2,
    "fields": {
        "tournament": 1,
        "seq": 11,
        "text": "Did this judge's decision concur with yours?",
        "name": "Concur",
        "reference": "concur",
        "from_adj": true,
        "from_team": false,
        "answer_type": "bs",
        "required": true,
        "min_value": null,
        "max_value": null,
        "choices": ""
    }
},
{
    "model": "adjfeedback.adjudicatorfeedbackquestion",
    "pk": 3,
    "fields": {
        "tournament": 1,
        "seq": 20,
        "text": "What adjustment should be applied to this judge's speaker scores?",
        "name": "Adjustment",
        "reference": "adjustment",
        "from_adj": true,
        "from_team": false,
        "answer_type": "f",
        "required": true,
        "min_value": -20.0,
        "max_value": 20.0,
        "choices": ""
    }
},
{
    "model": "adjfeedback.adjudicatorfeedbackquestion",
    "pk": 4,
    "fields": {
        "tournament": 1,
        "seq": 30,
        "text": "Choose one word to describe this adjudicator.",
        "name": "One word",
        "reference": "word",
        "from_adj": true,
        "from_team": true,
        "answer_type": "t",
        "required": true,
        "min_value": null,
        "max_value": null,
        "choices": ""
    }
},
{
    "model": "adjfeedback.adjudicatorfeedbackquestion",
    "pk": 5,
    "fields": {
        "tournament": 1,
        "seq": 40,
        "text": "Do you think this adjudicator should be promoted?",
        "name": "Promote",
        "reference": "promote",
        "from_adj": true,
        "from_team": true,
        "answer_type": "bc",
        "required": false,
        "min_value": null,
        "max_value": null,
        "choices": ""
    }
},
{
    "model": "adjfeedback.adjudicatorfeedbackquestion",
    "pk": 6,
    "fields": {
        "tournament": 1,
        "seq": 50,
        "text": "Do you think this adjudicator should be demoted?",
        "name": "Demote",
        "reference": "demote",
        "from_adj": true,
        "from_team": true,
        "answer_type": "bc",
        "required": false,
        "min_value": null,
        "max_value": null,
        "choices": ""
    }
},
{
    "model": "adjfeedback.adjudicatorfeedbackquestion",
    "pk": 7,
    "fields": {
        "tournament": 1,
        "seq": 60,
        "text": "How well was this adjudicator's reasoning explained?",
        "name": "Explanation",
        "reference": "explanation",
        "from_adj": true,
        "from_team": true,
        "answer_type": "is",
        "required": true,
        "min_value": 0.0,
        "max_value": 10.0,
        "choices": ""
    }
},
{
    "model": "adjfeedback.adjudicatorfeedbackquestion",
    "pk": 8,
    "fields": {
        "tournament": 1,
        "seq": 70,
        "text": "How impartial did you think this adjudicator was?",
        "name": "Impartial",
        "reference": "impartial",
        "from_adj": true,
        "from_team": true,
        "answer_type": "is",
        "required": true,
        "min_value": 0.0,
        "max_value": 10.0,
        "choices": ""
    }
},
{
    "model": "adjfeedback.adjudicatorfeedbackquestion",
    "pk": 9,
    "fields": {
        "tournament": 1,
        "seq": 80,
        "text": "Would you like to see this adjudicator again?",
        "name": "Again",
        "reference": "again",
        "from_adj": false,
        "from_team": true,
        "answer_type": "ss",
        "required": false,
        "min_value": null,
        "max_value": null,
        "choices": "Absolutely!//Sure, why not//If I have to//Please don't"
    }
},
{
    "model": "adjfeedback.adjudicatorfeedbackquestion",
    "pk": 10,
    "fields": {
        "tournament": 1,
        "seq": 90,
        "text": "How would you describe this adjudicator?",
        "name": "Adjectives",
        "reference": "adjectives",
        "from_adj": false,
        "from_team": true,
        "answer_type": "ms",
        "required": false,
        "min_value": null,
        "max_value": null,
        "choices": "biased//clear//concise//rambly//attentive//inattentive"
    }
},
{
    "model": "adjfeedback.adjudicatorfeedbackquestion",
    "pk": 11,
    "fields": {
        "tournament": 1,
        "seq": 1000,
        "text": "Other comments:",
        "name": "Comments",
        "reference": "comments",
        "from_adj": true,
        "from_team": true,
        "answer_type": "tl",
        "required": false,
        "min_value": null,
        "max_value": null,
        "choices": ""
    }
},
{
    "model": "breakqual.breakcategory",
    "pk": 1,
    "fields": {
        "tournament": 1,
        "name": "Open",
        "slug": "open",
        "seq": 10,
        "break_size": 8,
        "is_general": true,
        "priority": 30,
        "rule": "standard"
    }
},
{
    "model": "breakqual.breakcategory",
    "pk": 2,
    "fields": {
        "tournament": 1,
        "name": "ESL",
        "slug": "esl",
        "seq": 20,
        "break_size": 4,
        "is_general": false,
        "priority": 20,
        "rule": "standard"
    }
},
{
    "model": "breakqual.breakcategory",
    "pk": 3,
    "fields": {
        "tournament": 1,
        "name": "Novice",
        "slug": "novice",
        "seq": 30,
        "break_size": 2,
        "is_general": false,
        "priority": 10,
        "rule": "standard"
    }
},
{
    "model": "draw.debate",
    "pk": 1,
    "fields": {
        "round": 1,
        "venue": 12,
        "division": null,
        "bracket": 0.0,
        "room_rank": 0,
        "time": null,
        "flags": "",
        "importance": 0,
        "result_status": "C",
        "ballot_in": false,
        "sides_confirmed": true
    }
},
{
    "model": "draw.debate",
    "pk": 2,
    "fields": {
        "round": 1,
        "venue": 22,
        "division": null,
        "bracket": 0.0,
        "room_rank": 0,
        "time": null,
        "flags": "",
        "importance": 0,
        "result_status": "C",
        "ballot_in": false,
        "sides_confirmed": true
    }
},
{
    "model": "draw.debate",
    "pk": 3,
    "fields": {
        "round": 1,
        "venue": 11,
        "division": null,
        "bracket": 0.0,
        "room_rank": 0,
        "time": null,
        "flags": "",
        "importance": 0,
        "result_status": "C",
        "ballot_in": false,
        "sides_confirmed": true
    }
},
{
    "model": "draw.debate",
    "pk": 4,
    "fields": {
        "round": 1,
        "venue": 15,
        "division": null,
        "bracket": 0.0,
        "room_rank": 0,
        "time": null,
        "flags": "",
        "importance": 0,
        "result_status": "C",
        "ballot_in": false,
        "sides_confirmed": true
    }
},
{
    "model": "draw.debate",
    "pk": 5,
    "fields": {
        "round": 1,
        "venue": 18,
        "division": null,
        "bracket": 0.0,
        "room_rank": 0,
        "time": null,
        "flags": "",
        "importance": 0,
        "result_status": "C",
        "ballot_in": false,
        "sides_confirmed": true
    }
},
{
    "model": "draw.debate",
    "pk": 6,
    "fields": {
        "round": 1,
        "venue": 17,
        "division": null,
        "bracket": 0.0,
        "room_rank": 0,
        "time": null,
        "flags": "",
        "importance": 0,
        "result_status": "C",
        "ballot_in": false,
        "sides_confirmed": true
    }
},
{
    "model": "draw.debate",
    "pk": 7,
    "fields": {
        "round": 1,
        "venue": 13,
        "division": null,
        "bracket": 0.0,
        "room_rank": 0,
        "time": null,
        "flags": "",
        "importance": 0,
        "result_status": "C",
        "ballot_in": false,
        "sides_confirmed": true
    }
},
{
    "model": "draw.debate",
    "pk": 8,
    "fields": {
        "round": 1,
        "venue": 20,
        "division": null,
        "bracket": 0.0,
        "room_rank": 0,
        "time": null,
        "flags": "",
        "importance": 0,
        "result_status": "C",
        "ballot_in": false,
        "sides_confirmed": true
    }
},
{
    "model": "draw.debate",
    "pk": 9,
    "fields": {
        "round": 1,
        "venue": 16,
        "division": null,
        "bracket": 0.0,
        "room_rank": 0,
        "time": null,
        "flags": "",
        "importance": 0,
        "result_status": "C",
        "ballot_in": false,
        "sides_confirmed": true
    }
},
{
    "model": "draw.debate",
    "pk": 10,
    "fields": {
        "round": 1,
        "venue": 21,
        "division": null,
        "bracket": 0.0,
        "room_rank": 0,
        "time": null,
        "flags": "",
        "importance": 0,
        "result_status": "C",
        "ballot_in": false,
        "sides_confirmed": true
    }
},
{
    "model": "draw.debate",
    "pk": 11,
    "fields": {
        "round": 1,
        "venue": 14,
        "division": null,
        "bracket": 0.0,
        "room_rank": 0,
        "time": null,
        "flags": "",
        "importance": 0,
        "result_status": "C",
        "ballot_in": false,
        "sides_confirmed": true
    }
},
{
    "model": "draw.debate",
    "pk": 12,
    "fields": {
        "round": 1,
        "venue": 19,
        "division": null,
        "bracket": 0.0,
        "room_rank": 0,
        "time": null,
        "flags": "",
        "importance": 0,
        "result_status": "C",
        "ballot_in": false,
        "sides_confirmed": true
    }
},
{
    "model": "draw.debateteam",
    "pk": 1,
    "fields": {
        "debate": 1,
        "team": 12,
        "side": "aff",
        "flags": ""
    }
},
{
    "model": "draw.debateteam",
    "pk": 2,
    "fields": {
        "debate": 1,
        "team": 18,
        "side": "neg",
        "flags": ""
    }
},
{
    "model": "draw.debateteam",
    "pk": 3,
    "fields": {
        "debate": 2,
        "team": 4,
        "side": "aff",
        "flags": ""
    }
},
{
    "model": "draw.debateteam",
    "pk": 4,
    "fields": {
        "debate": 2,
        "team": 17,
        "side": "neg",
        "flags": ""
    }
},
{
    "model": "draw.debateteam",
    "pk": 5,
    "fields": {
        "debate": 3,
        "team": 16,
        "side": "aff",
        "flags": ""
    }
},
{
    "model": "draw.debateteam",
    "pk": 6,
    "fields": {
        "debate": 3,
        "team": 13,
        "side": "neg",
        "flags": ""
    }
},
{
    "model": "draw.debateteam",
    "pk": 7,
    "fields": {
        "debate": 4,
        "team": 20,
        "side": "aff",
        "flags": ""
    }
},
{
    "model": "draw.debateteam",
    "pk": 8,
    "fields": {
        "debate": 4,
        "team": 1,
        "side": "neg",
        "flags": ""
    }
},
{
    "model": "draw.debateteam",
    "pk": 9,
    "fields": {
        "debate": 5,
        "team": 3,
        "side": "aff",
        "flags": ""
    }
},
{
    "model": "draw.debateteam",
    "pk": 10,
    "fields": {
        "debate": 5,
        "team": 8,
        "side": "neg",
        "flags": ""
    }
},
{
    "model": "draw.debateteam",
    "pk": 11,
    "fields": {
        "debate": 6,
        "team": 9,
        "side": "aff",
        "flags": ""
    }
},
{
    "model": "draw.debateteam",
    "pk": 12,
    "fields": {
        "debate": 6,
        "team": 23,
        "side": "neg",
        "flags": ""
    }
},
{
    "model": "draw.debateteam",
    "pk": 13,
    "fields": {
        "debate": 7,
        "team": 11,
        "side": "aff",
        "flags": ""
    }
},
{
    "model": "draw.debateteam",
    "pk": 14,
    "fields": {
        "debate": 7,
        "team": 19,
        "side": "neg",
        "flags": ""
    }
},
{
    "model": "draw.debateteam",
    "pk": 15,
    "fields": {
        "debate": 8,
        "team": 7,
        "side": "aff",
        "flags": ""
    }
},
{
    "model": "draw.debateteam",
    "pk": 16,
    "fields": {
        "debate": 8,
        "team": 22,
        "side": "neg",
        "flags": ""
    }
},
{
    "model": "draw.debateteam",
    "pk": 17,
    "fields": {
        "debate": 9,
        "team": 2,
        "side": "aff",
        "flags": ""
    }
},
{
    "model": "draw.debateteam",
    "pk": 18,
    "fields": {
        "debate": 9,
        "team": 10,
        "side": "neg",
        "flags": ""
    }
},
{
    "model": "draw.debateteam",
    "pk": 19,
    "fields": {
        "debate": 10,
        "team": 24,
        "side": "aff",
        "flags": ""
    }
},
{
    "model": "draw.debateteam",
    "pk": 20,
    "fields": {
        "debate": 10,
        "team": 14,
        "side": "neg",
        "flags": ""
    }
},
{
    "model": "draw.debateteam",
    "pk": 21,
    "fields": {
        "debate": 11,
        "team": 6,
        "side": "aff",
        "flags": ""
    }
},
{
    "model": "draw.debateteam",
    "pk": 22,
    "fields": {
        "debate": 11,
        "team": 21,
        "side": "neg",
        "flags": ""
    }
},
{
    "model": "draw.debateteam",
    "pk": 23,
    "fields": {
        "debate": 12,
        "team": 5,
        "side": "aff",
        "flags": ""
    }
},
{
    "model": "draw.debateteam",
    "pk": 24,
    "fields": {
        "debate": 12,
        "team": 15,
        "side": "neg",
        "flags": ""
    }
},
{
    "model": "motions.motion",
    "pk": 1,
    "fields": {
        "seq": 1,
        "text": "This House would abolish national days",
        "reference": "National days",
        "flagged": false,
        "round": 1,
        "divisions": []
    }
},
{
    "model": "motions.motion",
    "pk": 2,
    "fields": {
        "seq": 2,
        "text": "This House regrets the existence of Valentine's Day",
        "reference": "Valentine\u2019s Day",
        "flagged": false,
        "round": 1,
        "divisions": []
    }
},
{
    "model": "motions.motion",
    "pk": 3,
    "fields": {
        "seq": 3,
        "text": "This House would rename Christmas with a name that is religiously neutral",
        "reference": "Christmas",
        "flagged": false,
        "round": 1,
        "divisions": []
    }
},
{
    "model": "motions.motion",
    "pk": 4,
    "fields": {
        "seq": 1,
        "text": "This House would not buy Apple",
        "reference": "Apple",
        "flagged": false,
        "round": 2,
        "divisions": []
    }
},
{
    "model": "motions.motion",
    "pk": 5,
    "fields": {
        "seq": 2,
        "text": "This House would end all research and development tax credits for highly profitable technology companies",
        "reference": "R&D tax credit",
        "flagged": false,
        "round": 2,
        "divisions": []
    }
},
{
    "model": "motions.motion",
    "pk": 6,
    "fields": {
        "seq": 3,
        "text": "This House regrets the rise of computer science at the expense of the humanities",
        "reference": "Computer science",
        "flagged": false,
        "round": 2,
        "divisions": []
    }
},
{
    "model": "motions.motion",
    "pk": 7,
    "fields": {
        "seq": 1,
        "text": "This House would favour creativity over intelligence",
        "reference": "Creativity and intelligence",
        "flagged": false,
        "round": 3,
        "divisions": []
    }
},
{
    "model": "motions.motion",
    "pk": 8,
    "fields": {
        "seq": 2,
        "text": "This House believes that field hockey is better than ice hockey",
        "reference": "Hockey",
        "flagged": false,
        "round": 3,
        "divisions": []
    }
},
{
    "model": "motions.motion",
    "pk": 9,
    "fields": {
        "seq": 3,
        "text": "This House would rather play with Lego than Barbie",
        "reference": "Lego and Barbie",
        "flagged": false,
        "round": 3,
        "divisions": []
    }
},
{
    "model": "motions.motion",
    "pk": 10,
    "fields": {
        "seq": 1,
        "text": "This House would stop importing bananas from Latin America",
        "reference": "Bananas",
        "flagged": false,
        "round": 4,
        "divisions": []
    }
},
{
    "model": "motions.motion",
    "pk": 11,
    "fields": {
        "seq": 2,
        "text": "This House believes that tomatoes are a fruit",
        "reference": "Tomatoes",
        "flagged": false,
        "round": 4,
        "divisions": []
    }
},
{
    "model": "motions.motion",
    "pk": 12,
    "fields": {
        "seq": 3,
        "text": "This House would require all fruit to carry labels noting what pesticides are used on them",
        "reference": "Pesticide labelling",
        "flagged": false,
        "round": 4,
        "divisions": []
    }
},
{
    "model": "motions.motion",
    "pk": 13,
    "fields": {
        "seq": 1,
        "text": "This House would make an exception to laws forbidding indecent exposure for days with hot temperatures",
        "reference": "Indecent exposure",
        "flagged": false,
        "round": 7,
        "divisions": []
    }
},
{
    "model": "motions.motion",
    "pk": 14,
    "fields": {
        "seq": 2,
        "text": "This House regrets the development of different fashion lines for men and women",
        "reference": "Gender and fashion",
        "flagged": false,
        "round": 7,
        "divisions": []
    }
},
{
    "model": "motions.motion",
    "pk": 15,
    "fields": {
        "seq": 3,
        "text": "This House believes that it is unprofessional to wear flip-flops (jandals, thongs) to work",
        "reference": "Flip-flops",
        "flagged": false,
        "round": 7,
        "divisions": []
    }
},
{
    "model": "motions.motion",
    "pk": 16,
    "fields": {
        "seq": 1,
        "text": "This House would stop using cash",
        "reference": "Cash",
        "flagged": false,
        "round": 10,
        "divisions": []
    }
},
{
    "model": "motions.motion",
    "pk": 17,
    "fields": {
        "seq": 2,
        "text": "This House supports Bitcoin",
        "reference": "Bitcoin",
        "flagged": false,
        "round": 10,
        "divisions": []
    }
},
{
    "model": "motions.motion",
    "pk": 18,
    "fields": {
        "seq": 3,
        "text": "This House would allow private organisations to compete in providing currency",
        "reference": "Private currency",
        "flagged": false,
        "round": 10,
        "divisions": []
    }
},
{
    "model": "participants.region",
    "pk": 1,
    "fields": {
        "name": "NY"
    }
},
{
    "model": "participants.region",
    "pk": 2,
    "fields": {
        "name": "MA"
    }
},
{
    "model": "participants.region",
    "pk": 3,
    "fields": {
        "name": "MD"
    }
},
{
    "model": "participants.region",
    "pk": 4,
    "fields": {
        "name": "CT"
    }
},
{
    "model": "participants.region",
    "pk": 5,
    "fields": {
        "name": "PA"
    }
},
{
    "model": "participants.region",
    "pk": 6,
    "fields": {
        "name": "CA"
    }
},
{
    "model": "participants.region",
    "pk": 7,
    "fields": {
        "name": "Other"
    }
},
{
    "model": "participants.institution",
    "pk": 1,
    "fields": {
        "name": "California Institute of Technology",
        "code": "Caltech",
        "region": 6
    }
},
{
    "model": "participants.institution",
    "pk": 2,
    "fields": {
        "name": "Columbia University",
        "code": "Columbia",
        "region": 1
    }
},
{
    "model": "participants.institution",
    "pk": 3,
    "fields": {
        "name": "Cornell University",
        "code": "Cornell",
        "region": 1
    }
},
{
    "model": "participants.institution",
    "pk": 4,
    "fields": {
        "name": "Harvard University",
        "code": "Harvard",
        "region": 2
    }
},
{
    "model": "participants.institution",
    "pk": 5,
    "fields": {
        "name": "Johns Hopkins University",
        "code": "Johns Hopkins",
        "region": 3
    }
},
{
    "model": "participants.institution",
    "pk": 6,
    "fields": {
        "name": "Massachusetts Institute of Technology",
        "code": "MIT",
        "region": 2
    }
},
{
    "model": "participants.institution",
    "pk": 7,
    "fields": {
        "name": "Princeton University",
        "code": "Princeton",
        "region": null
    }
},
{
    "model": "participants.institution",
    "pk": 8,
    "fields": {
        "name": "Stanford University",
        "code": "Stanford",
        "region": 6
    }
},
{
    "model": "participants.institution",
    "pk": 9,
    "fields": {
        "name": "University of California, Berkeley",
        "code": "Berkeley",
        "region": 6
    }
},
{
    "model": "participants.institution",
    "pk": 10,
    "fields": {
        "name": "University of Chicago",
        "code": "Chicago",
        "region": null
    }
},
{
    "model": "participants.institution",
    "pk": 11,
    "fields": {
        "name": "University of Pennsylvania",
        "code": "Pennsylvania",
        "region": 5
    }
},
{
    "model": "participants.institution",
    "pk": 12,
    "fields": {
        "name": "University of Toronto",
        "code": "Toronto",
        "region": null
    }
},
{
    "model": "participants.institution",
    "pk": 13,
    "fields": {
        "name": "Yale University",
        "code": "Yale",
        "region": 4
    }
},
{
    "model": "participants.speakercategory",
    "pk": 1,
    "fields": {
        "tournament": 1,
        "name": "Novice",
        "slug": "novice",
        "seq": 3,
        "limit": 0,
        "public": true
    }
},
{
    "model": "participants.speakercategory",
    "pk": 2,
    "fields": {
        "tournament": 1,
        "name": "Pro",
        "slug": "pro",
        "seq": 4,
        "limit": 0,
        "public": false
    }
},
{
    "model": "participants.person",
    "pk": 1,
    "fields": {
        "name": "Georgia Crawford",
        "barcode_id": null,
        "email": "georgiacrawford@fakemail.com",
        "phone": "",
        "anonymous": false,
        "checkin_message": "",
        "notes": null,
        "gender": "F",
        "pronoun": "she"
    }
},
{
    "model": "participants.person",
    "pk": 2,
    "fields": {
        "name": "Wanda Griffin",
        "barcode_id": null,
        "email": "wandagriffin@fakemail.com",
        "phone": "",
        "anonymous": false,
        "checkin_message": "",
        "notes": null,
        "gender": "F",
        "pronoun": "she"
    }
},
{
    "model": "participants.person",
    "pk": 3,
    "fields": {
        "name": "Helen Keller",
        "barcode_id": null,
        "email": "helenkeller@fakemail.com",
        "phone": "",
        "anonymous": false,
        "checkin_message": "",
        "notes": null,
        "gender": "F",
        "pronoun": "she"
    }
},
{
    "model": "participants.person",
    "pk": 4,
    "fields": {
        "name": "Russell Warren",
        "barcode_id": null,
        "email": "russellwarren@fakemail.com",
        "phone": "",
        "anonymous": false,
        "checkin_message": "",
        "notes": null,
        "gender": "M",
        "pronoun": "he"
    }
},
{
    "model": "participants.person",
    "pk": 5,
    "fields": {
        "name": "Angel Rhodes",
        "barcode_id": null,
        "email": "angelrhodes@fakemail.com",
        "phone": "",
        "anonymous": false,
        "checkin_message": "",
        "notes": null,
        "gender": "",
        "pronoun": "they"
    }
},
{
    "model": "participants.person",
    "pk": 6,
    "fields": {
        "name": "Terry Henderson",
        "barcode_id": null,
        "email": "terryhenderson@fakemail.com",
        "phone": "",
        "anonymous": false,
        "checkin_message": "",
        "notes": null,
        "gender": "M",
        "pronoun": "he"
    }
},
{
    "model": "participants.person",
    "pk": 7,
    "fields": {
        "name": "Kyle Ruiz",
        "barcode_id": null,
        "email": "kyleruiz@fakemail.com",
        "phone": "",
        "anonymous": false,
        "checkin_message": "",
        "notes": null,
        "gender": "M",
        "pronoun": "he"
    }
},
{
    "model": "participants.person",
    "pk": 8,
    "fields": {
        "name": "Randolph Lambert",
        "barcode_id": null,
        "email": "randolphlambert@fakemail.com",
        "phone": "",
        "anonymous": false,
        "checkin_message": "",
        "notes": null,
        "gender": "M",
        "pronoun": ""
    }
},
{
    "model": "participants.person",
    "pk": 9,
    "fields": {
        "name": "Sergio Pittman",
        "barcode_id": null,
        "email": "sergiopittman@fakemail.com",
        "phone": "",
        "anonymous": false,
        "checkin_message": "",
        "notes": null,
        "gender": "M",
        "pronoun": "he"
    }
},
{
    "model": "participants.person",
    "pk": 10,
    "fields": {
        "name": "Earnest Becker",
        "barcode_id": null,
        "email": "earnestbecker@fakemail.com",
        "phone": "",
        "anonymous": false,
        "checkin_message": "",
        "notes": null,
        "gender": "M",
        "pronoun": "he"
    }
},
{
    "model": "participants.person",
    "pk": 11,
    "fields": {
        "name": "Ellis Rowe",
        "barcode_id": null,
        "email": "ellisrowe@fakemail.com",
        "phone": "",
        "anonymous": false,
        "checkin_message": "",
        "notes": null,
        "gender": "M",
        "pronoun": "he"
    }
},
{
    "model": "participants.person",
    "pk": 12,
    "fields": {
        "name": "Robin Roberson",
        "barcode_id": null,
        "email": "robinroberson@fakemail.com",
        "phone": "",
        "anonymous": false,
        "checkin_message": "",
        "notes": null,
        "gender": "M",
        "pronoun": "he"
    }
},
{
    "model": "participants.person",
    "pk": 13,
    "fields": {
        "name": "Gwen Newman",
        "barcode_id": null,
        "email": "gwennewman@fakemail.com",
        "phone": "",
        "anonymous": false,
        "checkin_message": "",
        "notes": null,
        "gender": "F",
        "pronoun": "she"
    }
},
{
    "model": "participants.person",
    "pk": 14,
    "fields": {
        "name": "Robyn Caldwell",
        "barcode_id": null,
        "email": "robyncaldwell@fakemail.com",
        "phone": "",
        "anonymous": false,
        "checkin_message": "",
        "notes": null,
        "gender": "F",
        "pronoun": ""
    }
},
{
    "model": "participants.person",
    "pk": 15,
    "fields": {
        "name": "Angie Holt",
        "barcode_id": null,
        "email": "angieholt@fakemail.com",
        "phone": "",
        "anonymous": false,
        "checkin_message": "",
        "notes": null,
        "gender": "F",
        "pronoun": "she"
    }
},
{
    "model": "participants.person",
    "pk": 16,
    "fields": {
        "name": "Melvin Jordan",
        "barcode_id": null,
        "email": "melvinjordan@fakemail.com",
        "phone": "",
        "anonymous": false,
        "checkin_message": "",
        "notes": null,
        "gender": "M",
        "pronoun": "he"
    }
},
{
    "model": "participants.person",
    "pk": 17,
    "fields": {
        "name": "Gladys Burke",
        "barcode_id": null,
        "email": "gladysburke@fakemail.com",
        "phone": "",
        "anonymous": false,
        "checkin_message": "",
        "notes": null,
        "gender": "F",
        "pronoun": ""
    }
},
{
    "model": "participants.person",
    "pk": 18,
    "fields": {
        "name": "Patty Saunders",
        "barcode_id": null,
        "email": "pattysaunders@fakemail.com",
        "phone": "",
        "anonymous": false,
        "checkin_message": "",
        "notes": null,
        "gender": "M",
        "pronoun": "he"
    }
},
{
    "model": "participants.person",
    "pk": 19,
    "fields": {
        "name": "Thomas Pierce",
        "barcode_id": null,
        "email": null,
        "phone": "",
        "anonymous": false,
        "checkin_message": "",
        "notes": null,
        "gender": "M",
        "pronoun": "he"
    }
},
{
    "model": "participants.person",
    "pk": 20,
    "fields": {
        "name": "Stella Lindsey",
        "barcode_id": null,
        "email": "stellalindsey@fakemail.com",
        "phone": "",
        "anonymous": false,
        "checkin_message": "",
        "notes": null,
        "gender": "F",
        "pronoun": "she"
    }
},
{
    "model": "participants.person",
    "pk": 21,
    "fields": {
        "name": "Adrian May",
        "barcode_id": null,
        "email": "adrianmay@fakemail.com",
        "phone": "",
        "anonymous": false,
        "checkin_message": "",
        "notes": null,
        "gender": "M",
        "pronoun": "he"
    }
},
{
    "model": "participants.person",
    "pk": 22,
    "fields": {
        "name": "Taylor Brown",
        "barcode_id": null,
        "email": "taylorbrown@fakemail.com",
        "phone": "",
        "anonymous": false,
        "checkin_message": "",
        "notes": null,
        "gender": "M",
        "pronoun": ""
    }
},
{
    "model": "participants.person",
    "pk": 23,
    "fields": {
        "name": "Bethany Chambers",
        "barcode_id": null,
        "email": "bethanychambers@fakemail.com",
        "phone": "",
        "anonymous": false,
        "checkin_message": "",
        "notes": null,
        "gender": "M",
        "pronoun": "he"
    }
},
{
    "model": "participants.person",
    "pk": 24,
    "fields": {
        "name": "Pamela Bryan",
        "barcode_id": null,
        "email": "pamelabryan@fakemail.com",
        "phone": "",
        "anonymous": false,
        "checkin_message": "",
        "notes": null,
        "gender": "F",
        "pronoun": "she"
    }
},
{
    "model": "participants.person",
    "pk": 25,
    "fields": {
        "name": "Janet Nunez",
        "barcode_id": null,
        "email": "janetnunez@fakemail.com",
        "phone": "",
        "anonymous": false,
        "checkin_message": "",
        "notes": null,
        "gender": "F",
        "pronoun": "she"
    }
},
{
    "model": "participants.person",
    "pk": 26,
    "fields": {
        "name": "Owen Chandler",
        "barcode_id": null,
        "email": "owenchandler@fakemail.com",
        "phone": "",
        "anonymous": false,
        "checkin_message": "",
        "notes": null,
        "gender": "M",
        "pronoun": ""
    }
},
{
    "model": "participants.person",
    "pk": 27,
    "fields": {
        "name": "Lillie Rodriquez",
        "barcode_id": null,
        "email": "lillierodriquez@fakemail.com",
        "phone": "",
        "anonymous": false,
        "checkin_message": "",
        "notes": null,
        "gender": "F",
        "pronoun": "she"
    }
},
{
    "model": "participants.person",
    "pk": 28,
    "fields": {
        "name": "Rufus Dennis",
        "barcode_id": null,
        "email": "rufusdennis@fakemail.com",
        "phone": "",
        "anonymous": false,
        "checkin_message": "",
        "notes": null,
        "gender": "M",
        "pronoun": "he"
    }
},
{
    "model": "participants.person",
    "pk": 29,
    "fields": {
        "name": "Marty Love",
        "barcode_id": null,
        "email": "martylove@fakemail.com",
        "phone": "",
        "anonymous": false,
        "checkin_message": "",
        "notes": null,
        "gender": "M",
        "pronoun": "he"
    }
},
{
    "model": "participants.person",
    "pk": 30,
    "fields": {
        "name": "Shelia Wright",
        "barcode_id": null,
        "email": "sheliawright@fakemail.com",
        "phone": "",
        "anonymous": false,
        "checkin_message": "",
        "notes": null,
        "gender": "F",
        "pronoun": "she"
    }
},
{
    "model": "participants.person",
    "pk": 31,
    "fields": {
        "name": "Clark Mills",
        "barcode_id": null,
        "email": "clarkmills@fakemail.com",
        "phone": "",
        "anonymous": false,
        "checkin_message": "",
        "notes": null,
        "gender": "M",
        "pronoun": "he"
    }
},
{
    "model": "participants.person",
    "pk": 32,
    "fields": {
        "name": "Randy Carroll",
        "barcode_id": null,
        "email": "randycarroll@fakemail.com",
        "phone": "",
        "anonymous": false,
        "checkin_message": "",
        "notes": null,
        "gender": "M",
        "pronoun": "he"
    }
},
{
    "model": "participants.person",
    "pk": 33,
    "fields": {
        "name": "Casey Sparks",
        "barcode_id": null,
        "email": "caseysparks@fakemail.com",
        "phone": "",
        "anonymous": false,
        "checkin_message": "",
        "notes": null,
        "gender": "M",
        "pronoun": "he"
    }
},
{
    "model": "participants.person",
    "pk": 34,
    "fields": {
        "name": "Candace Bowen",
        "barcode_id": null,
        "email": "candacebowen@fakemail.com",
        "phone": "",
        "anonymous": false,
        "checkin_message": "",
        "notes": null,
        "gender": "F",
        "pronoun": "she"
    }
},
{
    "model": "participants.person",
    "pk": 35,
    "fields": {
        "name": "Jaime Long",
        "barcode_id": null,
        "email": "jaimelong@fakemail.com",
        "phone": "",
        "anonymous": false,
        "checkin_message": "",
        "notes": null,
        "gender": "M",
        "pronoun": "he"
    }
},
{
    "model": "participants.person",
    "pk": 36,
    "fields": {
        "name": "Leon Hall",
        "barcode_id": null,
        "email": "leonhall@fakemail.com",
        "phone": "",
        "anonymous": false,
        "checkin_message": "",
        "notes": null,
        "gender": "M",
        "pronoun": "he"
    }
},
{
    "model": "participants.person",
    "pk": 37,
    "fields": {
        "name": "Morris Nichols",
        "barcode_id": null,
        "email": "morrisnichols@fakemail.com",
        "phone": "",
        "anonymous": false,
        "checkin_message": "",
        "notes": null,
        "gender": "M",
        "pronoun": "he"
    }
},
{
    "model": "participants.person",
    "pk": 38,
    "fields": {
        "name": "Benjamin Padilla",
        "barcode_id": null,
        "email": "benjaminpadilla@fakemail.com",
        "phone": "",
        "anonymous": false,
        "checkin_message": "",
        "notes": null,
        "gender": "M",
        "pronoun": "he"
    }
},
{
    "model": "participants.person",
    "pk": 39,
    "fields": {
        "name": "Phil Lyons",
        "barcode_id": null,
        "email": "phillyons@fakemail.com",
        "phone": "",
        "anonymous": false,
        "checkin_message": "",
        "notes": null,
        "gender": "M",
        "pronoun": "he"
    }
},
{
    "model": "participants.person",
    "pk": 40,
    "fields": {
        "name": "Clay Holland",
        "barcode_id": null,
        "email": "clayholland@fakemail.com",
        "phone": "",
        "anonymous": false,
        "checkin_message": "",
        "notes": null,
        "gender": "M",
        "pronoun": "he"
    }
},
{
    "model": "participants.person",
    "pk": 41,
    "fields": {
        "name": "Elena Cobb",
        "barcode_id": null,
        "email": "elenacobb@fakemail.com",
        "phone": "",
        "anonymous": false,
        "checkin_message": "",
        "notes": null,
        "gender": "F",
        "pronoun": "she"
    }
},
{
    "model": "participants.person",
    "pk": 42,
    "fields": {
        "name": "Shawn Torres",
        "barcode_id": null,
        "email": "shawntorres@fakemail.com",
        "phone": "",
        "anonymous": false,
        "checkin_message": "",
        "notes": null,
        "gender": "M",
        "pronoun": "he"
    }
},
{
    "model": "participants.person",
    "pk": 43,
    "fields": {
        "name": "Willis Carson",
        "barcode_id": null,
        "email": "williscarson@fakemail.com",
        "phone": "",
        "anonymous": false,
        "checkin_message": "",
        "notes": null,
        "gender": "M",
        "pronoun": "he"
    }
},
{
    "model": "participants.person",
    "pk": 44,
    "fields": {
        "name": "Wendell Nelson",
        "barcode_id": null,
        "email": "wendellnelson@fakemail.com",
        "phone": "",
        "anonymous": false,
        "checkin_message": "",
        "notes": null,
        "gender": "F",
        "pronoun": "she"
    }
},
{
    "model": "participants.person",
    "pk": 45,
    "fields": {
        "name": "Felicia Welch",
        "barcode_id": null,
        "email": "feliciawelch@fakemail.com",
        "phone": "",
        "anonymous": false,
        "checkin_message": "",
        "notes": null,
        "gender": "F",
        "pronoun": "she"
    }
},
{
    "model": "participants.person",
    "pk": 46,
    "fields": {
        "name": "Cory Meyer",
        "barcode_id": null,
        "email": "corymeyer@fakemail.com",
        "phone": "",
        "anonymous": false,
        "checkin_message": "",
        "notes": null,
        "gender": "M",
        "pronoun": "he"
    }
},
{
    "model": "participants.person",
    "pk": 47,
    "fields": {
        "name": "Stacy Frazier",
        "barcode_id": null,
        "email": "stacyfrazier@fakemail.com",
        "phone": "",
        "anonymous": false,
        "checkin_message": "",
        "notes": null,
        "gender": "F",
        "pronoun": "she"
    }
},
{
    "model": "participants.person",
    "pk": 48,
    "fields": {
        "name": "Claire Dunn",
        "barcode_id": null,
        "email": "clairedunn@fakemail.com",
        "phone": "",
        "anonymous": false,
        "checkin_message": "",
        "notes": null,
        "gender": "F",
        "pronoun": "she"
    }
},
{
    "model": "participants.person",
    "pk": 49,
    "fields": {
        "name": "Eloise Munoz",
        "barcode_id": null,
        "email": null,
        "phone": "",
        "anonymous": false,
        "checkin_message": "",
        "notes": null,
        "gender": "M",
        "pronoun": "he"
    }
},
{
    "model": "participants.person",
    "pk": 50,
    "fields": {
        "name": "Patricia Palmer",
        "barcode_id": null,
        "email": "patriciapalmer@fakemail.com",
        "phone": "",
        "anonymous": false,
        "checkin_message": "",
        "notes": null,
        "gender": "M",
        "pronoun": "he"
    }
},
{
    "model": "participants.person",
    "pk": 51,
    "fields": {
        "name": "Stewart Day",
        "barcode_id": null,
        "email": "stewartday@fakemail.com",
        "phone": "",
        "anonymous": false,
        "checkin_message": "",
        "notes": null,
        "gender": "M",
        "pronoun": "he"
    }
},
{
    "model": "participants.person",
    "pk": 52,
    "fields": {
        "name": "Timmy Craig",
        "barcode_id": null,
        "email": "timmycraig@fakemail.com",
        "phone": "",
        "anonymous": false,
        "checkin_message": "",
        "notes": null,
        "gender": "M",
        "pronoun": "he"
    }
},
{
    "model": "participants.person",
    "pk": 53,
    "fields": {
        "name": "Patrick Kelly",
        "barcode_id": null,
        "email": "patrickkelly@fakemail.com",
        "phone": "",
        "anonymous": false,
        "checkin_message": "",
        "notes": null,
        "gender": "M",
        "pronoun": "he"
    }
},
{
    "model": "participants.person",
    "pk": 54,
    "fields": {
        "name": "Kristopher Hayes",
        "barcode_id": null,
        "email": null,
        "phone": "",
        "anonymous": false,
        "checkin_message": "",
        "notes": null,
        "gender": "M",
        "pronoun": "he"
    }
},
{
    "model": "participants.person",
    "pk": 55,
    "fields": {
        "name": "Andy Lane",
        "barcode_id": null,
        "email": "andylane@fakemail.com",
        "phone": "",
        "anonymous": false,
        "checkin_message": "",
        "notes": null,
        "gender": "M",
        "pronoun": "he"
    }
},
{
    "model": "participants.person",
    "pk": 56,
    "fields": {
        "name": "Scott Mcdonald",
        "barcode_id": null,
        "email": "scottmcdonald@fakemail.com",
        "phone": "",
        "anonymous": false,
        "checkin_message": "",
        "notes": null,
        "gender": "M",
        "pronoun": "he"
    }
},
{
    "model": "participants.person",
    "pk": 57,
    "fields": {
        "name": "Charlene Cortez",
        "barcode_id": null,
        "email": "charlenecortez@fakemail.com",
        "phone": "",
        "anonymous": false,
        "checkin_message": "",
        "notes": null,
        "gender": "M",
        "pronoun": "he"
    }
},
{
    "model": "participants.person",
    "pk": 58,
    "fields": {
        "name": "Leigh Holmes",
        "barcode_id": null,
        "email": "leighholmes@fakemail.com",
        "phone": "",
        "anonymous": false,
        "checkin_message": "",
        "notes": null,
        "gender": "F",
        "pronoun": ""
    }
},
{
    "model": "participants.person",
    "pk": 59,
    "fields": {
        "name": "Alma Spencer",
        "barcode_id": null,
        "email": "almaspencer@fakemail.com",
        "phone": "",
        "anonymous": false,
        "checkin_message": "",
        "notes": null,
        "gender": "F",
        "pronoun": "she"
    }
},
{
    "model": "participants.person",
    "pk": 60,
    "fields": {
        "name": "Winston Castro",
        "barcode_id": null,
        "email": null,
        "phone": "",
        "anonymous": false,
        "checkin_message": "",
        "notes": null,
        "gender": "M",
        "pronoun": "he"
    }
},
{
    "model": "participants.person",
    "pk": 61,
    "fields": {
        "name": "Emilio Simmons",
        "barcode_id": null,
        "email": "emiliosimmons@fakemail.com",
        "phone": "",
        "anonymous": false,
        "checkin_message": "",
        "notes": null,
        "gender": "M",
        "pronoun": "he"
    }
},
{
    "model": "participants.person",
    "pk": 62,
    "fields": {
        "name": "Ron Delgado",
        "barcode_id": null,
        "email": "rondelgado@fakemail.com",
        "phone": "",
        "anonymous": false,
        "checkin_message": "",
        "notes": null,
        "gender": "",
        "pronoun": "he"
    }
},
{
    "model": "participants.person",
    "pk": 63,
    "fields": {
        "name": "Nadine Barber",
        "barcode_id": null,
        "email": "nadinebarber@fakemail.com",
        "phone": "",
        "anonymous": false,
        "checkin_message": "",
        "notes": null,
        "gender": "M",
        "pronoun": "he"
    }
},
{
    "model": "participants.person",
    "pk": 64,
    "fields": {
        "name": "Gail Adkins",
        "barcode_id": null,
        "email": "gailadkins@fakemail.com",
        "phone": "",
        "anonymous": false,
        "checkin_message": "",
        "notes": null,
        "gender": "",
        "pronoun": "he"
    }
},
{
    "model": "participants.person",
    "pk": 65,
    "fields": {
        "name": "Willard Walton",
        "barcode_id": null,
        "email": "willardwalton@fakemail.com",
        "phone": "",
        "anonymous": false,
        "checkin_message": "",
        "notes": null,
        "gender": "M",
        "pronoun": ""
    }
},
{
    "model": "participants.person",
    "pk": 66,
    "fields": {
        "name": "Jackie Peterson",
        "barcode_id": null,
        "email": "jackiepeterson@fakemail.com",
        "phone": "",
        "anonymous": false,
        "checkin_message": "",
        "notes": null,
        "gender": "M",
        "pronoun": "he"
    }
},
{
    "model": "participants.person",
    "pk": 67,
    "fields": {
        "name": "Terry Thornton",
        "barcode_id": null,
        "email": "terrythornton@fakemail.com",
        "phone": "",
        "anonymous": false,
        "checkin_message": "",
        "notes": null,
        "gender": "",
        "pronoun": "they"
    }
},
{
    "model": "participants.person",
    "pk": 68,
    "fields": {
        "name": "Norman Rodgers",
        "barcode_id": null,
        "email": "normanrodgers@fakemail.com",
        "phone": "",
        "anonymous": false,
        "checkin_message": "",
        "notes": null,
        "gender": "M",
        "pronoun": "he"
    }
},
{
    "model": "participants.person",
    "pk": 69,
    "fields": {
        "name": "Mattie Lee",
        "barcode_id": null,
        "email": "mattielee@fakemail.com",
        "phone": "",
        "anonymous": false,
        "checkin_message": "",
        "notes": null,
        "gender": "",
        "pronoun": "they"
    }
},
{
    "model": "participants.person",
    "pk": 70,
    "fields": {
        "name": "Woodrow Harvey",
        "barcode_id": null,
        "email": "woodrowharvey@fakemail.com",
        "phone": "",
        "anonymous": false,
        "checkin_message": "",
        "notes": null,
        "gender": "M",
        "pronoun": "he"
    }
},
{
    "model": "participants.person",
    "pk": 71,
    "fields": {
        "name": "Javier Chavez",
        "barcode_id": null,
        "email": "javierchavez@fakemail.com",
        "phone": "",
        "anonymous": false,
        "checkin_message": "",
        "notes": null,
        "gender": "",
        "pronoun": ""
    }
},
{
    "model": "participants.person",
    "pk": 72,
    "fields": {
        "name": "Janie Daniels",
        "barcode_id": null,
        "email": "janiedaniels@fakemail.com",
        "phone": "",
        "anonymous": false,
        "checkin_message": "",
        "notes": null,
        "gender": "F",
        "pronoun": "she"
    }
},
{
    "model": "participants.person",
    "pk": 73,
    "fields": {
        "name": "Levi Flores",
        "barcode_id": null,
        "email": "leviflores@fakemail.com",
        "phone": "(400) 258-4262",
        "anonymous": false,
        "checkin_message": "",
        "notes": null,
        "gender": "M",
        "pronoun": "he"
    }
},
{
    "model": "participants.person",
    "pk": 74,
    "fields": {
        "name": "Boyd Pierce",
        "barcode_id": null,
        "email": "boydpierce@fakemail.com",
        "phone": "(645) 106-7743",
        "anonymous": false,
        "checkin_message": "",
        "notes": null,
        "gender": "M",
        "pronoun": "he"
    }
},
{
    "model": "participants.person",
    "pk": 75,
    "fields": {
        "name": "Eunice Mcbride",
        "barcode_id": null,
        "email": "eunicemcbride@fakemail.com",
        "phone": "(549) 309-9187",
        "anonymous": false,
        "checkin_message": "",
        "notes": null,
        "gender": "F",
        "pronoun": "she"
    }
},
{
    "model": "participants.person",
    "pk": 76,
    "fields": {
        "name": "Ramona Cobb",
        "barcode_id": null,
        "email": "ramonacobb@fakemail.com",
        "phone": "(440) 487-5776",
        "anonymous": false,
        "checkin_message": "",
        "notes": null,
        "gender": "F",
        "pronoun": "she"
    }
},
{
    "model": "participants.person",
    "pk": 77,
    "fields": {
        "name": "Justin Ford",
        "barcode_id": null,
        "email": "justinford@fakemail.com",
        "phone": "(618) 921-9188",
        "anonymous": false,
        "checkin_message": "",
        "notes": null,
        "gender": "M",
        "pronoun": "he"
    }
},
{
    "model": "participants.person",
    "pk": 78,
    "fields": {
        "name": "Luis Bennett",
        "barcode_id": null,
        "email": "luisbennett@fakemail.com",
        "phone": "(730) 097-8797",
        "anonymous": false,
        "checkin_message": "",
        "notes": null,
        "gender": "M",
        "pronoun": "he"
    }
},
{
    "model": "participants.person",
    "pk": 79,
    "fields": {
        "name": "Mandy Estrada",
        "barcode_id": null,
        "email": "mandyestrada@fakemail.com",
        "phone": "(559) 299-0471",
        "anonymous": false,
        "checkin_message": "",
        "notes": null,
        "gender": "F",
        "pronoun": "she"
    }
},
{
    "model": "participants.person",
    "pk": 80,
    "fields": {
        "name": "Leigh Mcgee",
        "barcode_id": null,
        "email": "leighmcgee@fakemail.com",
        "phone": "(844) 760-9302",
        "anonymous": false,
        "checkin_message": "",
        "notes": null,
        "gender": "F",
        "pronoun": "she"
    }
},
{
    "model": "participants.person",
    "pk": 81,
    "fields": {
        "name": "Jacqueline Freeman",
        "barcode_id": null,
        "email": "jacquelinefreeman@fakemail.com",
        "phone": "(297) 916-1716",
        "anonymous": false,
        "checkin_message": "",
        "notes": null,
        "gender": "F",
        "pronoun": "she"
    }
},
{
    "model": "participants.person",
    "pk": 82,
    "fields": {
        "name": "Holly Howard",
        "barcode_id": null,
        "email": null,
        "phone": "(958) 783-2610",
        "anonymous": false,
        "checkin_message": "",
        "notes": null,
        "gender": "F",
        "pronoun": "she"
    }
},
{
    "model": "participants.person",
    "pk": 83,
    "fields": {
        "name": "Pedro Burgess",
        "barcode_id": null,
        "email": "pedroburgess@fakemail.com",
        "phone": "(854) 441-0104",
        "anonymous": false,
        "checkin_message": "",
        "notes": null,
        "gender": "",
        "pronoun": ""
    }
},
{
    "model": "participants.person",
    "pk": 84,
    "fields": {
        "name": "Kristy Carr",
        "barcode_id": null,
        "email": "kristycarr@fakemail.com",
        "phone": "(644) 607-3297",
        "anonymous": false,
        "checkin_message": "",
        "notes": null,
        "gender": "M",
        "pronoun": "he"
    }
},
{
    "model": "participants.person",
    "pk": 85,
    "fields": {
        "name": "Wilma Vaughn",
        "barcode_id": null,
        "email": "wilmavaughn@fakemail.com",
        "phone": "(398) 759-9537",
        "anonymous": false,
        "checkin_message": "",
        "notes": null,
        "gender": "F",
        "pronoun": "she"
    }
},
{
    "model": "participants.person",
    "pk": 86,
    "fields": {
        "name": "Virginia Mccarthy",
        "barcode_id": null,
        "email": "virginiamccarthy@fakemail.com",
        "phone": "(455) 177-0459",
        "anonymous": false,
        "checkin_message": "",
        "notes": null,
        "gender": "F",
        "pronoun": "she"
    }
},
{
    "model": "participants.person",
    "pk": 87,
    "fields": {
        "name": "Tasha Jenkins",
        "barcode_id": null,
        "email": "tashajenkins@fakemail.com",
        "phone": "(875) 519-9891",
        "anonymous": false,
        "checkin_message": "",
        "notes": null,
        "gender": "",
        "pronoun": ""
    }
},
{
    "model": "participants.person",
    "pk": 88,
    "fields": {
        "name": "Toby Wong",
        "barcode_id": null,
        "email": null,
        "phone": "(404) 641-5999",
        "anonymous": false,
        "checkin_message": "",
        "notes": null,
        "gender": "M",
        "pronoun": "he"
    }
},
{
    "model": "participants.person",
    "pk": 89,
    "fields": {
        "name": "Jo Allen",
        "barcode_id": null,
        "email": "joallen@fakemail.com",
        "phone": "(761) 993-2983",
        "anonymous": false,
        "checkin_message": "",
        "notes": null,
        "gender": "M",
        "pronoun": "he"
    }
},
{
    "model": "participants.person",
    "pk": 90,
    "fields": {
        "name": "Billy Griffin",
        "barcode_id": null,
        "email": "billygriffin@fakemail.com",
        "phone": "(430) 532-2939",
        "anonymous": false,
        "checkin_message": "",
        "notes": null,
        "gender": "M",
        "pronoun": "he"
    }
},
{
    "model": "participants.person",
    "pk": 91,
    "fields": {
        "name": "Angela Reed",
        "barcode_id": null,
        "email": "angelareed@fakemail.com",
        "phone": "(936) 500-1228",
        "anonymous": false,
        "checkin_message": "",
        "notes": null,
        "gender": "F",
        "pronoun": "she"
    }
},
{
    "model": "participants.person",
    "pk": 92,
    "fields": {
        "name": "Hugo Lewis",
        "barcode_id": null,
        "email": "hugolewis@fakemail.com",
        "phone": "(422) 585-9609",
        "anonymous": false,
        "checkin_message": "",
        "notes": null,
        "gender": "M",
        "pronoun": "they"
    }
},
{
    "model": "participants.person",
    "pk": 93,
    "fields": {
        "name": "Cassandra Wilson",
        "barcode_id": null,
        "email": "cassandrawilson@fakemail.com",
        "phone": "(604) 306-2084",
        "anonymous": false,
        "checkin_message": "",
        "notes": null,
        "gender": "F",
        "pronoun": "she"
    }
},
{
    "model": "participants.person",
    "pk": 94,
    "fields": {
        "name": "George Willis",
        "barcode_id": null,
        "email": "georgewillis@fakemail.com",
        "phone": "(222) 204-5944",
        "anonymous": false,
        "checkin_message": "",
        "notes": null,
        "gender": "M",
        "pronoun": "he"
    }
},
{
    "model": "participants.person",
    "pk": 95,
    "fields": {
        "name": "Jamie Hodges",
        "barcode_id": null,
        "email": "jamiehodges@fakemail.com",
        "phone": "(737) 122-6102",
        "anonymous": false,
        "checkin_message": "",
        "notes": null,
        "gender": "F",
        "pronoun": "she"
    }
},
{
    "model": "participants.person",
    "pk": 96,
    "fields": {
        "name": "Bennie Rodriguez",
        "barcode_id": null,
        "email": "bennierodriguez@fakemail.com",
        "phone": "(537) 641-2175",
        "anonymous": false,
        "checkin_message": "",
        "notes": null,
        "gender": "F",
        "pronoun": "she"
    }
},
{
    "model": "participants.person",
    "pk": 97,
    "fields": {
        "name": "Allison Martin",
        "barcode_id": null,
        "email": "allisonmartin@fakemail.com",
        "phone": "(525) 384-2715",
        "anonymous": false,
        "checkin_message": "",
        "notes": null,
        "gender": "F",
        "pronoun": "she"
    }
},
{
    "model": "participants.person",
    "pk": 98,
    "fields": {
        "name": "Kristi Elliott",
        "barcode_id": null,
        "email": "kristielliott@fakemail.com",
        "phone": "(790) 289-5430",
        "anonymous": false,
        "checkin_message": "",
        "notes": null,
        "gender": "F",
        "pronoun": "she"
    }
},
{
    "model": "participants.person",
    "pk": 99,
    "fields": {
        "name": "Pearl Graves",
        "barcode_id": null,
        "email": null,
        "phone": "(317) 721-2439",
        "anonymous": false,
        "checkin_message": "",
        "notes": null,
        "gender": "F",
        "pronoun": "she"
    }
},
{
    "model": "participants.team",
    "pk": 1,
    "fields": {
        "reference": "Custom Team Name",
        "short_reference": "Custom Team Name",
        "short_name": "Custom Team Name",
        "long_name": "Custom Team Name",
        "institution": 1,
        "tournament": 1,
        "division": null,
        "use_institution_prefix": false,
        "url_key": null,
        "type": "N",
        "emoji": "\ud83d\ude4f",
        "break_categories": []
    }
},
{
    "model": "participants.team",
    "pk": 2,
    "fields": {
        "reference": "2",
        "short_reference": "2",
        "short_name": "Caltech 2",
        "long_name": "California Institute of Technology 2",
        "institution": 1,
        "tournament": 1,
        "division": null,
        "use_institution_prefix": true,
        "url_key": null,
        "type": "N",
        "emoji": "\ud83d\udc4a",
        "break_categories": []
    }
},
{
    "model": "participants.team",
    "pk": 3,
    "fields": {
        "reference": "3",
        "short_reference": "3",
        "short_name": "Caltech 3",
        "long_name": "California Institute of Technology 3",
        "institution": 1,
        "tournament": 1,
        "division": null,
        "use_institution_prefix": true,
        "url_key": null,
        "type": "N",
        "emoji": "\ud83c\udfd0",
        "break_categories": []
    }
},
{
    "model": "participants.team",
    "pk": 4,
    "fields": {
        "reference": "1",
        "short_reference": "1",
        "short_name": "Columbia 1",
        "long_name": "Columbia University 1",
        "institution": 2,
        "tournament": 1,
        "division": null,
        "use_institution_prefix": true,
        "url_key": null,
        "type": "N",
        "emoji": "\ud83d\udc69",
        "break_categories": []
    }
},
{
    "model": "participants.team",
    "pk": 5,
    "fields": {
        "reference": "1",
        "short_reference": "1",
        "short_name": "Cornell 1",
        "long_name": "Cornell University 1",
        "institution": 3,
        "tournament": 1,
        "division": null,
        "use_institution_prefix": true,
        "url_key": null,
        "type": "N",
        "emoji": "\ud83d\ude14",
        "break_categories": []
    }
},
{
    "model": "participants.team",
    "pk": 6,
    "fields": {
        "reference": "1",
        "short_reference": "1",
        "short_name": "Harvard 1",
        "long_name": "Harvard University 1",
        "institution": 4,
        "tournament": 1,
        "division": null,
        "use_institution_prefix": true,
        "url_key": null,
        "type": "N",
        "emoji": "\ud83e\udd54",
        "break_categories": []
    }
},
{
    "model": "participants.team",
    "pk": 7,
    "fields": {
        "reference": "2",
        "short_reference": "2",
        "short_name": "Harvard 2",
        "long_name": "Harvard University 2",
        "institution": 4,
        "tournament": 1,
        "division": null,
        "use_institution_prefix": true,
        "url_key": null,
        "type": "N",
        "emoji": "\ud83c\udff3",
        "break_categories": []
    }
},
{
    "model": "participants.team",
    "pk": 8,
    "fields": {
        "reference": "1",
        "short_reference": "1",
        "short_name": "Johns Hopkins 1",
        "long_name": "Johns Hopkins University 1",
        "institution": 5,
        "tournament": 1,
        "division": null,
        "use_institution_prefix": true,
        "url_key": null,
        "type": "N",
        "emoji": "\ud83e\udd88",
        "break_categories": []
    }
},
{
    "model": "participants.team",
    "pk": 9,
    "fields": {
        "reference": "1",
        "short_reference": "1",
        "short_name": "MIT 1",
        "long_name": "Massachusetts Institute of Technology 1",
        "institution": 6,
        "tournament": 1,
        "division": null,
        "use_institution_prefix": true,
        "url_key": null,
        "type": "N",
        "emoji": "\ud83d\udcb0",
        "break_categories": []
    }
},
{
    "model": "participants.team",
    "pk": 10,
    "fields": {
        "reference": "2",
        "short_reference": "2",
        "short_name": "MIT 2",
        "long_name": "Massachusetts Institute of Technology 2",
        "institution": 6,
        "tournament": 1,
        "division": null,
        "use_institution_prefix": true,
        "url_key": null,
        "type": "N",
        "emoji": "\ud83d\udc4d",
        "break_categories": []
    }
},
{
    "model": "participants.team",
    "pk": 11,
    "fields": {
        "reference": "1",
        "short_reference": "1",
        "short_name": "Princeton 1",
        "long_name": "Princeton University 1",
        "institution": 7,
        "tournament": 1,
        "division": null,
        "use_institution_prefix": true,
        "url_key": null,
        "type": "N",
        "emoji": "\ud83d\ude1b",
        "break_categories": []
    }
},
{
    "model": "participants.team",
    "pk": 12,
    "fields": {
        "reference": "2",
        "short_reference": "2",
        "short_name": "Princeton 2",
        "long_name": "Princeton University 2",
        "institution": 7,
        "tournament": 1,
        "division": null,
        "use_institution_prefix": true,
        "url_key": null,
        "type": "N",
        "emoji": "\ud83e\udd89",
        "break_categories": []
    }
},
{
    "model": "participants.team",
    "pk": 13,
    "fields": {
        "reference": "1",
        "short_reference": "1",
        "short_name": "Stanford 1",
        "long_name": "Stanford University 1",
        "institution": 8,
        "tournament": 1,
        "division": null,
        "use_institution_prefix": true,
        "url_key": null,
        "type": "N",
        "emoji": "\ud83d\udc3c",
        "break_categories": []
    }
},
{
    "model": "participants.team",
    "pk": 14,
    "fields": {
        "reference": "2",
        "short_reference": "2",
        "short_name": "Stanford 2",
        "long_name": "Stanford University 2",
        "institution": 8,
        "tournament": 1,
        "division": null,
        "use_institution_prefix": true,
        "url_key": null,
        "type": "N",
        "emoji": "\ud83c\udf35",
        "break_categories": []
    }
},
{
    "model": "participants.team",
    "pk": 15,
    "fields": {
        "reference": "3",
        "short_reference": "3",
        "short_name": "Stanford 3",
        "long_name": "Stanford University 3",
        "institution": 8,
        "tournament": 1,
        "division": null,
        "use_institution_prefix": true,
        "url_key": null,
        "type": "N",
        "emoji": "\ud83d\udc7d",
        "break_categories": []
    }
},
{
    "model": "participants.team",
    "pk": 16,
    "fields": {
        "reference": "1",
        "short_reference": "1",
        "short_name": "Berkeley 1",
        "long_name": "University of California, Berkeley 1",
        "institution": 9,
        "tournament": 1,
        "division": null,
        "use_institution_prefix": true,
        "url_key": null,
        "type": "N",
        "emoji": "\ud83d\udc60",
        "break_categories": []
    }
},
{
    "model": "participants.team",
    "pk": 17,
    "fields": {
        "reference": "1",
        "short_reference": "1",
        "short_name": "Chicago 1",
        "long_name": "University of Chicago 1",
        "institution": 10,
        "tournament": 1,
        "division": null,
        "use_institution_prefix": true,
        "url_key": null,
        "type": "N",
        "emoji": "\ud83d\udc5f",
        "break_categories": []
    }
},
{
    "model": "participants.team",
    "pk": 18,
    "fields": {
        "reference": "2",
        "short_reference": "2",
        "short_name": "Chicago 2",
        "long_name": "University of Chicago 2",
        "institution": 10,
        "tournament": 1,
        "division": null,
        "use_institution_prefix": true,
        "url_key": null,
        "type": "N",
        "emoji": "\ud83c\udf49",
        "break_categories": []
    }
},
{
    "model": "participants.team",
    "pk": 19,
    "fields": {
        "reference": "3",
        "short_reference": "3",
        "short_name": "Chicago 3",
        "long_name": "University of Chicago 3",
        "institution": 10,
        "tournament": 1,
        "division": null,
        "use_institution_prefix": true,
        "url_key": null,
        "type": "N",
        "emoji": "\ud83d\ude46",
        "break_categories": []
    }
},
{
    "model": "participants.team",
    "pk": 20,
    "fields": {
        "reference": "1",
        "short_reference": "1",
        "short_name": "Pennsylvania 1",
        "long_name": "University of Pennsylvania 1",
        "institution": 11,
        "tournament": 1,
        "division": null,
        "use_institution_prefix": true,
        "url_key": null,
        "type": "N",
        "emoji": "\ud83d\udecd",
        "break_categories": []
    }
},
{
    "model": "participants.team",
    "pk": 21,
    "fields": {
        "reference": "2",
        "short_reference": "2",
        "short_name": "Pennsylvania 2",
        "long_name": "University of Pennsylvania 2",
        "institution": 11,
        "tournament": 1,
        "division": null,
        "use_institution_prefix": true,
        "url_key": null,
        "type": "N",
        "emoji": "\ud83d\udea8",
        "break_categories": []
    }
},
{
    "model": "participants.team",
    "pk": 22,
    "fields": {
        "reference": "Special Name",
        "short_reference": "Special Name",
        "short_name": "Special Name",
        "long_name": "Special Name",
        "institution": 13,
        "tournament": 1,
        "division": null,
        "use_institution_prefix": false,
        "url_key": null,
        "type": "N",
        "emoji": "\ud83d\udc1a",
        "break_categories": []
    }
},
{
    "model": "participants.team",
    "pk": 23,
    "fields": {
        "reference": "2",
        "short_reference": "2",
        "short_name": "Yale 2",
        "long_name": "Yale University 2",
        "institution": 13,
        "tournament": 1,
        "division": null,
        "use_institution_prefix": true,
        "url_key": null,
        "type": "N",
        "emoji": "\ud83d\ude23",
        "break_categories": []
    }
},
{
    "model": "participants.team",
    "pk": 24,
    "fields": {
        "reference": "3",
        "short_reference": "3",
        "short_name": "Yale 3",
        "long_name": "Yale University 3",
        "institution": 13,
        "tournament": 1,
        "division": null,
        "use_institution_prefix": true,
        "url_key": null,
        "type": "N",
        "emoji": "\ud83d\ude98",
        "break_categories": []
    }
},
{
    "model": "participants.speaker",
    "pk": 1,
    "fields": {
        "team": 1,
        "categories": [
            2
        ]
    }
},
{
    "model": "participants.speaker",
    "pk": 2,
    "fields": {
        "team": 1,
        "categories": [
            1
        ]
    }
},
{
    "model": "participants.speaker",
    "pk": 3,
    "fields": {
        "team": 1,
        "categories": [
            2
        ]
    }
},
{
    "model": "participants.speaker",
    "pk": 4,
    "fields": {
        "team": 2,
        "categories": [
            2
        ]
    }
},
{
    "model": "participants.speaker",
    "pk": 5,
    "fields": {
        "team": 2,
        "categories": [
            1
        ]
    }
},
{
    "model": "participants.speaker",
    "pk": 6,
    "fields": {
        "team": 2,
        "categories": [
            2
        ]
    }
},
{
    "model": "participants.speaker",
    "pk": 7,
    "fields": {
        "team": 3,
        "categories": [
            2
        ]
    }
},
{
    "model": "participants.speaker",
    "pk": 8,
    "fields": {
        "team": 3,
        "categories": [
            1
        ]
    }
},
{
    "model": "participants.speaker",
    "pk": 9,
    "fields": {
        "team": 3,
        "categories": [
            2
        ]
    }
},
{
    "model": "participants.speaker",
    "pk": 10,
    "fields": {
        "team": 4,
        "categories": [
            2
        ]
    }
},
{
    "model": "participants.speaker",
    "pk": 11,
    "fields": {
        "team": 4,
        "categories": [
            2
        ]
    }
},
{
    "model": "participants.speaker",
    "pk": 12,
    "fields": {
        "team": 4,
        "categories": [
            1
        ]
    }
},
{
    "model": "participants.speaker",
    "pk": 13,
    "fields": {
        "team": 5,
        "categories": [
            1
        ]
    }
},
{
    "model": "participants.speaker",
    "pk": 14,
    "fields": {
        "team": 5,
        "categories": [
            2
        ]
    }
},
{
    "model": "participants.speaker",
    "pk": 15,
    "fields": {
        "team": 5,
        "categories": [
            1
        ]
    }
},
{
    "model": "participants.speaker",
    "pk": 16,
    "fields": {
        "team": 6,
        "categories": [
            2
        ]
    }
},
{
    "model": "participants.speaker",
    "pk": 17,
    "fields": {
        "team": 6,
        "categories": [
            2
        ]
    }
},
{
    "model": "participants.speaker",
    "pk": 18,
    "fields": {
        "team": 6,
        "categories": [
            2
        ]
    }
},
{
    "model": "participants.speaker",
    "pk": 19,
    "fields": {
        "team": 7,
        "categories": [
            1
        ]
    }
},
{
    "model": "participants.speaker",
    "pk": 20,
    "fields": {
        "team": 7,
        "categories": [
            1
        ]
    }
},
{
    "model": "participants.speaker",
    "pk": 21,
    "fields": {
        "team": 7,
        "categories": [
            1
        ]
    }
},
{
    "model": "participants.speaker",
    "pk": 22,
    "fields": {
        "team": 8,
        "categories": [
            2
        ]
    }
},
{
    "model": "participants.speaker",
    "pk": 23,
    "fields": {
        "team": 8,
        "categories": [
            1
        ]
    }
},
{
    "model": "participants.speaker",
    "pk": 24,
    "fields": {
        "team": 8,
        "categories": [
            1
        ]
    }
},
{
    "model": "participants.speaker",
    "pk": 25,
    "fields": {
        "team": 9,
        "categories": [
            1
        ]
    }
},
{
    "model": "participants.speaker",
    "pk": 26,
    "fields": {
        "team": 9,
        "categories": [
            1
        ]
    }
},
{
    "model": "participants.speaker",
    "pk": 27,
    "fields": {
        "team": 9,
        "categories": [
            1
        ]
    }
},
{
    "model": "participants.speaker",
    "pk": 28,
    "fields": {
        "team": 10,
        "categories": [
            2
        ]
    }
},
{
    "model": "participants.speaker",
    "pk": 29,
    "fields": {
        "team": 10,
        "categories": [
            1
        ]
    }
},
{
    "model": "participants.speaker",
    "pk": 30,
    "fields": {
        "team": 10,
        "categories": [
            2
        ]
    }
},
{
    "model": "participants.speaker",
    "pk": 31,
    "fields": {
        "team": 11,
        "categories": [
            1
        ]
    }
},
{
    "model": "participants.speaker",
    "pk": 32,
    "fields": {
        "team": 11,
        "categories": [
            1
        ]
    }
},
{
    "model": "participants.speaker",
    "pk": 33,
    "fields": {
        "team": 11,
        "categories": [
            1
        ]
    }
},
{
    "model": "participants.speaker",
    "pk": 34,
    "fields": {
        "team": 12,
        "categories": [
            1
        ]
    }
},
{
    "model": "participants.speaker",
    "pk": 35,
    "fields": {
        "team": 12,
        "categories": [
            1
        ]
    }
},
{
    "model": "participants.speaker",
    "pk": 36,
    "fields": {
        "team": 12,
        "categories": [
            2
        ]
    }
},
{
    "model": "participants.speaker",
    "pk": 37,
    "fields": {
        "team": 13,
        "categories": [
            2
        ]
    }
},
{
    "model": "participants.speaker",
    "pk": 38,
    "fields": {
        "team": 13,
        "categories": [
            1
        ]
    }
},
{
    "model": "participants.speaker",
    "pk": 39,
    "fields": {
        "team": 13,
        "categories": [
            1
        ]
    }
},
{
    "model": "participants.speaker",
    "pk": 40,
    "fields": {
        "team": 14,
        "categories": [
            1
        ]
    }
},
{
    "model": "participants.speaker",
    "pk": 41,
    "fields": {
        "team": 14,
        "categories": [
            2
        ]
    }
},
{
    "model": "participants.speaker",
    "pk": 42,
    "fields": {
        "team": 14,
        "categories": [
            2
        ]
    }
},
{
    "model": "participants.speaker",
    "pk": 43,
    "fields": {
        "team": 15,
        "categories": [
            1
        ]
    }
},
{
    "model": "participants.speaker",
    "pk": 44,
    "fields": {
        "team": 15,
        "categories": [
            1
        ]
    }
},
{
    "model": "participants.speaker",
    "pk": 45,
    "fields": {
        "team": 15,
        "categories": [
            1
        ]
    }
},
{
    "model": "participants.speaker",
    "pk": 46,
    "fields": {
        "team": 16,
        "categories": [
            1
        ]
    }
},
{
    "model": "participants.speaker",
    "pk": 47,
    "fields": {
        "team": 16,
        "categories": [
            1
        ]
    }
},
{
    "model": "participants.speaker",
    "pk": 48,
    "fields": {
        "team": 16,
        "categories": [
            2
        ]
    }
},
{
    "model": "participants.speaker",
    "pk": 49,
    "fields": {
        "team": 17,
        "categories": [
            1
        ]
    }
},
{
    "model": "participants.speaker",
    "pk": 50,
    "fields": {
        "team": 17,
        "categories": [
            1
        ]
    }
},
{
    "model": "participants.speaker",
    "pk": 51,
    "fields": {
        "team": 17,
        "categories": [
            1
        ]
    }
},
{
    "model": "participants.speaker",
    "pk": 52,
    "fields": {
        "team": 18,
        "categories": [
            1
        ]
    }
},
{
    "model": "participants.speaker",
    "pk": 53,
    "fields": {
        "team": 18,
        "categories": [
            2
        ]
    }
},
{
    "model": "participants.speaker",
    "pk": 54,
    "fields": {
        "team": 18,
        "categories": [
            1
        ]
    }
},
{
    "model": "participants.speaker",
    "pk": 55,
    "fields": {
        "team": 19,
        "categories": [
            1
        ]
    }
},
{
    "model": "participants.speaker",
    "pk": 56,
    "fields": {
        "team": 19,
        "categories": [
            1
        ]
    }
},
{
    "model": "participants.speaker",
    "pk": 57,
    "fields": {
        "team": 19,
        "categories": [
            1
        ]
    }
},
{
    "model": "participants.speaker",
    "pk": 58,
    "fields": {
        "team": 20,
        "categories": [
            2
        ]
    }
},
{
    "model": "participants.speaker",
    "pk": 59,
    "fields": {
        "team": 20,
        "categories": [
            2
        ]
    }
},
{
    "model": "participants.speaker",
    "pk": 60,
    "fields": {
        "team": 20,
        "categories": [
            1
        ]
    }
},
{
    "model": "participants.speaker",
    "pk": 61,
    "fields": {
        "team": 21,
        "categories": [
            2
        ]
    }
},
{
    "model": "participants.speaker",
    "pk": 62,
    "fields": {
        "team": 21,
        "categories": [
            1
        ]
    }
},
{
    "model": "participants.speaker",
    "pk": 63,
    "fields": {
        "team": 21,
        "categories": [
            2
        ]
    }
},
{
    "model": "participants.speaker",
    "pk": 64,
    "fields": {
        "team": 22,
        "categories": [
            2
        ]
    }
},
{
    "model": "participants.speaker",
    "pk": 65,
    "fields": {
        "team": 22,
        "categories": [
            2
        ]
    }
},
{
    "model": "participants.speaker",
    "pk": 66,
    "fields": {
        "team": 22,
        "categories": [
            1
        ]
    }
},
{
    "model": "participants.speaker",
    "pk": 67,
    "fields": {
        "team": 23,
        "categories": [
            1
        ]
    }
},
{
    "model": "participants.speaker",
    "pk": 68,
    "fields": {
        "team": 23,
        "categories": [
            2
        ]
    }
},
{
    "model": "participants.speaker",
    "pk": 69,
    "fields": {
        "team": 23,
        "categories": [
            2
        ]
    }
},
{
    "model": "participants.speaker",
    "pk": 70,
    "fields": {
        "team": 24,
        "categories": [
            1
        ]
    }
},
{
    "model": "participants.speaker",
    "pk": 71,
    "fields": {
        "team": 24,
        "categories": [
            2
        ]
    }
},
{
    "model": "participants.speaker",
    "pk": 72,
    "fields": {
        "team": 24,
        "categories": [
            2
        ]
    }
},
{
    "model": "participants.adjudicator",
    "pk": 73,
    "fields": {
        "institution": 13,
        "tournament": 1,
        "test_score": 5.0,
        "url_key": null,
        "trainee": false,
        "breaking": false,
        "independent": false,
        "adj_core": true
    }
},
{
    "model": "participants.adjudicator",
    "pk": 74,
    "fields": {
        "institution": 8,
        "tournament": 1,
        "test_score": 5.0,
        "url_key": null,
        "trainee": false,
        "breaking": false,
        "independent": true,
        "adj_core": true
    }
},
{
    "model": "participants.adjudicator",
    "pk": 75,
    "fields": {
        "institution": 12,
        "tournament": 1,
        "test_score": 5.0,
        "url_key": null,
        "trainee": false,
        "breaking": false,
        "independent": false,
        "adj_core": false
    }
},
{
    "model": "participants.adjudicator",
    "pk": 76,
    "fields": {
        "institution": 1,
        "tournament": 1,
        "test_score": 1.0,
        "url_key": null,
        "trainee": false,
        "breaking": false,
        "independent": true,
        "adj_core": false
    }
},
{
    "model": "participants.adjudicator",
    "pk": 77,
    "fields": {
        "institution": 1,
        "tournament": 1,
        "test_score": 0.0,
        "url_key": null,
        "trainee": false,
        "breaking": false,
        "independent": false,
        "adj_core": false
    }
},
{
    "model": "participants.adjudicator",
    "pk": 78,
    "fields": {
        "institution": 2,
        "tournament": 1,
        "test_score": 2.0,
        "url_key": null,
        "trainee": false,
        "breaking": false,
        "independent": false,
        "adj_core": false
    }
},
{
    "model": "participants.adjudicator",
    "pk": 79,
    "fields": {
        "institution": 3,
        "tournament": 1,
        "test_score": 5.0,
        "url_key": null,
        "trainee": false,
        "breaking": false,
        "independent": true,
        "adj_core": false
    }
},
{
    "model": "participants.adjudicator",
    "pk": 80,
    "fields": {
        "institution": 4,
        "tournament": 1,
        "test_score": 4.0,
        "url_key": null,
        "trainee": false,
        "breaking": false,
        "independent": false,
        "adj_core": false
    }
},
{
    "model": "participants.adjudicator",
    "pk": 81,
    "fields": {
        "institution": 4,
        "tournament": 1,
        "test_score": 5.0,
        "url_key": null,
        "trainee": false,
        "breaking": false,
        "independent": true,
        "adj_core": true
    }
},
{
    "model": "participants.adjudicator",
    "pk": 82,
    "fields": {
        "institution": 12,
        "tournament": 1,
        "test_score": 0.0,
        "url_key": null,
        "trainee": false,
        "breaking": false,
        "independent": true,
        "adj_core": false
    }
},
{
    "model": "participants.adjudicator",
    "pk": 83,
    "fields": {
        "institution": 12,
        "tournament": 1,
        "test_score": 4.0,
        "url_key": null,
        "trainee": false,
        "breaking": false,
        "independent": false,
        "adj_core": false
    }
},
{
    "model": "participants.adjudicator",
    "pk": 84,
    "fields": {
        "institution": 8,
        "tournament": 1,
        "test_score": 4.0,
        "url_key": null,
        "trainee": true,
        "breaking": false,
        "independent": false,
        "adj_core": false
    }
},
{
    "model": "participants.adjudicator",
    "pk": 85,
    "fields": {
        "institution": 5,
        "tournament": 1,
        "test_score": 4.0,
        "url_key": null,
        "trainee": true,
        "breaking": false,
        "independent": true,
        "adj_core": false
    }
},
{
    "model": "participants.adjudicator",
    "pk": 86,
    "fields": {
        "institution": 5,
        "tournament": 1,
        "test_score": 2.0,
        "url_key": null,
        "trainee": true,
        "breaking": false,
        "independent": false,
        "adj_core": false
    }
},
{
    "model": "participants.adjudicator",
    "pk": 87,
    "fields": {
        "institution": 6,
        "tournament": 1,
        "test_score": 2.0,
        "url_key": null,
        "trainee": false,
        "breaking": false,
        "independent": true,
        "adj_core": false
    }
},
{
    "model": "participants.adjudicator",
    "pk": 88,
    "fields": {
        "institution": 6,
        "tournament": 1,
        "test_score": 5.0,
        "url_key": null,
        "trainee": false,
        "breaking": false,
        "independent": false,
        "adj_core": false
    }
},
{
    "model": "participants.adjudicator",
    "pk": 89,
    "fields": {
        "institution": 7,
        "tournament": 1,
        "test_score": 2.0,
        "url_key": null,
        "trainee": false,
        "breaking": false,
        "independent": false,
        "adj_core": false
    }
},
{
    "model": "participants.adjudicator",
    "pk": 90,
    "fields": {
        "institution": 7,
        "tournament": 1,
        "test_score": 2.0,
        "url_key": null,
        "trainee": false,
        "breaking": false,
        "independent": false,
        "adj_core": false
    }
},
{
    "model": "participants.adjudicator",
    "pk": 91,
    "fields": {
        "institution": 8,
        "tournament": 1,
        "test_score": 1.0,
        "url_key": null,
        "trainee": false,
        "breaking": false,
        "independent": false,
        "adj_core": false
    }
},
{
    "model": "participants.adjudicator",
    "pk": 92,
    "fields": {
        "institution": 8,
        "tournament": 1,
        "test_score": 0.0,
        "url_key": null,
        "trainee": false,
        "breaking": false,
        "independent": false,
        "adj_core": false
    }
},
{
    "model": "participants.adjudicator",
    "pk": 93,
    "fields": {
        "institution": 9,
        "tournament": 1,
        "test_score": 4.0,
        "url_key": null,
        "trainee": false,
        "breaking": false,
        "independent": false,
        "adj_core": false
    }
},
{
    "model": "participants.adjudicator",
    "pk": 94,
    "fields": {
        "institution": 10,
        "tournament": 1,
        "test_score": 2.0,
        "url_key": null,
        "trainee": false,
        "breaking": false,
        "independent": false,
        "adj_core": false
    }
},
{
    "model": "participants.adjudicator",
    "pk": 95,
    "fields": {
        "institution": 10,
        "tournament": 1,
        "test_score": 3.0,
        "url_key": null,
        "trainee": false,
        "breaking": false,
        "independent": false,
        "adj_core": false
    }
},
{
    "model": "participants.adjudicator",
    "pk": 96,
    "fields": {
        "institution": 11,
        "tournament": 1,
        "test_score": 2.0,
        "url_key": null,
        "trainee": false,
        "breaking": false,
        "independent": false,
        "adj_core": false
    }
},
{
    "model": "participants.adjudicator",
    "pk": 97,
    "fields": {
        "institution": 13,
        "tournament": 1,
        "test_score": 4.0,
        "url_key": null,
        "trainee": false,
        "breaking": false,
        "independent": false,
        "adj_core": false
    }
},
{
    "model": "participants.adjudicator",
    "pk": 98,
    "fields": {
        "institution": 13,
        "tournament": 1,
        "test_score": 3.0,
        "url_key": null,
        "trainee": false,
        "breaking": false,
        "independent": false,
        "adj_core": false
    }
},
{
    "model": "participants.adjudicator",
    "pk": 99,
    "fields": {
        "institution": 5,
        "tournament": 1,
        "test_score": 5.0,
        "url_key": null,
        "trainee": false,
        "breaking": false,
        "independent": false,
        "adj_core": false
    }
},
{
    "model": "results.ballotsubmission",
    "pk": 1,
    "fields": {
        "timestamp": "2017-09-07T18:36:34.410",
        "version": 1,
        "submitter_type": "T",
        "confirmed": true,
        "submitter": [
            "random"
        ],
        "confirmer": null,
        "confirm_timestamp": null,
        "ip_address": null,
        "debate": 7,
        "motion": 3,
        "copied_from": null,
        "discarded": false,
        "forfeit": null
    }
},
{
    "model": "results.ballotsubmission",
    "pk": 2,
    "fields": {
        "timestamp": "2017-09-07T18:36:34.634",
        "version": 1,
        "submitter_type": "T",
        "confirmed": true,
        "submitter": [
            "random"
        ],
        "confirmer": null,
        "confirm_timestamp": null,
        "ip_address": null,
        "debate": 3,
        "motion": 2,
        "copied_from": null,
        "discarded": false,
        "forfeit": null
    }
},
{
    "model": "results.ballotsubmission",
    "pk": 3,
    "fields": {
        "timestamp": "2017-09-07T18:36:34.910",
        "version": 1,
        "submitter_type": "T",
        "confirmed": true,
        "submitter": [
            "random"
        ],
        "confirmer": null,
        "confirm_timestamp": null,
        "ip_address": null,
        "debate": 11,
        "motion": 2,
        "copied_from": null,
        "discarded": false,
        "forfeit": null
    }
},
{
    "model": "results.ballotsubmission",
    "pk": 4,
    "fields": {
        "timestamp": "2017-09-07T18:36:35.160",
        "version": 1,
        "submitter_type": "T",
        "confirmed": true,
        "submitter": [
            "random"
        ],
        "confirmer": null,
        "confirm_timestamp": null,
        "ip_address": null,
        "debate": 1,
        "motion": 1,
        "copied_from": null,
        "discarded": false,
        "forfeit": null
    }
},
{
    "model": "results.ballotsubmission",
    "pk": 5,
    "fields": {
        "timestamp": "2017-09-07T18:36:35.525",
        "version": 1,
        "submitter_type": "T",
        "confirmed": true,
        "submitter": [
            "random"
        ],
        "confirmer": null,
        "confirm_timestamp": null,
        "ip_address": null,
        "debate": 5,
        "motion": 1,
        "copied_from": null,
        "discarded": false,
        "forfeit": null
    }
},
{
    "model": "results.ballotsubmission",
    "pk": 6,
    "fields": {
        "timestamp": "2017-09-07T18:36:35.864",
        "version": 1,
        "submitter_type": "T",
        "confirmed": true,
        "submitter": [
            "random"
        ],
        "confirmer": null,
        "confirm_timestamp": null,
        "ip_address": null,
        "debate": 6,
        "motion": 2,
        "copied_from": null,
        "discarded": false,
        "forfeit": null
    }
},
{
    "model": "results.ballotsubmission",
    "pk": 7,
    "fields": {
        "timestamp": "2017-09-07T18:36:36.206",
        "version": 1,
        "submitter_type": "T",
        "confirmed": true,
        "submitter": [
            "random"
        ],
        "confirmer": null,
        "confirm_timestamp": null,
        "ip_address": null,
        "debate": 9,
        "motion": 1,
        "copied_from": null,
        "discarded": false,
        "forfeit": null
    }
},
{
    "model": "results.ballotsubmission",
    "pk": 8,
    "fields": {
        "timestamp": "2017-09-07T18:36:36.525",
        "version": 1,
        "submitter_type": "T",
        "confirmed": true,
        "submitter": [
            "random"
        ],
        "confirmer": null,
        "confirm_timestamp": null,
        "ip_address": null,
        "debate": 4,
        "motion": 2,
        "copied_from": null,
        "discarded": false,
        "forfeit": null
    }
},
{
    "model": "results.ballotsubmission",
    "pk": 9,
    "fields": {
        "timestamp": "2017-09-07T18:36:36.875",
        "version": 1,
        "submitter_type": "T",
        "confirmed": true,
        "submitter": [
            "random"
        ],
        "confirmer": null,
        "confirm_timestamp": null,
        "ip_address": null,
        "debate": 8,
        "motion": 3,
        "copied_from": null,
        "discarded": false,
        "forfeit": null
    }
},
{
    "model": "results.ballotsubmission",
    "pk": 10,
    "fields": {
        "timestamp": "2017-09-07T18:36:37.191",
        "version": 1,
        "submitter_type": "T",
        "confirmed": true,
        "submitter": [
            "random"
        ],
        "confirmer": null,
        "confirm_timestamp": null,
        "ip_address": null,
        "debate": 12,
        "motion": 2,
        "copied_from": null,
        "discarded": false,
        "forfeit": null
    }
},
{
    "model": "results.ballotsubmission",
    "pk": 11,
    "fields": {
        "timestamp": "2017-09-07T18:36:37.651",
        "version": 1,
        "submitter_type": "T",
        "confirmed": true,
        "submitter": [
            "random"
        ],
        "confirmer": null,
        "confirm_timestamp": null,
        "ip_address": null,
        "debate": 10,
        "motion": 1,
        "copied_from": null,
        "discarded": false,
        "forfeit": null
    }
},
{
    "model": "results.ballotsubmission",
    "pk": 12,
    "fields": {
        "timestamp": "2017-09-07T18:36:38.121",
        "version": 1,
        "submitter_type": "T",
        "confirmed": true,
        "submitter": [
            "random"
        ],
        "confirmer": null,
        "confirm_timestamp": null,
        "ip_address": null,
        "debate": 2,
        "motion": 1,
        "copied_from": null,
        "discarded": false,
        "forfeit": null
    }
},
{
    "model": "results.speakerscorebyadj",
    "pk": 1,
    "fields": {
        "ballot_submission": 1,
        "debate_adjudicator": 1,
        "debate_team": 13,
        "score": 82.0,
        "position": 1
    }
},
{
    "model": "results.speakerscorebyadj",
    "pk": 2,
    "fields": {
        "ballot_submission": 1,
        "debate_adjudicator": 1,
        "debate_team": 13,
        "score": 82.0,
        "position": 2
    }
},
{
    "model": "results.speakerscorebyadj",
    "pk": 3,
    "fields": {
        "ballot_submission": 1,
        "debate_adjudicator": 1,
        "debate_team": 13,
        "score": 76.0,
        "position": 3
    }
},
{
    "model": "results.speakerscorebyadj",
    "pk": 4,
    "fields": {
        "ballot_submission": 1,
        "debate_adjudicator": 1,
        "debate_team": 13,
        "score": 36.0,
        "position": 4
    }
},
{
    "model": "results.speakerscorebyadj",
    "pk": 5,
    "fields": {
        "ballot_submission": 1,
        "debate_adjudicator": 1,
        "debate_team": 14,
        "score": 76.0,
        "position": 1
    }
},
{
    "model": "results.speakerscorebyadj",
    "pk": 6,
    "fields": {
        "ballot_submission": 1,
        "debate_adjudicator": 1,
        "debate_team": 14,
        "score": 68.0,
        "position": 2
    }
},
{
    "model": "results.speakerscorebyadj",
    "pk": 7,
    "fields": {
        "ballot_submission": 1,
        "debate_adjudicator": 1,
        "debate_team": 14,
        "score": 74.0,
        "position": 3
    }
},
{
    "model": "results.speakerscorebyadj",
    "pk": 8,
    "fields": {
        "ballot_submission": 1,
        "debate_adjudicator": 1,
        "debate_team": 14,
        "score": 34.0,
        "position": 4
    }
},
{
    "model": "results.speakerscorebyadj",
    "pk": 9,
    "fields": {
        "ballot_submission": 2,
        "debate_adjudicator": 3,
        "debate_team": 5,
        "score": 77.0,
        "position": 1
    }
},
{
    "model": "results.speakerscorebyadj",
    "pk": 10,
    "fields": {
        "ballot_submission": 2,
        "debate_adjudicator": 3,
        "debate_team": 5,
        "score": 73.0,
        "position": 2
    }
},
{
    "model": "results.speakerscorebyadj",
    "pk": 11,
    "fields": {
        "ballot_submission": 2,
        "debate_adjudicator": 3,
        "debate_team": 5,
        "score": 75.0,
        "position": 3
    }
},
{
    "model": "results.speakerscorebyadj",
    "pk": 12,
    "fields": {
        "ballot_submission": 2,
        "debate_adjudicator": 3,
        "debate_team": 5,
        "score": 38.5,
        "position": 4
    }
},
{
    "model": "results.speakerscorebyadj",
    "pk": 13,
    "fields": {
        "ballot_submission": 2,
        "debate_adjudicator": 3,
        "debate_team": 6,
        "score": 75.0,
        "position": 1
    }
},
{
    "model": "results.speakerscorebyadj",
    "pk": 14,
    "fields": {
        "ballot_submission": 2,
        "debate_adjudicator": 3,
        "debate_team": 6,
        "score": 80.0,
        "position": 2
    }
},
{
    "model": "results.speakerscorebyadj",
    "pk": 15,
    "fields": {
        "ballot_submission": 2,
        "debate_adjudicator": 3,
        "debate_team": 6,
        "score": 72.0,
        "position": 3
    }
},
{
    "model": "results.speakerscorebyadj",
    "pk": 16,
    "fields": {
        "ballot_submission": 2,
        "debate_adjudicator": 3,
        "debate_team": 6,
        "score": 38.0,
        "position": 4
    }
},
{
    "model": "results.speakerscorebyadj",
    "pk": 17,
    "fields": {
        "ballot_submission": 3,
        "debate_adjudicator": 5,
        "debate_team": 21,
        "score": 69.0,
        "position": 1
    }
},
{
    "model": "results.speakerscorebyadj",
    "pk": 18,
    "fields": {
        "ballot_submission": 3,
        "debate_adjudicator": 5,
        "debate_team": 21,
        "score": 77.0,
        "position": 2
    }
},
{
    "model": "results.speakerscorebyadj",
    "pk": 19,
    "fields": {
        "ballot_submission": 3,
        "debate_adjudicator": 5,
        "debate_team": 21,
        "score": 79.0,
        "position": 3
    }
},
{
    "model": "results.speakerscorebyadj",
    "pk": 20,
    "fields": {
        "ballot_submission": 3,
        "debate_adjudicator": 5,
        "debate_team": 21,
        "score": 37.5,
        "position": 4
    }
},
{
    "model": "results.speakerscorebyadj",
    "pk": 21,
    "fields": {
        "ballot_submission": 3,
        "debate_adjudicator": 5,
        "debate_team": 22,
        "score": 72.0,
        "position": 1
    }
},
{
    "model": "results.speakerscorebyadj",
    "pk": 22,
    "fields": {
        "ballot_submission": 3,
        "debate_adjudicator": 5,
        "debate_team": 22,
        "score": 81.0,
        "position": 2
    }
},
{
    "model": "results.speakerscorebyadj",
    "pk": 23,
    "fields": {
        "ballot_submission": 3,
        "debate_adjudicator": 5,
        "debate_team": 22,
        "score": 70.0,
        "position": 3
    }
},
{
    "model": "results.speakerscorebyadj",
    "pk": 24,
    "fields": {
        "ballot_submission": 3,
        "debate_adjudicator": 5,
        "debate_team": 22,
        "score": 38.5,
        "position": 4
    }
},
{
    "model": "results.speakerscorebyadj",
    "pk": 25,
    "fields": {
        "ballot_submission": 4,
        "debate_adjudicator": 7,
        "debate_team": 1,
        "score": 77.0,
        "position": 1
    }
},
{
    "model": "results.speakerscorebyadj",
    "pk": 26,
    "fields": {
        "ballot_submission": 4,
        "debate_adjudicator": 7,
        "debate_team": 1,
        "score": 79.0,
        "position": 2
    }
},
{
    "model": "results.speakerscorebyadj",
    "pk": 27,
    "fields": {
        "ballot_submission": 4,
        "debate_adjudicator": 7,
        "debate_team": 1,
        "score": 70.0,
        "position": 3
    }
},
{
    "model": "results.speakerscorebyadj",
    "pk": 28,
    "fields": {
        "ballot_submission": 4,
        "debate_adjudicator": 7,
        "debate_team": 1,
        "score": 41.0,
        "position": 4
    }
},
{
    "model": "results.speakerscorebyadj",
    "pk": 29,
    "fields": {
        "ballot_submission": 4,
        "debate_adjudicator": 7,
        "debate_team": 2,
        "score": 76.0,
        "position": 1
    }
},
{
    "model": "results.speakerscorebyadj",
    "pk": 30,
    "fields": {
        "ballot_submission": 4,
        "debate_adjudicator": 7,
        "debate_team": 2,
        "score": 81.0,
        "position": 2
    }
},
{
    "model": "results.speakerscorebyadj",
    "pk": 31,
    "fields": {
        "ballot_submission": 4,
        "debate_adjudicator": 7,
        "debate_team": 2,
        "score": 74.0,
        "position": 3
    }
},
{
    "model": "results.speakerscorebyadj",
    "pk": 32,
    "fields": {
        "ballot_submission": 4,
        "debate_adjudicator": 7,
        "debate_team": 2,
        "score": 36.5,
        "position": 4
    }
},
{
    "model": "results.speakerscorebyadj",
    "pk": 33,
    "fields": {
        "ballot_submission": 5,
        "debate_adjudicator": 9,
        "debate_team": 9,
        "score": 73.0,
        "position": 1
    }
},
{
    "model": "results.speakerscorebyadj",
    "pk": 34,
    "fields": {
        "ballot_submission": 5,
        "debate_adjudicator": 9,
        "debate_team": 9,
        "score": 79.0,
        "position": 2
    }
},
{
    "model": "results.speakerscorebyadj",
    "pk": 35,
    "fields": {
        "ballot_submission": 5,
        "debate_adjudicator": 9,
        "debate_team": 9,
        "score": 81.0,
        "position": 3
    }
},
{
    "model": "results.speakerscorebyadj",
    "pk": 36,
    "fields": {
        "ballot_submission": 5,
        "debate_adjudicator": 9,
        "debate_team": 9,
        "score": 38.0,
        "position": 4
    }
},
{
    "model": "results.speakerscorebyadj",
    "pk": 37,
    "fields": {
        "ballot_submission": 5,
        "debate_adjudicator": 9,
        "debate_team": 10,
        "score": 74.0,
        "position": 1
    }
},
{
    "model": "results.speakerscorebyadj",
    "pk": 38,
    "fields": {
        "ballot_submission": 5,
        "debate_adjudicator": 9,
        "debate_team": 10,
        "score": 75.0,
        "position": 2
    }
},
{
    "model": "results.speakerscorebyadj",
    "pk": 39,
    "fields": {
        "ballot_submission": 5,
        "debate_adjudicator": 9,
        "debate_team": 10,
        "score": 78.0,
        "position": 3
    }
},
{
    "model": "results.speakerscorebyadj",
    "pk": 40,
    "fields": {
        "ballot_submission": 5,
        "debate_adjudicator": 9,
        "debate_team": 10,
        "score": 41.0,
        "position": 4
    }
},
{
    "model": "results.speakerscorebyadj",
    "pk": 41,
    "fields": {
        "ballot_submission": 6,
        "debate_adjudicator": 11,
        "debate_team": 11,
        "score": 81.0,
        "position": 1
    }
},
{
    "model": "results.speakerscorebyadj",
    "pk": 42,
    "fields": {
        "ballot_submission": 6,
        "debate_adjudicator": 11,
        "debate_team": 11,
        "score": 69.0,
        "position": 2
    }
},
{
    "model": "results.speakerscorebyadj",
    "pk": 43,
    "fields": {
        "ballot_submission": 6,
        "debate_adjudicator": 11,
        "debate_team": 11,
        "score": 73.0,
        "position": 3
    }
},
{
    "model": "results.speakerscorebyadj",
    "pk": 44,
    "fields": {
        "ballot_submission": 6,
        "debate_adjudicator": 11,
        "debate_team": 11,
        "score": 37.5,
        "position": 4
    }
},
{
    "model": "results.speakerscorebyadj",
    "pk": 45,
    "fields": {
        "ballot_submission": 6,
        "debate_adjudicator": 11,
        "debate_team": 12,
        "score": 79.0,
        "position": 1
    }
},
{
    "model": "results.speakerscorebyadj",
    "pk": 46,
    "fields": {
        "ballot_submission": 6,
        "debate_adjudicator": 11,
        "debate_team": 12,
        "score": 71.0,
        "position": 2
    }
},
{
    "model": "results.speakerscorebyadj",
    "pk": 47,
    "fields": {
        "ballot_submission": 6,
        "debate_adjudicator": 11,
        "debate_team": 12,
        "score": 71.0,
        "position": 3
    }
},
{
    "model": "results.speakerscorebyadj",
    "pk": 48,
    "fields": {
        "ballot_submission": 6,
        "debate_adjudicator": 11,
        "debate_team": 12,
        "score": 35.5,
        "position": 4
    }
},
{
    "model": "results.speakerscorebyadj",
    "pk": 49,
    "fields": {
        "ballot_submission": 7,
        "debate_adjudicator": 13,
        "debate_team": 17,
        "score": 69.0,
        "position": 1
    }
},
{
    "model": "results.speakerscorebyadj",
    "pk": 50,
    "fields": {
        "ballot_submission": 7,
        "debate_adjudicator": 13,
        "debate_team": 17,
        "score": 82.0,
        "position": 2
    }
},
{
    "model": "results.speakerscorebyadj",
    "pk": 51,
    "fields": {
        "ballot_submission": 7,
        "debate_adjudicator": 13,
        "debate_team": 17,
        "score": 70.0,
        "position": 3
    }
},
{
    "model": "results.speakerscorebyadj",
    "pk": 52,
    "fields": {
        "ballot_submission": 7,
        "debate_adjudicator": 13,
        "debate_team": 17,
        "score": 35.0,
        "position": 4
    }
},
{
    "model": "results.speakerscorebyadj",
    "pk": 53,
    "fields": {
        "ballot_submission": 7,
        "debate_adjudicator": 13,
        "debate_team": 18,
        "score": 82.0,
        "position": 1
    }
},
{
    "model": "results.speakerscorebyadj",
    "pk": 54,
    "fields": {
        "ballot_submission": 7,
        "debate_adjudicator": 13,
        "debate_team": 18,
        "score": 75.0,
        "position": 2
    }
},
{
    "model": "results.speakerscorebyadj",
    "pk": 55,
    "fields": {
        "ballot_submission": 7,
        "debate_adjudicator": 13,
        "debate_team": 18,
        "score": 78.0,
        "position": 3
    }
},
{
    "model": "results.speakerscorebyadj",
    "pk": 56,
    "fields": {
        "ballot_submission": 7,
        "debate_adjudicator": 13,
        "debate_team": 18,
        "score": 41.0,
        "position": 4
    }
},
{
    "model": "results.speakerscorebyadj",
    "pk": 57,
    "fields": {
        "ballot_submission": 8,
        "debate_adjudicator": 14,
        "debate_team": 7,
        "score": 82.0,
        "position": 1
    }
},
{
    "model": "results.speakerscorebyadj",
    "pk": 58,
    "fields": {
        "ballot_submission": 8,
        "debate_adjudicator": 14,
        "debate_team": 7,
        "score": 79.0,
        "position": 2
    }
},
{
    "model": "results.speakerscorebyadj",
    "pk": 59,
    "fields": {
        "ballot_submission": 8,
        "debate_adjudicator": 14,
        "debate_team": 7,
        "score": 76.0,
        "position": 3
    }
},
{
    "model": "results.speakerscorebyadj",
    "pk": 60,
    "fields": {
        "ballot_submission": 8,
        "debate_adjudicator": 14,
        "debate_team": 7,
        "score": 39.0,
        "position": 4
    }
},
{
    "model": "results.speakerscorebyadj",
    "pk": 61,
    "fields": {
        "ballot_submission": 8,
        "debate_adjudicator": 14,
        "debate_team": 8,
        "score": 73.0,
        "position": 1
    }
},
{
    "model": "results.speakerscorebyadj",
    "pk": 62,
    "fields": {
        "ballot_submission": 8,
        "debate_adjudicator": 14,
        "debate_team": 8,
        "score": 76.0,
        "position": 2
    }
},
{
    "model": "results.speakerscorebyadj",
    "pk": 63,
    "fields": {
        "ballot_submission": 8,
        "debate_adjudicator": 14,
        "debate_team": 8,
        "score": 78.0,
        "position": 3
    }
},
{
    "model": "results.speakerscorebyadj",
    "pk": 64,
    "fields": {
        "ballot_submission": 8,
        "debate_adjudicator": 14,
        "debate_team": 8,
        "score": 39.5,
        "position": 4
    }
},
{
    "model": "results.speakerscorebyadj",
    "pk": 65,
    "fields": {
        "ballot_submission": 9,
        "debate_adjudicator": 16,
        "debate_team": 15,
        "score": 68.0,
        "position": 1
    }
},
{
    "model": "results.speakerscorebyadj",
    "pk": 66,
    "fields": {
        "ballot_submission": 9,
        "debate_adjudicator": 16,
        "debate_team": 15,
        "score": 81.0,
        "position": 2
    }
},
{
    "model": "results.speakerscorebyadj",
    "pk": 67,
    "fields": {
        "ballot_submission": 9,
        "debate_adjudicator": 16,
        "debate_team": 15,
        "score": 82.0,
        "position": 3
    }
},
{
    "model": "results.speakerscorebyadj",
    "pk": 68,
    "fields": {
        "ballot_submission": 9,
        "debate_adjudicator": 16,
        "debate_team": 15,
        "score": 36.5,
        "position": 4
    }
},
{
    "model": "results.speakerscorebyadj",
    "pk": 69,
    "fields": {
        "ballot_submission": 9,
        "debate_adjudicator": 16,
        "debate_team": 16,
        "score": 79.0,
        "position": 1
    }
},
{
    "model": "results.speakerscorebyadj",
    "pk": 70,
    "fields": {
        "ballot_submission": 9,
        "debate_adjudicator": 16,
        "debate_team": 16,
        "score": 78.0,
        "position": 2
    }
},
{
    "model": "results.speakerscorebyadj",
    "pk": 71,
    "fields": {
        "ballot_submission": 9,
        "debate_adjudicator": 16,
        "debate_team": 16,
        "score": 79.0,
        "position": 3
    }
},
{
    "model": "results.speakerscorebyadj",
    "pk": 72,
    "fields": {
        "ballot_submission": 9,
        "debate_adjudicator": 16,
        "debate_team": 16,
        "score": 40.5,
        "position": 4
    }
},
{
    "model": "results.speakerscorebyadj",
    "pk": 73,
    "fields": {
        "ballot_submission": 10,
        "debate_adjudicator": 18,
        "debate_team": 23,
        "score": 73.0,
        "position": 1
    }
},
{
    "model": "results.speakerscorebyadj",
    "pk": 74,
    "fields": {
        "ballot_submission": 10,
        "debate_adjudicator": 18,
        "debate_team": 23,
        "score": 76.0,
        "position": 2
    }
},
{
    "model": "results.speakerscorebyadj",
    "pk": 75,
    "fields": {
        "ballot_submission": 10,
        "debate_adjudicator": 18,
        "debate_team": 23,
        "score": 82.0,
        "position": 3
    }
},
{
    "model": "results.speakerscorebyadj",
    "pk": 76,
    "fields": {
        "ballot_submission": 10,
        "debate_adjudicator": 18,
        "debate_team": 23,
        "score": 34.0,
        "position": 4
    }
},
{
    "model": "results.speakerscorebyadj",
    "pk": 77,
    "fields": {
        "ballot_submission": 10,
        "debate_adjudicator": 18,
        "debate_team": 24,
        "score": 70.0,
        "position": 1
    }
},
{
    "model": "results.speakerscorebyadj",
    "pk": 78,
    "fields": {
        "ballot_submission": 10,
        "debate_adjudicator": 18,
        "debate_team": 24,
        "score": 81.0,
        "position": 2
    }
},
{
    "model": "results.speakerscorebyadj",
    "pk": 79,
    "fields": {
        "ballot_submission": 10,
        "debate_adjudicator": 18,
        "debate_team": 24,
        "score": 81.0,
        "position": 3
    }
},
{
    "model": "results.speakerscorebyadj",
    "pk": 80,
    "fields": {
        "ballot_submission": 10,
        "debate_adjudicator": 18,
        "debate_team": 24,
        "score": 39.5,
        "position": 4
    }
},
{
    "model": "results.speakerscorebyadj",
    "pk": 81,
    "fields": {
        "ballot_submission": 10,
        "debate_adjudicator": 19,
        "debate_team": 23,
        "score": 78.0,
        "position": 1
    }
},
{
    "model": "results.speakerscorebyadj",
    "pk": 82,
    "fields": {
        "ballot_submission": 10,
        "debate_adjudicator": 19,
        "debate_team": 23,
        "score": 78.0,
        "position": 2
    }
},
{
    "model": "results.speakerscorebyadj",
    "pk": 83,
    "fields": {
        "ballot_submission": 10,
        "debate_adjudicator": 19,
        "debate_team": 23,
        "score": 71.0,
        "position": 3
    }
},
{
    "model": "results.speakerscorebyadj",
    "pk": 84,
    "fields": {
        "ballot_submission": 10,
        "debate_adjudicator": 19,
        "debate_team": 23,
        "score": 35.5,
        "position": 4
    }
},
{
    "model": "results.speakerscorebyadj",
    "pk": 85,
    "fields": {
        "ballot_submission": 10,
        "debate_adjudicator": 19,
        "debate_team": 24,
        "score": 80.0,
        "position": 1
    }
},
{
    "model": "results.speakerscorebyadj",
    "pk": 86,
    "fields": {
        "ballot_submission": 10,
        "debate_adjudicator": 19,
        "debate_team": 24,
        "score": 73.0,
        "position": 2
    }
},
{
    "model": "results.speakerscorebyadj",
    "pk": 87,
    "fields": {
        "ballot_submission": 10,
        "debate_adjudicator": 19,
        "debate_team": 24,
        "score": 76.0,
        "position": 3
    }
},
{
    "model": "results.speakerscorebyadj",
    "pk": 88,
    "fields": {
        "ballot_submission": 10,
        "debate_adjudicator": 19,
        "debate_team": 24,
        "score": 34.5,
        "position": 4
    }
},
{
    "model": "results.speakerscorebyadj",
    "pk": 89,
    "fields": {
        "ballot_submission": 10,
        "debate_adjudicator": 20,
        "debate_team": 23,
        "score": 82.0,
        "position": 1
    }
},
{
    "model": "results.speakerscorebyadj",
    "pk": 90,
    "fields": {
        "ballot_submission": 10,
        "debate_adjudicator": 20,
        "debate_team": 23,
        "score": 74.0,
        "position": 2
    }
},
{
    "model": "results.speakerscorebyadj",
    "pk": 91,
    "fields": {
        "ballot_submission": 10,
        "debate_adjudicator": 20,
        "debate_team": 23,
        "score": 77.0,
        "position": 3
    }
},
{
    "model": "results.speakerscorebyadj",
    "pk": 92,
    "fields": {
        "ballot_submission": 10,
        "debate_adjudicator": 20,
        "debate_team": 23,
        "score": 41.0,
        "position": 4
    }
},
{
    "model": "results.speakerscorebyadj",
    "pk": 93,
    "fields": {
        "ballot_submission": 10,
        "debate_adjudicator": 20,
        "debate_team": 24,
        "score": 78.0,
        "position": 1
    }
},
{
    "model": "results.speakerscorebyadj",
    "pk": 94,
    "fields": {
        "ballot_submission": 10,
        "debate_adjudicator": 20,
        "debate_team": 24,
        "score": 74.0,
        "position": 2
    }
},
{
    "model": "results.speakerscorebyadj",
    "pk": 95,
    "fields": {
        "ballot_submission": 10,
        "debate_adjudicator": 20,
        "debate_team": 24,
        "score": 81.0,
        "position": 3
    }
},
{
    "model": "results.speakerscorebyadj",
    "pk": 96,
    "fields": {
        "ballot_submission": 10,
        "debate_adjudicator": 20,
        "debate_team": 24,
        "score": 39.5,
        "position": 4
    }
},
{
    "model": "results.speakerscorebyadj",
    "pk": 97,
    "fields": {
        "ballot_submission": 11,
        "debate_adjudicator": 21,
        "debate_team": 19,
        "score": 69.0,
        "position": 1
    }
},
{
    "model": "results.speakerscorebyadj",
    "pk": 98,
    "fields": {
        "ballot_submission": 11,
        "debate_adjudicator": 21,
        "debate_team": 19,
        "score": 68.0,
        "position": 2
    }
},
{
    "model": "results.speakerscorebyadj",
    "pk": 99,
    "fields": {
        "ballot_submission": 11,
        "debate_adjudicator": 21,
        "debate_team": 19,
        "score": 69.0,
        "position": 3
    }
},
{
    "model": "results.speakerscorebyadj",
    "pk": 100,
    "fields": {
        "ballot_submission": 11,
        "debate_adjudicator": 21,
        "debate_team": 19,
        "score": 37.5,
        "position": 4
    }
},
{
    "model": "results.speakerscorebyadj",
    "pk": 101,
    "fields": {
        "ballot_submission": 11,
        "debate_adjudicator": 21,
        "debate_team": 20,
        "score": 70.0,
        "position": 1
    }
},
{
    "model": "results.speakerscorebyadj",
    "pk": 102,
    "fields": {
        "ballot_submission": 11,
        "debate_adjudicator": 21,
        "debate_team": 20,
        "score": 68.0,
        "position": 2
    }
},
{
    "model": "results.speakerscorebyadj",
    "pk": 103,
    "fields": {
        "ballot_submission": 11,
        "debate_adjudicator": 21,
        "debate_team": 20,
        "score": 77.0,
        "position": 3
    }
},
{
    "model": "results.speakerscorebyadj",
    "pk": 104,
    "fields": {
        "ballot_submission": 11,
        "debate_adjudicator": 21,
        "debate_team": 20,
        "score": 35.0,
        "position": 4
    }
},
{
    "model": "results.speakerscorebyadj",
    "pk": 105,
    "fields": {
        "ballot_submission": 11,
        "debate_adjudicator": 22,
        "debate_team": 19,
        "score": 76.0,
        "position": 1
    }
},
{
    "model": "results.speakerscorebyadj",
    "pk": 106,
    "fields": {
        "ballot_submission": 11,
        "debate_adjudicator": 22,
        "debate_team": 19,
        "score": 75.0,
        "position": 2
    }
},
{
    "model": "results.speakerscorebyadj",
    "pk": 107,
    "fields": {
        "ballot_submission": 11,
        "debate_adjudicator": 22,
        "debate_team": 19,
        "score": 71.0,
        "position": 3
    }
},
{
    "model": "results.speakerscorebyadj",
    "pk": 108,
    "fields": {
        "ballot_submission": 11,
        "debate_adjudicator": 22,
        "debate_team": 19,
        "score": 35.0,
        "position": 4
    }
},
{
    "model": "results.speakerscorebyadj",
    "pk": 109,
    "fields": {
        "ballot_submission": 11,
        "debate_adjudicator": 22,
        "debate_team": 20,
        "score": 81.0,
        "position": 1
    }
},
{
    "model": "results.speakerscorebyadj",
    "pk": 110,
    "fields": {
        "ballot_submission": 11,
        "debate_adjudicator": 22,
        "debate_team": 20,
        "score": 73.0,
        "position": 2
    }
},
{
    "model": "results.speakerscorebyadj",
    "pk": 111,
    "fields": {
        "ballot_submission": 11,
        "debate_adjudicator": 22,
        "debate_team": 20,
        "score": 71.0,
        "position": 3
    }
},
{
    "model": "results.speakerscorebyadj",
    "pk": 112,
    "fields": {
        "ballot_submission": 11,
        "debate_adjudicator": 22,
        "debate_team": 20,
        "score": 34.0,
        "position": 4
    }
},
{
    "model": "results.speakerscorebyadj",
    "pk": 113,
    "fields": {
        "ballot_submission": 11,
        "debate_adjudicator": 23,
        "debate_team": 19,
        "score": 69.0,
        "position": 1
    }
},
{
    "model": "results.speakerscorebyadj",
    "pk": 114,
    "fields": {
        "ballot_submission": 11,
        "debate_adjudicator": 23,
        "debate_team": 19,
        "score": 82.0,
        "position": 2
    }
},
{
    "model": "results.speakerscorebyadj",
    "pk": 115,
    "fields": {
        "ballot_submission": 11,
        "debate_adjudicator": 23,
        "debate_team": 19,
        "score": 74.0,
        "position": 3
    }
},
{
    "model": "results.speakerscorebyadj",
    "pk": 116,
    "fields": {
        "ballot_submission": 11,
        "debate_adjudicator": 23,
        "debate_team": 19,
        "score": 39.5,
        "position": 4
    }
},
{
    "model": "results.speakerscorebyadj",
    "pk": 117,
    "fields": {
        "ballot_submission": 11,
        "debate_adjudicator": 23,
        "debate_team": 20,
        "score": 68.0,
        "position": 1
    }
},
{
    "model": "results.speakerscorebyadj",
    "pk": 118,
    "fields": {
        "ballot_submission": 11,
        "debate_adjudicator": 23,
        "debate_team": 20,
        "score": 76.0,
        "position": 2
    }
},
{
    "model": "results.speakerscorebyadj",
    "pk": 119,
    "fields": {
        "ballot_submission": 11,
        "debate_adjudicator": 23,
        "debate_team": 20,
        "score": 79.0,
        "position": 3
    }
},
{
    "model": "results.speakerscorebyadj",
    "pk": 120,
    "fields": {
        "ballot_submission": 11,
        "debate_adjudicator": 23,
        "debate_team": 20,
        "score": 34.5,
        "position": 4
    }
},
{
    "model": "results.speakerscorebyadj",
    "pk": 121,
    "fields": {
        "ballot_submission": 12,
        "debate_adjudicator": 24,
        "debate_team": 3,
        "score": 82.0,
        "position": 1
    }
},
{
    "model": "results.speakerscorebyadj",
    "pk": 122,
    "fields": {
        "ballot_submission": 12,
        "debate_adjudicator": 24,
        "debate_team": 3,
        "score": 69.0,
        "position": 2
    }
},
{
    "model": "results.speakerscorebyadj",
    "pk": 123,
    "fields": {
        "ballot_submission": 12,
        "debate_adjudicator": 24,
        "debate_team": 3,
        "score": 77.0,
        "position": 3
    }
},
{
    "model": "results.speakerscorebyadj",
    "pk": 124,
    "fields": {
        "ballot_submission": 12,
        "debate_adjudicator": 24,
        "debate_team": 3,
        "score": 34.5,
        "position": 4
    }
},
{
    "model": "results.speakerscorebyadj",
    "pk": 125,
    "fields": {
        "ballot_submission": 12,
        "debate_adjudicator": 24,
        "debate_team": 4,
        "score": 73.0,
        "position": 1
    }
},
{
    "model": "results.speakerscorebyadj",
    "pk": 126,
    "fields": {
        "ballot_submission": 12,
        "debate_adjudicator": 24,
        "debate_team": 4,
        "score": 70.0,
        "position": 2
    }
},
{
    "model": "results.speakerscorebyadj",
    "pk": 127,
    "fields": {
        "ballot_submission": 12,
        "debate_adjudicator": 24,
        "debate_team": 4,
        "score": 79.0,
        "position": 3
    }
},
{
    "model": "results.speakerscorebyadj",
    "pk": 128,
    "fields": {
        "ballot_submission": 12,
        "debate_adjudicator": 24,
        "debate_team": 4,
        "score": 37.5,
        "position": 4
    }
},
{
    "model": "results.speakerscorebyadj",
    "pk": 129,
    "fields": {
        "ballot_submission": 12,
        "debate_adjudicator": 25,
        "debate_team": 3,
        "score": 79.0,
        "position": 1
    }
},
{
    "model": "results.speakerscorebyadj",
    "pk": 130,
    "fields": {
        "ballot_submission": 12,
        "debate_adjudicator": 25,
        "debate_team": 3,
        "score": 74.0,
        "position": 2
    }
},
{
    "model": "results.speakerscorebyadj",
    "pk": 131,
    "fields": {
        "ballot_submission": 12,
        "debate_adjudicator": 25,
        "debate_team": 3,
        "score": 78.0,
        "position": 3
    }
},
{
    "model": "results.speakerscorebyadj",
    "pk": 132,
    "fields": {
        "ballot_submission": 12,
        "debate_adjudicator": 25,
        "debate_team": 3,
        "score": 36.0,
        "position": 4
    }
},
{
    "model": "results.speakerscorebyadj",
    "pk": 133,
    "fields": {
        "ballot_submission": 12,
        "debate_adjudicator": 25,
        "debate_team": 4,
        "score": 76.0,
        "position": 1
    }
},
{
    "model": "results.speakerscorebyadj",
    "pk": 134,
    "fields": {
        "ballot_submission": 12,
        "debate_adjudicator": 25,
        "debate_team": 4,
        "score": 72.0,
        "position": 2
    }
},
{
    "model": "results.speakerscorebyadj",
    "pk": 135,
    "fields": {
        "ballot_submission": 12,
        "debate_adjudicator": 25,
        "debate_team": 4,
        "score": 68.0,
        "position": 3
    }
},
{
    "model": "results.speakerscorebyadj",
    "pk": 136,
    "fields": {
        "ballot_submission": 12,
        "debate_adjudicator": 25,
        "debate_team": 4,
        "score": 38.5,
        "position": 4
    }
},
{
    "model": "results.speakerscorebyadj",
    "pk": 137,
    "fields": {
        "ballot_submission": 12,
        "debate_adjudicator": 26,
        "debate_team": 3,
        "score": 77.0,
        "position": 1
    }
},
{
    "model": "results.speakerscorebyadj",
    "pk": 138,
    "fields": {
        "ballot_submission": 12,
        "debate_adjudicator": 26,
        "debate_team": 3,
        "score": 80.0,
        "position": 2
    }
},
{
    "model": "results.speakerscorebyadj",
    "pk": 139,
    "fields": {
        "ballot_submission": 12,
        "debate_adjudicator": 26,
        "debate_team": 3,
        "score": 69.0,
        "position": 3
    }
},
{
    "model": "results.speakerscorebyadj",
    "pk": 140,
    "fields": {
        "ballot_submission": 12,
        "debate_adjudicator": 26,
        "debate_team": 3,
        "score": 37.0,
        "position": 4
    }
},
{
    "model": "results.speakerscorebyadj",
    "pk": 141,
    "fields": {
        "ballot_submission": 12,
        "debate_adjudicator": 26,
        "debate_team": 4,
        "score": 69.0,
        "position": 1
    }
},
{
    "model": "results.speakerscorebyadj",
    "pk": 142,
    "fields": {
        "ballot_submission": 12,
        "debate_adjudicator": 26,
        "debate_team": 4,
        "score": 69.0,
        "position": 2
    }
},
{
    "model": "results.speakerscorebyadj",
    "pk": 143,
    "fields": {
        "ballot_submission": 12,
        "debate_adjudicator": 26,
        "debate_team": 4,
        "score": 82.0,
        "position": 3
    }
},
{
    "model": "results.speakerscorebyadj",
    "pk": 144,
    "fields": {
        "ballot_submission": 12,
        "debate_adjudicator": 26,
        "debate_team": 4,
        "score": 35.5,
        "position": 4
    }
},
{
    "model": "results.teamscore",
    "pk": 1,
    "fields": {
        "ballot_submission": 1,
        "debate_team": 13,
        "points": 1,
        "win": true,
        "margin": 24.0,
        "score": 276.0,
        "votes_given": 1,
        "votes_possible": 1,
        "forfeit": false
    }
},
{
    "model": "results.teamscore",
    "pk": 2,
    "fields": {
        "ballot_submission": 1,
        "debate_team": 14,
        "points": 0,
        "win": false,
        "margin": -24.0,
        "score": 252.0,
        "votes_given": 0,
        "votes_possible": 1,
        "forfeit": false
    }
},
{
    "model": "results.teamscore",
    "pk": 3,
    "fields": {
        "ballot_submission": 2,
        "debate_team": 5,
        "points": 0,
        "win": false,
        "margin": -1.5,
        "score": 263.5,
        "votes_given": 0,
        "votes_possible": 1,
        "forfeit": false
    }
},
{
    "model": "results.teamscore",
    "pk": 4,
    "fields": {
        "ballot_submission": 2,
        "debate_team": 6,
        "points": 1,
        "win": true,
        "margin": 1.5,
        "score": 265.0,
        "votes_given": 1,
        "votes_possible": 1,
        "forfeit": false
    }
},
{
    "model": "results.teamscore",
    "pk": 5,
    "fields": {
        "ballot_submission": 3,
        "debate_team": 21,
        "points": 1,
        "win": true,
        "margin": 1.0,
        "score": 262.5,
        "votes_given": 1,
        "votes_possible": 1,
        "forfeit": false
    }
},
{
    "model": "results.teamscore",
    "pk": 6,
    "fields": {
        "ballot_submission": 3,
        "debate_team": 22,
        "points": 0,
        "win": false,
        "margin": -1.0,
        "score": 261.5,
        "votes_given": 0,
        "votes_possible": 1,
        "forfeit": false
    }
},
{
    "model": "results.teamscore",
    "pk": 7,
    "fields": {
        "ballot_submission": 4,
        "debate_team": 1,
        "points": 0,
        "win": false,
        "margin": -0.5,
        "score": 267.0,
        "votes_given": 0,
        "votes_possible": 1,
        "forfeit": false
    }
},
{
    "model": "results.teamscore",
    "pk": 8,
    "fields": {
        "ballot_submission": 4,
        "debate_team": 2,
        "points": 1,
        "win": true,
        "margin": 0.5,
        "score": 267.5,
        "votes_given": 1,
        "votes_possible": 1,
        "forfeit": false
    }
},
{
    "model": "results.teamscore",
    "pk": 9,
    "fields": {
        "ballot_submission": 5,
        "debate_team": 9,
        "points": 1,
        "win": true,
        "margin": 3.0,
        "score": 271.0,
        "votes_given": 1,
        "votes_possible": 1,
        "forfeit": false
    }
},
{
    "model": "results.teamscore",
    "pk": 10,
    "fields": {
        "ballot_submission": 5,
        "debate_team": 10,
        "points": 0,
        "win": false,
        "margin": -3.0,
        "score": 268.0,
        "votes_given": 0,
        "votes_possible": 1,
        "forfeit": false
    }
},
{
    "model": "results.teamscore",
    "pk": 11,
    "fields": {
        "ballot_submission": 6,
        "debate_team": 11,
        "points": 1,
        "win": true,
        "margin": 4.0,
        "score": 260.5,
        "votes_given": 1,
        "votes_possible": 1,
        "forfeit": false
    }
},
{
    "model": "results.teamscore",
    "pk": 12,
    "fields": {
        "ballot_submission": 6,
        "debate_team": 12,
        "points": 0,
        "win": false,
        "margin": -4.0,
        "score": 256.5,
        "votes_given": 0,
        "votes_possible": 1,
        "forfeit": false
    }
},
{
    "model": "results.teamscore",
    "pk": 13,
    "fields": {
        "ballot_submission": 7,
        "debate_team": 17,
        "points": 0,
        "win": false,
        "margin": -20.0,
        "score": 256.0,
        "votes_given": 0,
        "votes_possible": 1,
        "forfeit": false
    }
},
{
    "model": "results.teamscore",
    "pk": 14,
    "fields": {
        "ballot_submission": 7,
        "debate_team": 18,
        "points": 1,
        "win": true,
        "margin": 20.0,
        "score": 276.0,
        "votes_given": 1,
        "votes_possible": 1,
        "forfeit": false
    }
},
{
    "model": "results.teamscore",
    "pk": 15,
    "fields": {
        "ballot_submission": 8,
        "debate_team": 7,
        "points": 1,
        "win": true,
        "margin": 9.5,
        "score": 276.0,
        "votes_given": 1,
        "votes_possible": 1,
        "forfeit": false
    }
},
{
    "model": "results.teamscore",
    "pk": 16,
    "fields": {
        "ballot_submission": 8,
        "debate_team": 8,
        "points": 0,
        "win": false,
        "margin": -9.5,
        "score": 266.5,
        "votes_given": 0,
        "votes_possible": 1,
        "forfeit": false
    }
},
{
    "model": "results.teamscore",
    "pk": 17,
    "fields": {
        "ballot_submission": 9,
        "debate_team": 15,
        "points": 0,
        "win": false,
        "margin": -9.0,
        "score": 267.5,
        "votes_given": 0,
        "votes_possible": 1,
        "forfeit": false
    }
},
{
    "model": "results.teamscore",
    "pk": 18,
    "fields": {
        "ballot_submission": 9,
        "debate_team": 16,
        "points": 1,
        "win": true,
        "margin": 9.0,
        "score": 276.5,
        "votes_given": 1,
        "votes_possible": 1,
        "forfeit": false
    }
},
{
    "model": "results.teamscore",
    "pk": 19,
    "fields": {
        "ballot_submission": 10,
        "debate_team": 23,
        "points": 0,
        "win": false,
        "margin": -3.75,
        "score": 263.75,
        "votes_given": 1,
        "votes_possible": 3,
        "forfeit": false
    }
},
{
    "model": "results.teamscore",
    "pk": 20,
    "fields": {
        "ballot_submission": 10,
        "debate_team": 24,
        "points": 1,
        "win": true,
        "margin": 3.75,
        "score": 267.5,
        "votes_given": 2,
        "votes_possible": 3,
        "forfeit": false
    }
},
{
    "model": "results.teamscore",
    "pk": 21,
    "fields": {
        "ballot_submission": 11,
        "debate_team": 19,
        "points": 0,
        "win": false,
        "margin": -4.25,
        "score": 250.25,
        "votes_given": 1,
        "votes_possible": 3,
        "forfeit": false
    }
},
{
    "model": "results.teamscore",
    "pk": 22,
    "fields": {
        "ballot_submission": 11,
        "debate_team": 20,
        "points": 1,
        "win": true,
        "margin": 4.25,
        "score": 254.5,
        "votes_given": 2,
        "votes_possible": 3,
        "forfeit": false
    }
},
{
    "model": "results.teamscore",
    "pk": 23,
    "fields": {
        "ballot_submission": 12,
        "debate_team": 3,
        "points": 1,
        "win": true,
        "margin": 7.66666666666669,
        "score": 264.166666666667,
        "votes_given": 3,
        "votes_possible": 3,
        "forfeit": false
    }
},
{
    "model": "results.teamscore",
    "pk": 24,
    "fields": {
        "ballot_submission": 12,
        "debate_team": 4,
        "points": 0,
        "win": false,
        "margin": -7.66666666666669,
        "score": 256.5,
        "votes_given": 0,
        "votes_possible": 3,
        "forfeit": false
    }
},
{
    "model": "results.speakerscore",
    "pk": 1,
    "fields": {
        "ballot_submission": 1,
        "debate_team": 13,
        "speaker": 31,
        "score": 82.0,
        "position": 1,
        "ghost": false
    }
},
{
    "model": "results.speakerscore",
    "pk": 2,
    "fields": {
        "ballot_submission": 1,
        "debate_team": 13,
        "speaker": 32,
        "score": 82.0,
        "position": 2,
        "ghost": false
    }
},
{
    "model": "results.speakerscore",
    "pk": 3,
    "fields": {
        "ballot_submission": 1,
        "debate_team": 13,
        "speaker": 33,
        "score": 76.0,
        "position": 3,
        "ghost": false
    }
},
{
    "model": "results.speakerscore",
    "pk": 4,
    "fields": {
        "ballot_submission": 1,
        "debate_team": 13,
        "speaker": 31,
        "score": 36.0,
        "position": 4,
        "ghost": false
    }
},
{
    "model": "results.speakerscore",
    "pk": 5,
    "fields": {
        "ballot_submission": 1,
        "debate_team": 14,
        "speaker": 55,
        "score": 76.0,
        "position": 1,
        "ghost": false
    }
},
{
    "model": "results.speakerscore",
    "pk": 6,
    "fields": {
        "ballot_submission": 1,
        "debate_team": 14,
        "speaker": 56,
        "score": 68.0,
        "position": 2,
        "ghost": false
    }
},
{
    "model": "results.speakerscore",
    "pk": 7,
    "fields": {
        "ballot_submission": 1,
        "debate_team": 14,
        "speaker": 57,
        "score": 74.0,
        "position": 3,
        "ghost": false
    }
},
{
    "model": "results.speakerscore",
    "pk": 8,
    "fields": {
        "ballot_submission": 1,
        "debate_team": 14,
        "speaker": 55,
        "score": 34.0,
        "position": 4,
        "ghost": false
    }
},
{
    "model": "results.speakerscore",
    "pk": 9,
    "fields": {
        "ballot_submission": 2,
        "debate_team": 5,
        "speaker": 46,
        "score": 77.0,
        "position": 1,
        "ghost": false
    }
},
{
    "model": "results.speakerscore",
    "pk": 10,
    "fields": {
        "ballot_submission": 2,
        "debate_team": 5,
        "speaker": 47,
        "score": 73.0,
        "position": 2,
        "ghost": false
    }
},
{
    "model": "results.speakerscore",
    "pk": 11,
    "fields": {
        "ballot_submission": 2,
        "debate_team": 5,
        "speaker": 48,
        "score": 75.0,
        "position": 3,
        "ghost": false
    }
},
{
    "model": "results.speakerscore",
    "pk": 12,
    "fields": {
        "ballot_submission": 2,
        "debate_team": 5,
        "speaker": 46,
        "score": 38.5,
        "position": 4,
        "ghost": false
    }
},
{
    "model": "results.speakerscore",
    "pk": 13,
    "fields": {
        "ballot_submission": 2,
        "debate_team": 6,
        "speaker": 37,
        "score": 75.0,
        "position": 1,
        "ghost": false
    }
},
{
    "model": "results.speakerscore",
    "pk": 14,
    "fields": {
        "ballot_submission": 2,
        "debate_team": 6,
        "speaker": 38,
        "score": 80.0,
        "position": 2,
        "ghost": false
    }
},
{
    "model": "results.speakerscore",
    "pk": 15,
    "fields": {
        "ballot_submission": 2,
        "debate_team": 6,
        "speaker": 39,
        "score": 72.0,
        "position": 3,
        "ghost": false
    }
},
{
    "model": "results.speakerscore",
    "pk": 16,
    "fields": {
        "ballot_submission": 2,
        "debate_team": 6,
        "speaker": 37,
        "score": 38.0,
        "position": 4,
        "ghost": false
    }
},
{
    "model": "results.speakerscore",
    "pk": 17,
    "fields": {
        "ballot_submission": 3,
        "debate_team": 21,
        "speaker": 16,
        "score": 69.0,
        "position": 1,
        "ghost": false
    }
},
{
    "model": "results.speakerscore",
    "pk": 18,
    "fields": {
        "ballot_submission": 3,
        "debate_team": 21,
        "speaker": 17,
        "score": 77.0,
        "position": 2,
        "ghost": false
    }
},
{
    "model": "results.speakerscore",
    "pk": 19,
    "fields": {
        "ballot_submission": 3,
        "debate_team": 21,
        "speaker": 18,
        "score": 79.0,
        "position": 3,
        "ghost": false
    }
},
{
    "model": "results.speakerscore",
    "pk": 20,
    "fields": {
        "ballot_submission": 3,
        "debate_team": 21,
        "speaker": 16,
        "score": 37.5,
        "position": 4,
        "ghost": false
    }
},
{
    "model": "results.speakerscore",
    "pk": 21,
    "fields": {
        "ballot_submission": 3,
        "debate_team": 22,
        "speaker": 61,
        "score": 72.0,
        "position": 1,
        "ghost": false
    }
},
{
    "model": "results.speakerscore",
    "pk": 22,
    "fields": {
        "ballot_submission": 3,
        "debate_team": 22,
        "speaker": 62,
        "score": 81.0,
        "position": 2,
        "ghost": false
    }
},
{
    "model": "results.speakerscore",
    "pk": 23,
    "fields": {
        "ballot_submission": 3,
        "debate_team": 22,
        "speaker": 63,
        "score": 70.0,
        "position": 3,
        "ghost": false
    }
},
{
    "model": "results.speakerscore",
    "pk": 24,
    "fields": {
        "ballot_submission": 3,
        "debate_team": 22,
        "speaker": 61,
        "score": 38.5,
        "position": 4,
        "ghost": false
    }
},
{
    "model": "results.speakerscore",
    "pk": 25,
    "fields": {
        "ballot_submission": 4,
        "debate_team": 1,
        "speaker": 34,
        "score": 77.0,
        "position": 1,
        "ghost": false
    }
},
{
    "model": "results.speakerscore",
    "pk": 26,
    "fields": {
        "ballot_submission": 4,
        "debate_team": 1,
        "speaker": 35,
        "score": 79.0,
        "position": 2,
        "ghost": false
    }
},
{
    "model": "results.speakerscore",
    "pk": 27,
    "fields": {
        "ballot_submission": 4,
        "debate_team": 1,
        "speaker": 36,
        "score": 70.0,
        "position": 3,
        "ghost": false
    }
},
{
    "model": "results.speakerscore",
    "pk": 28,
    "fields": {
        "ballot_submission": 4,
        "debate_team": 1,
        "speaker": 34,
        "score": 41.0,
        "position": 4,
        "ghost": false
    }
},
{
    "model": "results.speakerscore",
    "pk": 29,
    "fields": {
        "ballot_submission": 4,
        "debate_team": 2,
        "speaker": 52,
        "score": 76.0,
        "position": 1,
        "ghost": false
    }
},
{
    "model": "results.speakerscore",
    "pk": 30,
    "fields": {
        "ballot_submission": 4,
        "debate_team": 2,
        "speaker": 53,
        "score": 81.0,
        "position": 2,
        "ghost": false
    }
},
{
    "model": "results.speakerscore",
    "pk": 31,
    "fields": {
        "ballot_submission": 4,
        "debate_team": 2,
        "speaker": 54,
        "score": 74.0,
        "position": 3,
        "ghost": false
    }
},
{
    "model": "results.speakerscore",
    "pk": 32,
    "fields": {
        "ballot_submission": 4,
        "debate_team": 2,
        "speaker": 52,
        "score": 36.5,
        "position": 4,
        "ghost": false
    }
},
{
    "model": "results.speakerscore",
    "pk": 33,
    "fields": {
        "ballot_submission": 5,
        "debate_team": 9,
        "speaker": 7,
        "score": 73.0,
        "position": 1,
        "ghost": false
    }
},
{
    "model": "results.speakerscore",
    "pk": 34,
    "fields": {
        "ballot_submission": 5,
        "debate_team": 9,
        "speaker": 8,
        "score": 79.0,
        "position": 2,
        "ghost": false
    }
},
{
    "model": "results.speakerscore",
    "pk": 35,
    "fields": {
        "ballot_submission": 5,
        "debate_team": 9,
        "speaker": 9,
        "score": 81.0,
        "position": 3,
        "ghost": false
    }
},
{
    "model": "results.speakerscore",
    "pk": 36,
    "fields": {
        "ballot_submission": 5,
        "debate_team": 9,
        "speaker": 7,
        "score": 38.0,
        "position": 4,
        "ghost": false
    }
},
{
    "model": "results.speakerscore",
    "pk": 37,
    "fields": {
        "ballot_submission": 5,
        "debate_team": 10,
        "speaker": 22,
        "score": 74.0,
        "position": 1,
        "ghost": false
    }
},
{
    "model": "results.speakerscore",
    "pk": 38,
    "fields": {
        "ballot_submission": 5,
        "debate_team": 10,
        "speaker": 23,
        "score": 75.0,
        "position": 2,
        "ghost": false
    }
},
{
    "model": "results.speakerscore",
    "pk": 39,
    "fields": {
        "ballot_submission": 5,
        "debate_team": 10,
        "speaker": 24,
        "score": 78.0,
        "position": 3,
        "ghost": false
    }
},
{
    "model": "results.speakerscore",
    "pk": 40,
    "fields": {
        "ballot_submission": 5,
        "debate_team": 10,
        "speaker": 22,
        "score": 41.0,
        "position": 4,
        "ghost": false
    }
},
{
    "model": "results.speakerscore",
    "pk": 41,
    "fields": {
        "ballot_submission": 6,
        "debate_team": 11,
        "speaker": 25,
        "score": 81.0,
        "position": 1,
        "ghost": false
    }
},
{
    "model": "results.speakerscore",
    "pk": 42,
    "fields": {
        "ballot_submission": 6,
        "debate_team": 11,
        "speaker": 26,
        "score": 69.0,
        "position": 2,
        "ghost": false
    }
},
{
    "model": "results.speakerscore",
    "pk": 43,
    "fields": {
        "ballot_submission": 6,
        "debate_team": 11,
        "speaker": 27,
        "score": 73.0,
        "position": 3,
        "ghost": false
    }
},
{
    "model": "results.speakerscore",
    "pk": 44,
    "fields": {
        "ballot_submission": 6,
        "debate_team": 11,
        "speaker": 25,
        "score": 37.5,
        "position": 4,
        "ghost": false
    }
},
{
    "model": "results.speakerscore",
    "pk": 45,
    "fields": {
        "ballot_submission": 6,
        "debate_team": 12,
        "speaker": 67,
        "score": 79.0,
        "position": 1,
        "ghost": false
    }
},
{
    "model": "results.speakerscore",
    "pk": 46,
    "fields": {
        "ballot_submission": 6,
        "debate_team": 12,
        "speaker": 68,
        "score": 71.0,
        "position": 2,
        "ghost": false
    }
},
{
    "model": "results.speakerscore",
    "pk": 47,
    "fields": {
        "ballot_submission": 6,
        "debate_team": 12,
        "speaker": 69,
        "score": 71.0,
        "position": 3,
        "ghost": false
    }
},
{
    "model": "results.speakerscore",
    "pk": 48,
    "fields": {
        "ballot_submission": 6,
        "debate_team": 12,
        "speaker": 67,
        "score": 35.5,
        "position": 4,
        "ghost": false
    }
},
{
    "model": "results.speakerscore",
    "pk": 49,
    "fields": {
        "ballot_submission": 7,
        "debate_team": 17,
        "speaker": 4,
        "score": 69.0,
        "position": 1,
        "ghost": false
    }
},
{
    "model": "results.speakerscore",
    "pk": 50,
    "fields": {
        "ballot_submission": 7,
        "debate_team": 17,
        "speaker": 5,
        "score": 82.0,
        "position": 2,
        "ghost": false
    }
},
{
    "model": "results.speakerscore",
    "pk": 51,
    "fields": {
        "ballot_submission": 7,
        "debate_team": 17,
        "speaker": 6,
        "score": 70.0,
        "position": 3,
        "ghost": false
    }
},
{
    "model": "results.speakerscore",
    "pk": 52,
    "fields": {
        "ballot_submission": 7,
        "debate_team": 17,
        "speaker": 4,
        "score": 35.0,
        "position": 4,
        "ghost": false
    }
},
{
    "model": "results.speakerscore",
    "pk": 53,
    "fields": {
        "ballot_submission": 7,
        "debate_team": 18,
        "speaker": 28,
        "score": 82.0,
        "position": 1,
        "ghost": false
    }
},
{
    "model": "results.speakerscore",
    "pk": 54,
    "fields": {
        "ballot_submission": 7,
        "debate_team": 18,
        "speaker": 29,
        "score": 75.0,
        "position": 2,
        "ghost": false
    }
},
{
    "model": "results.speakerscore",
    "pk": 55,
    "fields": {
        "ballot_submission": 7,
        "debate_team": 18,
        "speaker": 30,
        "score": 78.0,
        "position": 3,
        "ghost": false
    }
},
{
    "model": "results.speakerscore",
    "pk": 56,
    "fields": {
        "ballot_submission": 7,
        "debate_team": 18,
        "speaker": 28,
        "score": 41.0,
        "position": 4,
        "ghost": false
    }
},
{
    "model": "results.speakerscore",
    "pk": 57,
    "fields": {
        "ballot_submission": 8,
        "debate_team": 7,
        "speaker": 58,
        "score": 82.0,
        "position": 1,
        "ghost": false
    }
},
{
    "model": "results.speakerscore",
    "pk": 58,
    "fields": {
        "ballot_submission": 8,
        "debate_team": 7,
        "speaker": 59,
        "score": 79.0,
        "position": 2,
        "ghost": false
    }
},
{
    "model": "results.speakerscore",
    "pk": 59,
    "fields": {
        "ballot_submission": 8,
        "debate_team": 7,
        "speaker": 60,
        "score": 76.0,
        "position": 3,
        "ghost": false
    }
},
{
    "model": "results.speakerscore",
    "pk": 60,
    "fields": {
        "ballot_submission": 8,
        "debate_team": 7,
        "speaker": 58,
        "score": 39.0,
        "position": 4,
        "ghost": false
    }
},
{
    "model": "results.speakerscore",
    "pk": 61,
    "fields": {
        "ballot_submission": 8,
        "debate_team": 8,
        "speaker": 1,
        "score": 73.0,
        "position": 1,
        "ghost": false
    }
},
{
    "model": "results.speakerscore",
    "pk": 62,
    "fields": {
        "ballot_submission": 8,
        "debate_team": 8,
        "speaker": 2,
        "score": 76.0,
        "position": 2,
        "ghost": false
    }
},
{
    "model": "results.speakerscore",
    "pk": 63,
    "fields": {
        "ballot_submission": 8,
        "debate_team": 8,
        "speaker": 3,
        "score": 78.0,
        "position": 3,
        "ghost": false
    }
},
{
    "model": "results.speakerscore",
    "pk": 64,
    "fields": {
        "ballot_submission": 8,
        "debate_team": 8,
        "speaker": 1,
        "score": 39.5,
        "position": 4,
        "ghost": false
    }
},
{
    "model": "results.speakerscore",
    "pk": 65,
    "fields": {
        "ballot_submission": 9,
        "debate_team": 15,
        "speaker": 19,
        "score": 68.0,
        "position": 1,
        "ghost": false
    }
},
{
    "model": "results.speakerscore",
    "pk": 66,
    "fields": {
        "ballot_submission": 9,
        "debate_team": 15,
        "speaker": 20,
        "score": 81.0,
        "position": 2,
        "ghost": false
    }
},
{
    "model": "results.speakerscore",
    "pk": 67,
    "fields": {
        "ballot_submission": 9,
        "debate_team": 15,
        "speaker": 21,
        "score": 82.0,
        "position": 3,
        "ghost": false
    }
},
{
    "model": "results.speakerscore",
    "pk": 68,
    "fields": {
        "ballot_submission": 9,
        "debate_team": 15,
        "speaker": 19,
        "score": 36.5,
        "position": 4,
        "ghost": false
    }
},
{
    "model": "results.speakerscore",
    "pk": 69,
    "fields": {
        "ballot_submission": 9,
        "debate_team": 16,
        "speaker": 64,
        "score": 79.0,
        "position": 1,
        "ghost": false
    }
},
{
    "model": "results.speakerscore",
    "pk": 70,
    "fields": {
        "ballot_submission": 9,
        "debate_team": 16,
        "speaker": 65,
        "score": 78.0,
        "position": 2,
        "ghost": false
    }
},
{
    "model": "results.speakerscore",
    "pk": 71,
    "fields": {
        "ballot_submission": 9,
        "debate_team": 16,
        "speaker": 66,
        "score": 79.0,
        "position": 3,
        "ghost": false
    }
},
{
    "model": "results.speakerscore",
    "pk": 72,
    "fields": {
        "ballot_submission": 9,
        "debate_team": 16,
        "speaker": 64,
        "score": 40.5,
        "position": 4,
        "ghost": false
    }
},
{
    "model": "results.speakerscore",
    "pk": 73,
    "fields": {
        "ballot_submission": 10,
        "debate_team": 23,
        "speaker": 13,
        "score": 75.5,
        "position": 1,
        "ghost": false
    }
},
{
    "model": "results.speakerscore",
    "pk": 74,
    "fields": {
        "ballot_submission": 10,
        "debate_team": 23,
        "speaker": 14,
        "score": 77.0,
        "position": 2,
        "ghost": false
    }
},
{
    "model": "results.speakerscore",
    "pk": 75,
    "fields": {
        "ballot_submission": 10,
        "debate_team": 23,
        "speaker": 15,
        "score": 76.5,
        "position": 3,
        "ghost": false
    }
},
{
    "model": "results.speakerscore",
    "pk": 76,
    "fields": {
        "ballot_submission": 10,
        "debate_team": 23,
        "speaker": 13,
        "score": 34.75,
        "position": 4,
        "ghost": false
    }
},
{
    "model": "results.speakerscore",
    "pk": 77,
    "fields": {
        "ballot_submission": 10,
        "debate_team": 24,
        "speaker": 43,
        "score": 75.0,
        "position": 1,
        "ghost": false
    }
},
{
    "model": "results.speakerscore",
    "pk": 78,
    "fields": {
        "ballot_submission": 10,
        "debate_team": 24,
        "speaker": 44,
        "score": 77.0,
        "position": 2,
        "ghost": false
    }
},
{
    "model": "results.speakerscore",
    "pk": 79,
    "fields": {
        "ballot_submission": 10,
        "debate_team": 24,
        "speaker": 45,
        "score": 78.5,
        "position": 3,
        "ghost": false
    }
},
{
    "model": "results.speakerscore",
    "pk": 80,
    "fields": {
        "ballot_submission": 10,
        "debate_team": 24,
        "speaker": 43,
        "score": 37.0,
        "position": 4,
        "ghost": false
    }
},
{
    "model": "results.speakerscore",
    "pk": 81,
    "fields": {
        "ballot_submission": 11,
        "debate_team": 19,
        "speaker": 70,
        "score": 72.5,
        "position": 1,
        "ghost": false
    }
},
{
    "model": "results.speakerscore",
    "pk": 82,
    "fields": {
        "ballot_submission": 11,
        "debate_team": 19,
        "speaker": 71,
        "score": 71.5,
        "position": 2,
        "ghost": false
    }
},
{
    "model": "results.speakerscore",
    "pk": 83,
    "fields": {
        "ballot_submission": 11,
        "debate_team": 19,
        "speaker": 72,
        "score": 70.0,
        "position": 3,
        "ghost": false
    }
},
{
    "model": "results.speakerscore",
    "pk": 84,
    "fields": {
        "ballot_submission": 11,
        "debate_team": 19,
        "speaker": 70,
        "score": 36.25,
        "position": 4,
        "ghost": false
    }
},
{
    "model": "results.speakerscore",
    "pk": 85,
    "fields": {
        "ballot_submission": 11,
        "debate_team": 20,
        "speaker": 40,
        "score": 75.5,
        "position": 1,
        "ghost": false
    }
},
{
    "model": "results.speakerscore",
    "pk": 86,
    "fields": {
        "ballot_submission": 11,
        "debate_team": 20,
        "speaker": 41,
        "score": 70.5,
        "position": 2,
        "ghost": false
    }
},
{
    "model": "results.speakerscore",
    "pk": 87,
    "fields": {
        "ballot_submission": 11,
        "debate_team": 20,
        "speaker": 42,
        "score": 74.0,
        "position": 3,
        "ghost": false
    }
},
{
    "model": "results.speakerscore",
    "pk": 88,
    "fields": {
        "ballot_submission": 11,
        "debate_team": 20,
        "speaker": 40,
        "score": 34.5,
        "position": 4,
        "ghost": false
    }
},
{
    "model": "results.speakerscore",
    "pk": 89,
    "fields": {
        "ballot_submission": 12,
        "debate_team": 3,
        "speaker": 10,
        "score": 79.3333333333333,
        "position": 1,
        "ghost": false
    }
},
{
    "model": "results.speakerscore",
    "pk": 90,
    "fields": {
        "ballot_submission": 12,
        "debate_team": 3,
        "speaker": 11,
        "score": 74.3333333333333,
        "position": 2,
        "ghost": false
    }
},
{
    "model": "results.speakerscore",
    "pk": 91,
    "fields": {
        "ballot_submission": 12,
        "debate_team": 3,
        "speaker": 12,
        "score": 74.6666666666667,
        "position": 3,
        "ghost": false
    }
},
{
    "model": "results.speakerscore",
    "pk": 92,
    "fields": {
        "ballot_submission": 12,
        "debate_team": 3,
        "speaker": 10,
        "score": 35.8333333333333,
        "position": 4,
        "ghost": false
    }
},
{
    "model": "results.speakerscore",
    "pk": 93,
    "fields": {
        "ballot_submission": 12,
        "debate_team": 4,
        "speaker": 49,
        "score": 72.6666666666667,
        "position": 1,
        "ghost": false
    }
},
{
    "model": "results.speakerscore",
    "pk": 94,
    "fields": {
        "ballot_submission": 12,
        "debate_team": 4,
        "speaker": 50,
        "score": 70.3333333333333,
        "position": 2,
        "ghost": false
    }
},
{
    "model": "results.speakerscore",
    "pk": 95,
    "fields": {
        "ballot_submission": 12,
        "debate_team": 4,
        "speaker": 51,
        "score": 76.3333333333333,
        "position": 3,
        "ghost": false
    }
},
{
    "model": "results.speakerscore",
    "pk": 96,
    "fields": {
        "ballot_submission": 12,
        "debate_team": 4,
        "speaker": 49,
        "score": 37.1666666666667,
        "position": 4,
        "ghost": false
    }
},
{
    "model": "tournaments.tournament",
    "pk": 1,
    "fields": {
        "name": "demo",
        "short_name": "demo",
        "emoji": null,
        "seq": null,
        "slug": "demo",
        "current_round": 2,
        "welcome_msg": "",
        "active": true
    }
},
{
    "model": "tournaments.round",
    "pk": 1,
    "fields": {
        "tournament": 1,
        "seq": 1,
        "name": "Round 1",
        "abbreviation": "R1",
        "stage": "P",
        "draw_type": "R",
        "break_category": null,
        "draw_status": "C",
        "feedback_weight": 0.7,
        "silent": false,
        "motions_released": false,
        "starts_at": null
    }
},
{
    "model": "tournaments.round",
    "pk": 2,
    "fields": {
        "tournament": 1,
        "seq": 2,
        "name": "Round 2",
        "abbreviation": "R2",
        "stage": "P",
        "draw_type": "P",
        "break_category": null,
        "draw_status": "N",
        "feedback_weight": 0.7,
        "silent": false,
        "motions_released": false,
        "starts_at": null
    }
},
{
    "model": "tournaments.round",
    "pk": 3,
    "fields": {
        "tournament": 1,
        "seq": 3,
        "name": "Round 3",
        "abbreviation": "R3",
        "stage": "P",
        "draw_type": "P",
        "break_category": null,
        "draw_status": "N",
        "feedback_weight": 0.7,
        "silent": false,
        "motions_released": false,
        "starts_at": null
    }
},
{
    "model": "tournaments.round",
    "pk": 4,
    "fields": {
        "tournament": 1,
        "seq": 4,
        "name": "Round 4",
        "abbreviation": "R4",
        "stage": "P",
        "draw_type": "P",
        "break_category": null,
        "draw_status": "N",
        "feedback_weight": 0.7,
        "silent": false,
        "motions_released": false,
        "starts_at": null
    }
},
{
    "model": "tournaments.round",
    "pk": 5,
    "fields": {
        "tournament": 1,
        "seq": 5,
        "name": "Open Quarterfinal",
        "abbreviation": "OQF",
        "stage": "E",
        "draw_type": "F",
        "break_category": 1,
        "draw_status": "N",
        "feedback_weight": 0.7,
        "silent": true,
        "motions_released": false,
        "starts_at": null
    }
},
{
    "model": "tournaments.round",
    "pk": 6,
    "fields": {
        "tournament": 1,
        "seq": 6,
        "name": "ESL Semifinal",
        "abbreviation": "SSF",
        "stage": "E",
        "draw_type": "F",
        "break_category": 2,
        "draw_status": "N",
        "feedback_weight": 0.7,
        "silent": true,
        "motions_released": false,
        "starts_at": null
    }
},
{
    "model": "tournaments.round",
    "pk": 7,
    "fields": {
        "tournament": 1,
        "seq": 7,
        "name": "Open Semifinal",
        "abbreviation": "OSF",
        "stage": "E",
        "draw_type": "B",
        "break_category": 1,
        "draw_status": "N",
        "feedback_weight": 0.7,
        "silent": true,
        "motions_released": false,
        "starts_at": null
    }
},
{
    "model": "tournaments.round",
    "pk": 8,
    "fields": {
        "tournament": 1,
        "seq": 8,
        "name": "ESL Grand Final",
        "abbreviation": "SGF",
        "stage": "E",
        "draw_type": "B",
        "break_category": 2,
        "draw_status": "N",
        "feedback_weight": 0.7,
        "silent": true,
        "motions_released": false,
        "starts_at": null
    }
},
{
    "model": "tournaments.round",
    "pk": 9,
    "fields": {
        "tournament": 1,
        "seq": 9,
        "name": "EFL Grand Final",
        "abbreviation": "FGF",
        "stage": "E",
        "draw_type": "F",
        "break_category": 3,
        "draw_status": "N",
        "feedback_weight": 0.7,
        "silent": true,
        "motions_released": false,
        "starts_at": null
    }
},
{
    "model": "tournaments.round",
    "pk": 10,
    "fields": {
        "tournament": 1,
        "seq": 10,
        "name": "Open Grand Final",
        "abbreviation": "OGF",
        "stage": "E",
        "draw_type": "B",
        "break_category": 1,
        "draw_status": "N",
        "feedback_weight": 0.7,
        "silent": true,
        "motions_released": false,
        "starts_at": null
    }
},
{
    "model": "venues.venue",
    "pk": 1,
    "fields": {
        "name": "01",
        "priority": 10,
        "tournament": 1
    }
},
{
    "model": "venues.venue",
    "pk": 2,
    "fields": {
        "name": "02",
        "priority": 10,
        "tournament": 1
    }
},
{
    "model": "venues.venue",
    "pk": 3,
    "fields": {
        "name": "03",
        "priority": 10,
        "tournament": 1
    }
},
{
    "model": "venues.venue",
    "pk": 4,
    "fields": {
        "name": "G01",
        "priority": 10,
        "tournament": 1
    }
},
{
    "model": "venues.venue",
    "pk": 5,
    "fields": {
        "name": "G02",
        "priority": 10,
        "tournament": 1
    }
},
{
    "model": "venues.venue",
    "pk": 6,
    "fields": {
        "name": "G03",
        "priority": 10,
        "tournament": 1
    }
},
{
    "model": "venues.venue",
    "pk": 7,
    "fields": {
        "name": "G04",
        "priority": 10,
        "tournament": 1
    }
},
{
    "model": "venues.venue",
    "pk": 8,
    "fields": {
        "name": "G05",
        "priority": 10,
        "tournament": 1
    }
},
{
    "model": "venues.venue",
    "pk": 9,
    "fields": {
        "name": "G06",
        "priority": 10,
        "tournament": 1
    }
},
{
    "model": "venues.venue",
    "pk": 10,
    "fields": {
        "name": "G08",
        "priority": 10,
        "tournament": 1
    }
},
{
    "model": "venues.venue",
    "pk": 11,
    "fields": {
        "name": "103",
        "priority": 20,
        "tournament": 1
    }
},
{
    "model": "venues.venue",
    "pk": 12,
    "fields": {
        "name": "104",
        "priority": 20,
        "tournament": 1
    }
},
{
    "model": "venues.venue",
    "pk": 13,
    "fields": {
        "name": "205",
        "priority": 20,
        "tournament": 1
    }
},
{
    "model": "venues.venue",
    "pk": 14,
    "fields": {
        "name": "308",
        "priority": 20,
        "tournament": 1
    }
},
{
    "model": "venues.venue",
    "pk": 15,
    "fields": {
        "name": "4.01",
        "priority": 30,
        "tournament": 1
    }
},
{
    "model": "venues.venue",
    "pk": 16,
    "fields": {
        "name": "4.03",
        "priority": 30,
        "tournament": 1
    }
},
{
    "model": "venues.venue",
    "pk": 17,
    "fields": {
        "name": "Basement A",
        "priority": 30,
        "tournament": 1
    }
},
{
    "model": "venues.venue",
    "pk": 18,
    "fields": {
        "name": "Basement B",
        "priority": 30,
        "tournament": 1
    }
},
{
    "model": "venues.venue",
    "pk": 19,
    "fields": {
        "name": "Z09",
        "priority": 40,
        "tournament": 1
    }
},
{
    "model": "venues.venue",
    "pk": 20,
    "fields": {
        "name": "Z10",
        "priority": 40,
        "tournament": 1
    }
},
{
    "model": "venues.venue",
    "pk": 21,
    "fields": {
        "name": "Main Hall",
        "priority": 10,
        "tournament": 1
    }
},
{
    "model": "venues.venue",
    "pk": 22,
    "fields": {
        "name": "Sub Hall",
        "priority": 20,
        "tournament": 1
    }
},
{
    "model": "venues.venue",
    "pk": 23,
    "fields": {
        "name": "Outside",
        "priority": 10,
        "tournament": 1
    }
},
{
    "model": "venues.venuecategory",
    "pk": 1,
    "fields": {
        "name": "(Accessible)",
        "description": "",
        "display_in_venue_name": "S",
        "display_in_public_tooltip": false,
        "venues": [
            21,
            22
        ]
    }
},
{
    "model": "venues.venuecategory",
    "pk": 2,
    "fields": {
        "name": "Close to tab",
        "description": "",
        "display_in_venue_name": "-",
        "display_in_public_tooltip": false,
        "venues": [
            19,
            20
        ]
    }
},
{
    "model": "venues.venuecategory",
    "pk": 3,
    "fields": {
        "name": "Apple",
        "description": "",
        "display_in_venue_name": "P",
        "display_in_public_tooltip": false,
        "venues": [
            1,
            2,
            3
        ]
    }
},
{
    "model": "venues.venuecategory",
    "pk": 4,
    "fields": {
        "name": "Banana",
        "description": "",
        "display_in_venue_name": "P",
        "display_in_public_tooltip": false,
        "venues": [
            4,
            5,
            6
        ]
    }
},
{
    "model": "venues.venuecategory",
    "pk": 5,
    "fields": {
        "name": "Coconut",
        "description": "",
        "display_in_venue_name": "P",
        "display_in_public_tooltip": false,
        "venues": [
            7,
            8,
            9,
            10
        ]
    }
},
{
    "model": "venues.venuecategory",
    "pk": 6,
    "fields": {
        "name": "Date",
        "description": "",
        "display_in_venue_name": "P",
        "display_in_public_tooltip": false,
        "venues": [
            11,
            12,
            13,
            14
        ]
    }
},
{
    "model": "venues.venuecategory",
    "pk": 7,
    "fields": {
        "name": "Feijoa",
        "description": "",
        "display_in_venue_name": "P",
        "display_in_public_tooltip": false,
        "venues": [
            15,
            16
        ]
    }
},
{
    "model": "venues.venuecategory",
    "pk": 8,
    "fields": {
        "name": "Very Small",
        "description": "",
        "display_in_venue_name": "-",
        "display_in_public_tooltip": false,
        "venues": []
    }
},
{
    "model": "venues.venuecategory",
    "pk": 9,
    "fields": {
        "name": "Kiwifruit",
        "description": "",
        "display_in_venue_name": "-",
        "display_in_public_tooltip": false,
        "venues": [
            17,
            18
        ]
    }
},
{
    "model": "venues.venueconstraint",
    "pk": 1,
    "fields": {
        "category": 2,
        "priority": 56,
        "subject_content_type": [
            "participants",
            "adjudicator"
        ],
        "subject_id": 74
    }
},
{
    "model": "venues.venueconstraint",
    "pk": 2,
    "fields": {
        "category": 2,
        "priority": 79,
        "subject_content_type": [
            "participants",
            "adjudicator"
        ],
        "subject_id": 84
    }
},
{
    "model": "venues.venueconstraint",
    "pk": 3,
    "fields": {
        "category": 1,
        "priority": 96,
        "subject_content_type": [
            "participants",
            "adjudicator"
        ],
        "subject_id": 91
    }
},
{
    "model": "venues.venueconstraint",
    "pk": 4,
    "fields": {
        "category": 1,
        "priority": 29,
        "subject_content_type": [
            "participants",
            "team"
        ],
        "subject_id": 14
    }
},
{
    "model": "venues.venueconstraint",
    "pk": 5,
    "fields": {
        "category": 1,
        "priority": 86,
        "subject_content_type": [
            "participants",
            "team"
        ],
        "subject_id": 17
    }
}
]
