[
{
    "model": "contenttypes.contenttype",
    "pk": 1,
    "fields": {
        "app_label": "jet",
        "model": "bookmark"
    }
},
{
    "model": "contenttypes.contenttype",
    "pk": 2,
    "fields": {
        "app_label": "jet",
        "model": "pinnedapplication"
    }
},
{
    "model": "contenttypes.contenttype",
    "pk": 3,
    "fields": {
        "app_label": "admin",
        "model": "logentry"
    }
},
{
    "model": "contenttypes.contenttype",
    "pk": 4,
    "fields": {
        "app_label": "auth",
        "model": "permission"
    }
},
{
    "model": "contenttypes.contenttype",
    "pk": 5,
    "fields": {
        "app_label": "auth",
        "model": "group"
    }
},
{
    "model": "contenttypes.contenttype",
    "pk": 6,
    "fields": {
        "app_label": "auth",
        "model": "user"
    }
},
{
    "model": "contenttypes.contenttype",
    "pk": 7,
    "fields": {
        "app_label": "contenttypes",
        "model": "contenttype"
    }
},
{
    "model": "contenttypes.contenttype",
    "pk": 8,
    "fields": {
        "app_label": "sessions",
        "model": "session"
    }
},
{
    "model": "contenttypes.contenttype",
    "pk": 9,
    "fields": {
        "app_label": "actionlog",
        "model": "actionlogentry"
    }
},
{
    "model": "contenttypes.contenttype",
    "pk": 10,
    "fields": {
        "app_label": "adjallocation",
        "model": "debateadjudicator"
    }
},
{
    "model": "contenttypes.contenttype",
    "pk": 11,
    "fields": {
        "app_label": "adjallocation",
        "model": "adjudicatorconflict"
    }
},
{
    "model": "contenttypes.contenttype",
    "pk": 12,
    "fields": {
        "app_label": "adjallocation",
        "model": "adjudicatoradjudicatorconflict"
    }
},
{
    "model": "contenttypes.contenttype",
    "pk": 13,
    "fields": {
        "app_label": "adjallocation",
        "model": "adjudicatorinstitutionconflict"
    }
},
{
    "model": "contenttypes.contenttype",
    "pk": 14,
    "fields": {
        "app_label": "adjfeedback",
        "model": "adjudicatortestscorehistory"
    }
},
{
    "model": "contenttypes.contenttype",
    "pk": 15,
    "fields": {
        "app_label": "adjfeedback",
        "model": "adjudicatorfeedbackbooleananswer"
    }
},
{
    "model": "contenttypes.contenttype",
    "pk": 16,
    "fields": {
        "app_label": "adjfeedback",
        "model": "adjudicatorfeedbackintegeranswer"
    }
},
{
    "model": "contenttypes.contenttype",
    "pk": 17,
    "fields": {
        "app_label": "adjfeedback",
        "model": "adjudicatorfeedbackfloatanswer"
    }
},
{
    "model": "contenttypes.contenttype",
    "pk": 18,
    "fields": {
        "app_label": "adjfeedback",
        "model": "adjudicatorfeedbackstringanswer"
    }
},
{
    "model": "contenttypes.contenttype",
    "pk": 19,
    "fields": {
        "app_label": "adjfeedback",
        "model": "adjudicatorfeedbackquestion"
    }
},
{
    "model": "contenttypes.contenttype",
    "pk": 20,
    "fields": {
        "app_label": "adjfeedback",
        "model": "adjudicatorfeedback"
    }
},
{
    "model": "contenttypes.contenttype",
    "pk": 21,
    "fields": {
        "app_label": "availability",
        "model": "roundavailability"
    }
},
{
    "model": "contenttypes.contenttype",
    "pk": 22,
    "fields": {
        "app_label": "breakqual",
        "model": "breakcategory"
    }
},
{
    "model": "contenttypes.contenttype",
    "pk": 23,
    "fields": {
        "app_label": "breakqual",
        "model": "breakingteam"
    }
},
{
    "model": "contenttypes.contenttype",
    "pk": 24,
    "fields": {
        "app_label": "divisions",
        "model": "division"
    }
},
{
    "model": "contenttypes.contenttype",
    "pk": 25,
    "fields": {
        "app_label": "draw",
        "model": "debate"
    }
},
{
    "model": "contenttypes.contenttype",
    "pk": 26,
    "fields": {
        "app_label": "draw",
        "model": "debateteam"
    }
},
{
    "model": "contenttypes.contenttype",
    "pk": 27,
    "fields": {
        "app_label": "draw",
        "model": "teamsideallocation"
    }
},
{
    "model": "contenttypes.contenttype",
    "pk": 28,
    "fields": {
        "app_label": "motions",
        "model": "motion"
    }
},
{
    "model": "contenttypes.contenttype",
    "pk": 29,
    "fields": {
        "app_label": "motions",
        "model": "debateteammotionpreference"
    }
},
{
    "model": "contenttypes.contenttype",
    "pk": 30,
    "fields": {
        "app_label": "options",
        "model": "tournamentpreferencemodel"
    }
},
{
    "model": "contenttypes.contenttype",
    "pk": 31,
    "fields": {
        "app_label": "participants",
        "model": "region"
    }
},
{
    "model": "contenttypes.contenttype",
    "pk": 32,
    "fields": {
        "app_label": "participants",
        "model": "institution"
    }
},
{
    "model": "contenttypes.contenttype",
    "pk": 33,
    "fields": {
        "app_label": "participants",
        "model": "person"
    }
},
{
    "model": "contenttypes.contenttype",
    "pk": 34,
    "fields": {
        "app_label": "participants",
        "model": "team"
    }
},
{
    "model": "contenttypes.contenttype",
    "pk": 35,
    "fields": {
        "app_label": "participants",
        "model": "speaker"
    }
},
{
    "model": "contenttypes.contenttype",
    "pk": 36,
    "fields": {
        "app_label": "participants",
        "model": "adjudicator"
    }
},
{
    "model": "contenttypes.contenttype",
    "pk": 37,
    "fields": {
        "app_label": "results",
        "model": "ballotsubmission"
    }
},
{
    "model": "contenttypes.contenttype",
    "pk": 38,
    "fields": {
        "app_label": "results",
        "model": "speakerscorebyadj"
    }
},
{
    "model": "contenttypes.contenttype",
    "pk": 39,
    "fields": {
        "app_label": "results",
        "model": "teamscore"
    }
},
{
    "model": "contenttypes.contenttype",
    "pk": 40,
    "fields": {
        "app_label": "results",
        "model": "speakerscore"
    }
},
{
    "model": "contenttypes.contenttype",
    "pk": 41,
    "fields": {
        "app_label": "tournaments",
        "model": "tournament"
    }
},
{
    "model": "contenttypes.contenttype",
    "pk": 42,
    "fields": {
        "app_label": "tournaments",
        "model": "round"
    }
},
{
    "model": "contenttypes.contenttype",
    "pk": 43,
    "fields": {
        "app_label": "venues",
        "model": "venue"
    }
},
{
    "model": "contenttypes.contenttype",
    "pk": 44,
    "fields": {
        "app_label": "venues",
        "model": "venuecategory"
    }
},
{
    "model": "contenttypes.contenttype",
    "pk": 45,
    "fields": {
        "app_label": "venues",
        "model": "venueconstraint"
    }
},
{
    "model": "contenttypes.contenttype",
    "pk": 46,
    "fields": {
        "app_label": "dynamic_preferences",
        "model": "globalpreferencemodel"
    }
},
{
    "model": "contenttypes.contenttype",
    "pk": 47,
    "fields": {
        "app_label": "dynamic_preferences_users",
        "model": "userpreferencemodel"
    }
},
{
    "model": "sessions.session",
    "pk": "9avysogorwhf2tbfp1jqu0nbhrza3acp",
    "fields": {
        "session_data": "MDRiYmI4NjM1NjkwYWEwMjVmNjU3NGViZGRlNGJjZTU0OTY1Y2NiZDp7Il9hdXRoX3VzZXJfaWQiOiIxIiwiX2F1dGhfdXNlcl9iYWNrZW5kIjoiZGphbmdvLmNvbnRyaWIuYXV0aC5iYWNrZW5kcy5Nb2RlbEJhY2tlbmQiLCJfYXV0aF91c2VyX2hhc2giOiI3Nzk2NWYyNjA3OTRmZTYwNGQxMjhkNDYzZmJjOTRiMWQ4ZTQ0Zjc3In0=",
        "expire_date": "2017-09-22T09:52:52.744"
    }
},
{
    "model": "adjallocation.debateadjudicator",
    "pk": 1,
    "fields": {
        "debate": 1,
        "adjudicator": 80,
        "type": "C",
        "timing_confirmed": null
    }
},
{
    "model": "adjallocation.debateadjudicator",
    "pk": 2,
    "fields": {
        "debate": 1,
        "adjudicator": 92,
        "type": "T",
        "timing_confirmed": null
    }
},
{
    "model": "adjallocation.debateadjudicator",
    "pk": 3,
    "fields": {
        "debate": 2,
        "adjudicator": 88,
        "type": "C",
        "timing_confirmed": null
    }
},
{
    "model": "adjallocation.debateadjudicator",
    "pk": 4,
    "fields": {
        "debate": 2,
        "adjudicator": 77,
        "type": "T",
        "timing_confirmed": null
    }
},
{
    "model": "adjallocation.debateadjudicator",
    "pk": 5,
    "fields": {
        "debate": 3,
        "adjudicator": 73,
        "type": "C",
        "timing_confirmed": null
    }
},
{
    "model": "adjallocation.debateadjudicator",
    "pk": 6,
    "fields": {
        "debate": 3,
        "adjudicator": 82,
        "type": "T",
        "timing_confirmed": null
    }
},
{
    "model": "adjallocation.debateadjudicator",
    "pk": 7,
    "fields": {
        "debate": 4,
        "adjudicator": 99,
        "type": "C",
        "timing_confirmed": null
    }
},
{
    "model": "adjallocation.debateadjudicator",
    "pk": 8,
    "fields": {
        "debate": 5,
        "adjudicator": 83,
        "type": "C",
        "timing_confirmed": null
    }
},
{
    "model": "adjallocation.debateadjudicator",
    "pk": 9,
    "fields": {
        "debate": 5,
        "adjudicator": 91,
        "type": "T",
        "timing_confirmed": null
    }
},
{
    "model": "adjallocation.debateadjudicator",
    "pk": 10,
    "fields": {
        "debate": 6,
        "adjudicator": 81,
        "type": "C",
        "timing_confirmed": null
    }
},
{
    "model": "adjallocation.debateadjudicator",
    "pk": 11,
    "fields": {
        "debate": 6,
        "adjudicator": 76,
        "type": "T",
        "timing_confirmed": null
    }
},
{
    "model": "adjallocation.debateadjudicator",
    "pk": 12,
    "fields": {
        "debate": 7,
        "adjudicator": 79,
        "type": "C",
        "timing_confirmed": null
    }
},
{
    "model": "adjallocation.debateadjudicator",
    "pk": 13,
    "fields": {
        "debate": 7,
        "adjudicator": 86,
        "type": "T",
        "timing_confirmed": null
    }
},
{
    "model": "adjallocation.debateadjudicator",
    "pk": 14,
    "fields": {
        "debate": 8,
        "adjudicator": 75,
        "type": "C",
        "timing_confirmed": null
    }
},
{
    "model": "adjallocation.debateadjudicator",
    "pk": 15,
    "fields": {
        "debate": 8,
        "adjudicator": 84,
        "type": "T",
        "timing_confirmed": null
    }
},
{
    "model": "adjallocation.debateadjudicator",
    "pk": 16,
    "fields": {
        "debate": 9,
        "adjudicator": 74,
        "type": "C",
        "timing_confirmed": null
    }
},
{
    "model": "adjallocation.debateadjudicator",
    "pk": 17,
    "fields": {
        "debate": 9,
        "adjudicator": 85,
        "type": "T",
        "timing_confirmed": null
    }
},
{
    "model": "adjallocation.debateadjudicator",
    "pk": 18,
    "fields": {
        "debate": 10,
        "adjudicator": 97,
        "type": "C",
        "timing_confirmed": null
    }
},
{
    "model": "adjallocation.debateadjudicator",
    "pk": 19,
    "fields": {
        "debate": 10,
        "adjudicator": 90,
        "type": "P",
        "timing_confirmed": null
    }
},
{
    "model": "adjallocation.debateadjudicator",
    "pk": 20,
    "fields": {
        "debate": 10,
        "adjudicator": 78,
        "type": "P",
        "timing_confirmed": null
    }
},
{
    "model": "adjallocation.debateadjudicator",
    "pk": 21,
    "fields": {
        "debate": 11,
        "adjudicator": 93,
        "type": "C",
        "timing_confirmed": null
    }
},
{
    "model": "adjallocation.debateadjudicator",
    "pk": 22,
    "fields": {
        "debate": 11,
        "adjudicator": 96,
        "type": "P",
        "timing_confirmed": null
    }
},
{
    "model": "adjallocation.debateadjudicator",
    "pk": 23,
    "fields": {
        "debate": 11,
        "adjudicator": 87,
        "type": "P",
        "timing_confirmed": null
    }
},
{
    "model": "adjallocation.debateadjudicator",
    "pk": 24,
    "fields": {
        "debate": 12,
        "adjudicator": 95,
        "type": "C",
        "timing_confirmed": null
    }
},
{
    "model": "adjallocation.debateadjudicator",
    "pk": 25,
    "fields": {
        "debate": 12,
        "adjudicator": 98,
        "type": "P",
        "timing_confirmed": null
    }
},
{
    "model": "adjallocation.debateadjudicator",
    "pk": 26,
    "fields": {
        "debate": 12,
        "adjudicator": 94,
        "type": "P",
        "timing_confirmed": null
    }
},
{
    "model": "adjallocation.adjudicatorconflict",
    "pk": 1,
    "fields": {
        "adjudicator": 77,
        "team": 1
    }
},
{
    "model": "adjallocation.adjudicatorconflict",
    "pk": 2,
    "fields": {
        "adjudicator": 77,
        "team": 23
    }
},
{
    "model": "adjallocation.adjudicatorconflict",
    "pk": 3,
    "fields": {
        "adjudicator": 81,
        "team": 2
    }
},
{
    "model": "adjallocation.adjudicatorconflict",
    "pk": 4,
    "fields": {
        "adjudicator": 84,
        "team": 10
    }
},
{
    "model": "adjallocation.adjudicatorconflict",
    "pk": 5,
    "fields": {
        "adjudicator": 87,
        "team": 13
    }
},
{
    "model": "adjallocation.adjudicatorconflict",
    "pk": 6,
    "fields": {
        "adjudicator": 89,
        "team": 10
    }
},
{
    "model": "adjallocation.adjudicatorconflict",
    "pk": 7,
    "fields": {
        "adjudicator": 91,
        "team": 17
    }
},
{
    "model": "adjallocation.adjudicatorconflict",
    "pk": 8,
    "fields": {
        "adjudicator": 93,
        "team": 23
    }
},
{
    "model": "adjallocation.adjudicatoradjudicatorconflict",
    "pk": 1,
    "fields": {
        "adjudicator": 73,
        "conflict_adjudicator": 77
    }
},
{
    "model": "adjallocation.adjudicatoradjudicatorconflict",
    "pk": 2,
    "fields": {
        "adjudicator": 73,
        "conflict_adjudicator": 89
    }
},
{
    "model": "adjallocation.adjudicatoradjudicatorconflict",
    "pk": 3,
    "fields": {
        "adjudicator": 85,
        "conflict_adjudicator": 86
    }
},
{
    "model": "adjallocation.adjudicatoradjudicatorconflict",
    "pk": 4,
    "fields": {
        "adjudicator": 86,
        "conflict_adjudicator": 85
    }
},
{
    "model": "adjallocation.adjudicatoradjudicatorconflict",
    "pk": 5,
    "fields": {
        "adjudicator": 99,
        "conflict_adjudicator": 97
    }
},
{
    "model": "adjallocation.adjudicatorinstitutionconflict",
    "pk": 1,
    "fields": {
        "adjudicator": 73,
        "institution": 13
    }
},
{
    "model": "adjallocation.adjudicatorinstitutionconflict",
    "pk": 2,
    "fields": {
        "adjudicator": 74,
        "institution": 8
    }
},
{
    "model": "adjallocation.adjudicatorinstitutionconflict",
    "pk": 3,
    "fields": {
        "adjudicator": 75,
        "institution": 12
    }
},
{
    "model": "adjallocation.adjudicatorinstitutionconflict",
    "pk": 4,
    "fields": {
        "adjudicator": 76,
        "institution": 1
    }
},
{
    "model": "adjallocation.adjudicatorinstitutionconflict",
    "pk": 5,
    "fields": {
        "adjudicator": 77,
        "institution": 1
    }
},
{
    "model": "adjallocation.adjudicatorinstitutionconflict",
    "pk": 6,
    "fields": {
        "adjudicator": 78,
        "institution": 2
    }
},
{
    "model": "adjallocation.adjudicatorinstitutionconflict",
    "pk": 7,
    "fields": {
        "adjudicator": 79,
        "institution": 3
    }
},
{
    "model": "adjallocation.adjudicatorinstitutionconflict",
    "pk": 8,
    "fields": {
        "adjudicator": 80,
        "institution": 4
    }
},
{
    "model": "adjallocation.adjudicatorinstitutionconflict",
    "pk": 9,
    "fields": {
        "adjudicator": 81,
        "institution": 4
    }
},
{
    "model": "adjallocation.adjudicatorinstitutionconflict",
    "pk": 10,
    "fields": {
        "adjudicator": 82,
        "institution": 12
    }
},
{
    "model": "adjallocation.adjudicatorinstitutionconflict",
    "pk": 11,
    "fields": {
        "adjudicator": 83,
        "institution": 12
    }
},
{
    "model": "adjallocation.adjudicatorinstitutionconflict",
    "pk": 12,
    "fields": {
        "adjudicator": 84,
        "institution": 8
    }
},
{
    "model": "adjallocation.adjudicatorinstitutionconflict",
    "pk": 13,
    "fields": {
        "adjudicator": 85,
        "institution": 5
    }
},
{
    "model": "adjallocation.adjudicatorinstitutionconflict",
    "pk": 14,
    "fields": {
        "adjudicator": 86,
        "institution": 5
    }
},
{
    "model": "adjallocation.adjudicatorinstitutionconflict",
    "pk": 15,
    "fields": {
        "adjudicator": 87,
        "institution": 6
    }
},
{
    "model": "adjallocation.adjudicatorinstitutionconflict",
    "pk": 16,
    "fields": {
        "adjudicator": 88,
        "institution": 6
    }
},
{
    "model": "adjallocation.adjudicatorinstitutionconflict",
    "pk": 17,
    "fields": {
        "adjudicator": 89,
        "institution": 7
    }
},
{
    "model": "adjallocation.adjudicatorinstitutionconflict",
    "pk": 18,
    "fields": {
        "adjudicator": 90,
        "institution": 7
    }
},
{
    "model": "adjallocation.adjudicatorinstitutionconflict",
    "pk": 19,
    "fields": {
        "adjudicator": 91,
        "institution": 8
    }
},
{
    "model": "adjallocation.adjudicatorinstitutionconflict",
    "pk": 20,
    "fields": {
        "adjudicator": 92,
        "institution": 8
    }
},
{
    "model": "adjallocation.adjudicatorinstitutionconflict",
    "pk": 21,
    "fields": {
        "adjudicator": 93,
        "institution": 9
    }
},
{
    "model": "adjallocation.adjudicatorinstitutionconflict",
    "pk": 22,
    "fields": {
        "adjudicator": 94,
        "institution": 10
    }
},
{
    "model": "adjallocation.adjudicatorinstitutionconflict",
    "pk": 23,
    "fields": {
        "adjudicator": 95,
        "institution": 10
    }
},
{
    "model": "adjallocation.adjudicatorinstitutionconflict",
    "pk": 24,
    "fields": {
        "adjudicator": 96,
        "institution": 11
    }
},
{
    "model": "adjallocation.adjudicatorinstitutionconflict",
    "pk": 25,
    "fields": {
        "adjudicator": 97,
        "institution": 13
    }
},
{
    "model": "adjallocation.adjudicatorinstitutionconflict",
    "pk": 26,
    "fields": {
        "adjudicator": 98,
        "institution": 13
    }
},
{
    "model": "adjallocation.adjudicatorinstitutionconflict",
    "pk": 27,
    "fields": {
        "adjudicator": 99,
        "institution": 5
    }
},
{
    "model": "adjallocation.adjudicatorinstitutionconflict",
    "pk": 28,
    "fields": {
        "adjudicator": 76,
        "institution": 7
    }
},
{
    "model": "adjallocation.adjudicatorinstitutionconflict",
    "pk": 29,
    "fields": {
        "adjudicator": 81,
        "institution": 12
    }
},
{
    "model": "adjallocation.adjudicatorinstitutionconflict",
    "pk": 30,
    "fields": {
        "adjudicator": 82,
        "institution": 4
    }
},
{
    "model": "adjallocation.adjudicatorinstitutionconflict",
    "pk": 31,
    "fields": {
        "adjudicator": 87,
        "institution": 3
    }
},
{
    "model": "adjallocation.adjudicatorinstitutionconflict",
    "pk": 32,
    "fields": {
        "adjudicator": 87,
        "institution": 11
    }
},
{
    "model": "adjallocation.adjudicatorinstitutionconflict",
    "pk": 33,
    "fields": {
        "adjudicator": 87,
        "institution": 13
    }
},
{
    "model": "adjallocation.adjudicatorinstitutionconflict",
    "pk": 34,
    "fields": {
        "adjudicator": 88,
        "institution": 9
    }
},
{
    "model": "adjallocation.adjudicatorinstitutionconflict",
    "pk": 35,
    "fields": {
        "adjudicator": 94,
        "institution": 5
    }
},
{
    "model": "adjallocation.adjudicatorinstitutionconflict",
    "pk": 36,
    "fields": {
        "adjudicator": 96,
        "institution": 8
    }
},
{
    "model": "adjfeedback.adjudicatortestscorehistory",
    "pk": 1,
    "fields": {
        "adjudicator": 73,
        "round": null,
        "score": 5.0,
        "timestamp": "2017-09-08T09:52:07.170"
    }
},
{
    "model": "adjfeedback.adjudicatortestscorehistory",
    "pk": 2,
    "fields": {
        "adjudicator": 74,
        "round": null,
        "score": 5.0,
        "timestamp": "2017-09-08T09:52:07.175"
    }
},
{
    "model": "adjfeedback.adjudicatortestscorehistory",
    "pk": 3,
    "fields": {
        "adjudicator": 75,
        "round": null,
        "score": 5.0,
        "timestamp": "2017-09-08T09:52:07.177"
    }
},
{
    "model": "adjfeedback.adjudicatortestscorehistory",
    "pk": 4,
    "fields": {
        "adjudicator": 76,
        "round": null,
        "score": 1.0,
        "timestamp": "2017-09-08T09:52:07.179"
    }
},
{
    "model": "adjfeedback.adjudicatortestscorehistory",
    "pk": 5,
    "fields": {
        "adjudicator": 78,
        "round": null,
        "score": 2.0,
        "timestamp": "2017-09-08T09:52:07.181"
    }
},
{
    "model": "adjfeedback.adjudicatortestscorehistory",
    "pk": 6,
    "fields": {
        "adjudicator": 79,
        "round": null,
        "score": 5.0,
        "timestamp": "2017-09-08T09:52:07.183"
    }
},
{
    "model": "adjfeedback.adjudicatortestscorehistory",
    "pk": 7,
    "fields": {
        "adjudicator": 80,
        "round": null,
        "score": 4.0,
        "timestamp": "2017-09-08T09:52:07.185"
    }
},
{
    "model": "adjfeedback.adjudicatortestscorehistory",
    "pk": 8,
    "fields": {
        "adjudicator": 81,
        "round": null,
        "score": 5.0,
        "timestamp": "2017-09-08T09:52:07.187"
    }
},
{
    "model": "adjfeedback.adjudicatortestscorehistory",
    "pk": 9,
    "fields": {
        "adjudicator": 83,
        "round": null,
        "score": 4.0,
        "timestamp": "2017-09-08T09:52:07.188"
    }
},
{
    "model": "adjfeedback.adjudicatortestscorehistory",
    "pk": 10,
    "fields": {
        "adjudicator": 84,
        "round": null,
        "score": 4.0,
        "timestamp": "2017-09-08T09:52:07.190"
    }
},
{
    "model": "adjfeedback.adjudicatortestscorehistory",
    "pk": 11,
    "fields": {
        "adjudicator": 85,
        "round": null,
        "score": 4.0,
        "timestamp": "2017-09-08T09:52:07.192"
    }
},
{
    "model": "adjfeedback.adjudicatortestscorehistory",
    "pk": 12,
    "fields": {
        "adjudicator": 86,
        "round": null,
        "score": 2.0,
        "timestamp": "2017-09-08T09:52:07.194"
    }
},
{
    "model": "adjfeedback.adjudicatortestscorehistory",
    "pk": 13,
    "fields": {
        "adjudicator": 87,
        "round": null,
        "score": 2.0,
        "timestamp": "2017-09-08T09:52:07.196"
    }
},
{
    "model": "adjfeedback.adjudicatortestscorehistory",
    "pk": 14,
    "fields": {
        "adjudicator": 88,
        "round": null,
        "score": 5.0,
        "timestamp": "2017-09-08T09:52:07.197"
    }
},
{
    "model": "adjfeedback.adjudicatortestscorehistory",
    "pk": 15,
    "fields": {
        "adjudicator": 89,
        "round": null,
        "score": 2.0,
        "timestamp": "2017-09-08T09:52:07.199"
    }
},
{
    "model": "adjfeedback.adjudicatortestscorehistory",
    "pk": 16,
    "fields": {
        "adjudicator": 90,
        "round": null,
        "score": 2.0,
        "timestamp": "2017-09-08T09:52:07.201"
    }
},
{
    "model": "adjfeedback.adjudicatortestscorehistory",
    "pk": 17,
    "fields": {
        "adjudicator": 91,
        "round": null,
        "score": 1.0,
        "timestamp": "2017-09-08T09:52:07.203"
    }
},
{
    "model": "adjfeedback.adjudicatortestscorehistory",
    "pk": 18,
    "fields": {
        "adjudicator": 93,
        "round": null,
        "score": 4.0,
        "timestamp": "2017-09-08T09:52:07.205"
    }
},
{
    "model": "adjfeedback.adjudicatortestscorehistory",
    "pk": 19,
    "fields": {
        "adjudicator": 94,
        "round": null,
        "score": 2.0,
        "timestamp": "2017-09-08T09:52:07.207"
    }
},
{
    "model": "adjfeedback.adjudicatortestscorehistory",
    "pk": 20,
    "fields": {
        "adjudicator": 95,
        "round": null,
        "score": 3.0,
        "timestamp": "2017-09-08T09:52:07.208"
    }
},
{
    "model": "adjfeedback.adjudicatortestscorehistory",
    "pk": 21,
    "fields": {
        "adjudicator": 96,
        "round": null,
        "score": 2.0,
        "timestamp": "2017-09-08T09:52:07.210"
    }
},
{
    "model": "adjfeedback.adjudicatortestscorehistory",
    "pk": 22,
    "fields": {
        "adjudicator": 97,
        "round": null,
        "score": 4.0,
        "timestamp": "2017-09-08T09:52:07.212"
    }
},
{
    "model": "adjfeedback.adjudicatortestscorehistory",
    "pk": 23,
    "fields": {
        "adjudicator": 98,
        "round": null,
        "score": 3.0,
        "timestamp": "2017-09-08T09:52:07.214"
    }
},
{
    "model": "adjfeedback.adjudicatortestscorehistory",
    "pk": 24,
    "fields": {
        "adjudicator": 99,
        "round": null,
        "score": 5.0,
        "timestamp": "2017-09-08T09:52:07.216"
    }
},
{
    "model": "adjfeedback.adjudicatorfeedbackquestion",
    "pk": 1,
    "fields": {
        "tournament": 1,
        "seq": 10,
        "text": "Did you agree with the decision?",
        "name": "Agree",
        "reference": "agree",
        "from_adj": false,
        "from_team": true,
        "answer_type": "bs",
        "required": true,
        "min_value": null,
        "max_value": null,
        "choices": ""
    }
},
{
    "model": "adjfeedback.adjudicatorfeedbackquestion",
    "pk": 2,
    "fields": {
        "tournament": 1,
        "seq": 11,
        "text": "Did this judge's decision concur with yours?",
        "name": "Concur",
        "reference": "concur",
        "from_adj": true,
        "from_team": false,
        "answer_type": "bs",
        "required": true,
        "min_value": null,
        "max_value": null,
        "choices": ""
    }
},
{
    "model": "adjfeedback.adjudicatorfeedbackquestion",
    "pk": 3,
    "fields": {
        "tournament": 1,
        "seq": 20,
        "text": "What adjustment should be applied to this judge's speaker scores?",
        "name": "Adjustment",
        "reference": "adjustment",
        "from_adj": true,
        "from_team": false,
        "answer_type": "f",
        "required": true,
        "min_value": -20.0,
        "max_value": 20.0,
        "choices": ""
    }
},
{
    "model": "adjfeedback.adjudicatorfeedbackquestion",
    "pk": 4,
    "fields": {
        "tournament": 1,
        "seq": 30,
        "text": "Choose one word to describe this adjudicator.",
        "name": "One word",
        "reference": "word",
        "from_adj": true,
        "from_team": true,
        "answer_type": "t",
        "required": true,
        "min_value": null,
        "max_value": null,
        "choices": ""
    }
},
{
    "model": "adjfeedback.adjudicatorfeedbackquestion",
    "pk": 5,
    "fields": {
        "tournament": 1,
        "seq": 40,
        "text": "Do you think this adjudicator should be promoted?",
        "name": "Promote",
        "reference": "promote",
        "from_adj": true,
        "from_team": true,
        "answer_type": "bc",
        "required": false,
        "min_value": null,
        "max_value": null,
        "choices": ""
    }
},
{
    "model": "adjfeedback.adjudicatorfeedbackquestion",
    "pk": 6,
    "fields": {
        "tournament": 1,
        "seq": 50,
        "text": "Do you think this adjudicator should be demoted?",
        "name": "Demote",
        "reference": "demote",
        "from_adj": true,
        "from_team": true,
        "answer_type": "bc",
        "required": false,
        "min_value": null,
        "max_value": null,
        "choices": ""
    }
},
{
    "model": "adjfeedback.adjudicatorfeedbackquestion",
    "pk": 7,
    "fields": {
        "tournament": 1,
        "seq": 60,
        "text": "How well was this adjudicator's reasoning explained?",
        "name": "Explanation",
        "reference": "explanation",
        "from_adj": true,
        "from_team": true,
        "answer_type": "is",
        "required": true,
        "min_value": 0.0,
        "max_value": 10.0,
        "choices": ""
    }
},
{
    "model": "adjfeedback.adjudicatorfeedbackquestion",
    "pk": 8,
    "fields": {
        "tournament": 1,
        "seq": 70,
        "text": "How impartial did you think this adjudicator was?",
        "name": "Impartial",
        "reference": "impartial",
        "from_adj": true,
        "from_team": true,
        "answer_type": "is",
        "required": true,
        "min_value": 0.0,
        "max_value": 10.0,
        "choices": ""
    }
},
{
    "model": "adjfeedback.adjudicatorfeedbackquestion",
    "pk": 9,
    "fields": {
        "tournament": 1,
        "seq": 80,
        "text": "Would you like to see this adjudicator again?",
        "name": "Again",
        "reference": "again",
        "from_adj": false,
        "from_team": true,
        "answer_type": "ss",
        "required": false,
        "min_value": null,
        "max_value": null,
        "choices": "Absolutely!//Sure, why not//If I have to//Please don't"
    }
},
{
    "model": "adjfeedback.adjudicatorfeedbackquestion",
    "pk": 10,
    "fields": {
        "tournament": 1,
        "seq": 90,
        "text": "How would you describe this adjudicator?",
        "name": "Adjectives",
        "reference": "adjectives",
        "from_adj": false,
        "from_team": true,
        "answer_type": "ms",
        "required": false,
        "min_value": null,
        "max_value": null,
        "choices": "biased//clear//concise//rambly//attentive//inattentive"
    }
},
{
    "model": "adjfeedback.adjudicatorfeedbackquestion",
    "pk": 11,
    "fields": {
        "tournament": 1,
        "seq": 1000,
        "text": "Other comments:",
        "name": "Comments",
        "reference": "comments",
        "from_adj": true,
        "from_team": true,
        "answer_type": "tl",
        "required": false,
        "min_value": null,
        "max_value": null,
        "choices": ""
    }
},
{
    "model": "availability.roundavailability",
    "pk": 1,
    "fields": {
        "content_type": [
            "participants",
            "team"
        ],
        "object_id": 1,
        "round": 1
    }
},
{
    "model": "availability.roundavailability",
    "pk": 2,
    "fields": {
        "content_type": [
            "participants",
            "team"
        ],
        "object_id": 2,
        "round": 1
    }
},
{
    "model": "availability.roundavailability",
    "pk": 3,
    "fields": {
        "content_type": [
            "participants",
            "team"
        ],
        "object_id": 3,
        "round": 1
    }
},
{
    "model": "availability.roundavailability",
    "pk": 4,
    "fields": {
        "content_type": [
            "participants",
            "team"
        ],
        "object_id": 4,
        "round": 1
    }
},
{
    "model": "availability.roundavailability",
    "pk": 5,
    "fields": {
        "content_type": [
            "participants",
            "team"
        ],
        "object_id": 5,
        "round": 1
    }
},
{
    "model": "availability.roundavailability",
    "pk": 6,
    "fields": {
        "content_type": [
            "participants",
            "team"
        ],
        "object_id": 6,
        "round": 1
    }
},
{
    "model": "availability.roundavailability",
    "pk": 7,
    "fields": {
        "content_type": [
            "participants",
            "team"
        ],
        "object_id": 7,
        "round": 1
    }
},
{
    "model": "availability.roundavailability",
    "pk": 8,
    "fields": {
        "content_type": [
            "participants",
            "team"
        ],
        "object_id": 8,
        "round": 1
    }
},
{
    "model": "availability.roundavailability",
    "pk": 9,
    "fields": {
        "content_type": [
            "participants",
            "team"
        ],
        "object_id": 9,
        "round": 1
    }
},
{
    "model": "availability.roundavailability",
    "pk": 10,
    "fields": {
        "content_type": [
            "participants",
            "team"
        ],
        "object_id": 10,
        "round": 1
    }
},
{
    "model": "availability.roundavailability",
    "pk": 11,
    "fields": {
        "content_type": [
            "participants",
            "team"
        ],
        "object_id": 11,
        "round": 1
    }
},
{
    "model": "availability.roundavailability",
    "pk": 12,
    "fields": {
        "content_type": [
            "participants",
            "team"
        ],
        "object_id": 12,
        "round": 1
    }
},
{
    "model": "availability.roundavailability",
    "pk": 13,
    "fields": {
        "content_type": [
            "participants",
            "team"
        ],
        "object_id": 13,
        "round": 1
    }
},
{
    "model": "availability.roundavailability",
    "pk": 14,
    "fields": {
        "content_type": [
            "participants",
            "team"
        ],
        "object_id": 14,
        "round": 1
    }
},
{
    "model": "availability.roundavailability",
    "pk": 15,
    "fields": {
        "content_type": [
            "participants",
            "team"
        ],
        "object_id": 15,
        "round": 1
    }
},
{
    "model": "availability.roundavailability",
    "pk": 16,
    "fields": {
        "content_type": [
            "participants",
            "team"
        ],
        "object_id": 16,
        "round": 1
    }
},
{
    "model": "availability.roundavailability",
    "pk": 17,
    "fields": {
        "content_type": [
            "participants",
            "team"
        ],
        "object_id": 17,
        "round": 1
    }
},
{
    "model": "availability.roundavailability",
    "pk": 18,
    "fields": {
        "content_type": [
            "participants",
            "team"
        ],
        "object_id": 18,
        "round": 1
    }
},
{
    "model": "availability.roundavailability",
    "pk": 19,
    "fields": {
        "content_type": [
            "participants",
            "team"
        ],
        "object_id": 19,
        "round": 1
    }
},
{
    "model": "availability.roundavailability",
    "pk": 20,
    "fields": {
        "content_type": [
            "participants",
            "team"
        ],
        "object_id": 20,
        "round": 1
    }
},
{
    "model": "availability.roundavailability",
    "pk": 21,
    "fields": {
        "content_type": [
            "participants",
            "team"
        ],
        "object_id": 21,
        "round": 1
    }
},
{
    "model": "availability.roundavailability",
    "pk": 22,
    "fields": {
        "content_type": [
            "participants",
            "team"
        ],
        "object_id": 22,
        "round": 1
    }
},
{
    "model": "availability.roundavailability",
    "pk": 23,
    "fields": {
        "content_type": [
            "participants",
            "team"
        ],
        "object_id": 23,
        "round": 1
    }
},
{
    "model": "availability.roundavailability",
    "pk": 24,
    "fields": {
        "content_type": [
            "participants",
            "team"
        ],
        "object_id": 24,
        "round": 1
    }
},
{
    "model": "availability.roundavailability",
    "pk": 25,
    "fields": {
        "content_type": [
            "participants",
            "adjudicator"
        ],
        "object_id": 73,
        "round": 1
    }
},
{
    "model": "availability.roundavailability",
    "pk": 26,
    "fields": {
        "content_type": [
            "participants",
            "adjudicator"
        ],
        "object_id": 74,
        "round": 1
    }
},
{
    "model": "availability.roundavailability",
    "pk": 27,
    "fields": {
        "content_type": [
            "participants",
            "adjudicator"
        ],
        "object_id": 75,
        "round": 1
    }
},
{
    "model": "availability.roundavailability",
    "pk": 28,
    "fields": {
        "content_type": [
            "participants",
            "adjudicator"
        ],
        "object_id": 76,
        "round": 1
    }
},
{
    "model": "availability.roundavailability",
    "pk": 29,
    "fields": {
        "content_type": [
            "participants",
            "adjudicator"
        ],
        "object_id": 77,
        "round": 1
    }
},
{
    "model": "availability.roundavailability",
    "pk": 30,
    "fields": {
        "content_type": [
            "participants",
            "adjudicator"
        ],
        "object_id": 78,
        "round": 1
    }
},
{
    "model": "availability.roundavailability",
    "pk": 31,
    "fields": {
        "content_type": [
            "participants",
            "adjudicator"
        ],
        "object_id": 79,
        "round": 1
    }
},
{
    "model": "availability.roundavailability",
    "pk": 32,
    "fields": {
        "content_type": [
            "participants",
            "adjudicator"
        ],
        "object_id": 80,
        "round": 1
    }
},
{
    "model": "availability.roundavailability",
    "pk": 33,
    "fields": {
        "content_type": [
            "participants",
            "adjudicator"
        ],
        "object_id": 81,
        "round": 1
    }
},
{
    "model": "availability.roundavailability",
    "pk": 34,
    "fields": {
        "content_type": [
            "participants",
            "adjudicator"
        ],
        "object_id": 82,
        "round": 1
    }
},
{
    "model": "availability.roundavailability",
    "pk": 35,
    "fields": {
        "content_type": [
            "participants",
            "adjudicator"
        ],
        "object_id": 83,
        "round": 1
    }
},
{
    "model": "availability.roundavailability",
    "pk": 36,
    "fields": {
        "content_type": [
            "participants",
            "adjudicator"
        ],
        "object_id": 84,
        "round": 1
    }
},
{
    "model": "availability.roundavailability",
    "pk": 37,
    "fields": {
        "content_type": [
            "participants",
            "adjudicator"
        ],
        "object_id": 85,
        "round": 1
    }
},
{
    "model": "availability.roundavailability",
    "pk": 38,
    "fields": {
        "content_type": [
            "participants",
            "adjudicator"
        ],
        "object_id": 86,
        "round": 1
    }
},
{
    "model": "availability.roundavailability",
    "pk": 39,
    "fields": {
        "content_type": [
            "participants",
            "adjudicator"
        ],
        "object_id": 87,
        "round": 1
    }
},
{
    "model": "availability.roundavailability",
    "pk": 40,
    "fields": {
        "content_type": [
            "participants",
            "adjudicator"
        ],
        "object_id": 88,
        "round": 1
    }
},
{
    "model": "availability.roundavailability",
    "pk": 41,
    "fields": {
        "content_type": [
            "participants",
            "adjudicator"
        ],
        "object_id": 89,
        "round": 1
    }
},
{
    "model": "availability.roundavailability",
    "pk": 42,
    "fields": {
        "content_type": [
            "participants",
            "adjudicator"
        ],
        "object_id": 90,
        "round": 1
    }
},
{
    "model": "availability.roundavailability",
    "pk": 43,
    "fields": {
        "content_type": [
            "participants",
            "adjudicator"
        ],
        "object_id": 91,
        "round": 1
    }
},
{
    "model": "availability.roundavailability",
    "pk": 44,
    "fields": {
        "content_type": [
            "participants",
            "adjudicator"
        ],
        "object_id": 92,
        "round": 1
    }
},
{
    "model": "availability.roundavailability",
    "pk": 45,
    "fields": {
        "content_type": [
            "participants",
            "adjudicator"
        ],
        "object_id": 93,
        "round": 1
    }
},
{
    "model": "availability.roundavailability",
    "pk": 46,
    "fields": {
        "content_type": [
            "participants",
            "adjudicator"
        ],
        "object_id": 94,
        "round": 1
    }
},
{
    "model": "availability.roundavailability",
    "pk": 47,
    "fields": {
        "content_type": [
            "participants",
            "adjudicator"
        ],
        "object_id": 95,
        "round": 1
    }
},
{
    "model": "availability.roundavailability",
    "pk": 48,
    "fields": {
        "content_type": [
            "participants",
            "adjudicator"
        ],
        "object_id": 96,
        "round": 1
    }
},
{
    "model": "availability.roundavailability",
    "pk": 49,
    "fields": {
        "content_type": [
            "participants",
            "adjudicator"
        ],
        "object_id": 97,
        "round": 1
    }
},
{
    "model": "availability.roundavailability",
    "pk": 50,
    "fields": {
        "content_type": [
            "participants",
            "adjudicator"
        ],
        "object_id": 98,
        "round": 1
    }
},
{
    "model": "availability.roundavailability",
    "pk": 51,
    "fields": {
        "content_type": [
            "participants",
            "adjudicator"
        ],
        "object_id": 99,
        "round": 1
    }
},
{
    "model": "availability.roundavailability",
    "pk": 52,
    "fields": {
        "content_type": [
            "venues",
            "venue"
        ],
        "object_id": 1,
        "round": 1
    }
},
{
    "model": "availability.roundavailability",
    "pk": 53,
    "fields": {
        "content_type": [
            "venues",
            "venue"
        ],
        "object_id": 2,
        "round": 1
    }
},
{
    "model": "availability.roundavailability",
    "pk": 54,
    "fields": {
        "content_type": [
            "venues",
            "venue"
        ],
        "object_id": 3,
        "round": 1
    }
},
{
    "model": "availability.roundavailability",
    "pk": 55,
    "fields": {
        "content_type": [
            "venues",
            "venue"
        ],
        "object_id": 4,
        "round": 1
    }
},
{
    "model": "availability.roundavailability",
    "pk": 56,
    "fields": {
        "content_type": [
            "venues",
            "venue"
        ],
        "object_id": 5,
        "round": 1
    }
},
{
    "model": "availability.roundavailability",
    "pk": 57,
    "fields": {
        "content_type": [
            "venues",
            "venue"
        ],
        "object_id": 6,
        "round": 1
    }
},
{
    "model": "availability.roundavailability",
    "pk": 58,
    "fields": {
        "content_type": [
            "venues",
            "venue"
        ],
        "object_id": 7,
        "round": 1
    }
},
{
    "model": "availability.roundavailability",
    "pk": 59,
    "fields": {
        "content_type": [
            "venues",
            "venue"
        ],
        "object_id": 8,
        "round": 1
    }
},
{
    "model": "availability.roundavailability",
    "pk": 60,
    "fields": {
        "content_type": [
            "venues",
            "venue"
        ],
        "object_id": 9,
        "round": 1
    }
},
{
    "model": "availability.roundavailability",
    "pk": 61,
    "fields": {
        "content_type": [
            "venues",
            "venue"
        ],
        "object_id": 10,
        "round": 1
    }
},
{
    "model": "availability.roundavailability",
    "pk": 62,
    "fields": {
        "content_type": [
            "venues",
            "venue"
        ],
        "object_id": 11,
        "round": 1
    }
},
{
    "model": "availability.roundavailability",
    "pk": 63,
    "fields": {
        "content_type": [
            "venues",
            "venue"
        ],
        "object_id": 12,
        "round": 1
    }
},
{
    "model": "availability.roundavailability",
    "pk": 64,
    "fields": {
        "content_type": [
            "venues",
            "venue"
        ],
        "object_id": 13,
        "round": 1
    }
},
{
    "model": "availability.roundavailability",
    "pk": 65,
    "fields": {
        "content_type": [
            "venues",
            "venue"
        ],
        "object_id": 14,
        "round": 1
    }
},
{
    "model": "availability.roundavailability",
    "pk": 66,
    "fields": {
        "content_type": [
            "venues",
            "venue"
        ],
        "object_id": 15,
        "round": 1
    }
},
{
    "model": "availability.roundavailability",
    "pk": 67,
    "fields": {
        "content_type": [
            "venues",
            "venue"
        ],
        "object_id": 16,
        "round": 1
    }
},
{
    "model": "availability.roundavailability",
    "pk": 68,
    "fields": {
        "content_type": [
            "venues",
            "venue"
        ],
        "object_id": 17,
        "round": 1
    }
},
{
    "model": "availability.roundavailability",
    "pk": 69,
    "fields": {
        "content_type": [
            "venues",
            "venue"
        ],
        "object_id": 18,
        "round": 1
    }
},
{
    "model": "availability.roundavailability",
    "pk": 70,
    "fields": {
        "content_type": [
            "venues",
            "venue"
        ],
        "object_id": 19,
        "round": 1
    }
},
{
    "model": "availability.roundavailability",
    "pk": 71,
    "fields": {
        "content_type": [
            "venues",
            "venue"
        ],
        "object_id": 20,
        "round": 1
    }
},
{
    "model": "availability.roundavailability",
    "pk": 72,
    "fields": {
        "content_type": [
            "venues",
            "venue"
        ],
        "object_id": 21,
        "round": 1
    }
},
{
    "model": "availability.roundavailability",
    "pk": 73,
    "fields": {
        "content_type": [
            "venues",
            "venue"
        ],
        "object_id": 22,
        "round": 1
    }
},
{
    "model": "availability.roundavailability",
    "pk": 74,
    "fields": {
        "content_type": [
            "venues",
            "venue"
        ],
        "object_id": 23,
        "round": 1
    }
},
{
    "model": "breakqual.breakcategory",
    "pk": 1,
    "fields": {
        "tournament": 1,
        "name": "Open",
        "slug": "open",
        "seq": 10,
        "break_size": 8,
        "is_general": true,
        "priority": 30,
        "rule": "standard"
    }
},
{
    "model": "breakqual.breakcategory",
    "pk": 2,
    "fields": {
        "tournament": 1,
        "name": "ESL",
        "slug": "esl",
        "seq": 20,
        "break_size": 4,
        "is_general": false,
        "priority": 20,
        "rule": "standard"
    }
},
{
    "model": "breakqual.breakcategory",
    "pk": 3,
    "fields": {
        "tournament": 1,
        "name": "EFL",
        "slug": "efl",
        "seq": 30,
        "break_size": 2,
        "is_general": false,
        "priority": 10,
        "rule": "standard"
    }
},
{
    "model": "draw.debate",
    "pk": 1,
    "fields": {
        "round": 1,
        "venue": 11,
        "division": null,
        "bracket": 0.0,
        "room_rank": 0,
        "time": null,
        "flags": "",
        "importance": 0,
        "result_status": "C",
        "ballot_in": false
    }
},
{
    "model": "draw.debate",
    "pk": 2,
    "fields": {
        "round": 1,
        "venue": 18,
        "division": null,
        "bracket": 0.0,
        "room_rank": 0,
        "time": null,
        "flags": "",
        "importance": 0,
        "result_status": "C",
        "ballot_in": false
    }
},
{
    "model": "draw.debate",
    "pk": 3,
    "fields": {
        "round": 1,
        "venue": 21,
        "division": null,
        "bracket": 0.0,
        "room_rank": 0,
        "time": null,
        "flags": "",
        "importance": 0,
        "result_status": "C",
        "ballot_in": false
    }
},
{
    "model": "draw.debate",
    "pk": 4,
    "fields": {
        "round": 1,
        "venue": 14,
        "division": null,
        "bracket": 0.0,
        "room_rank": 0,
        "time": null,
        "flags": "",
        "importance": 0,
        "result_status": "C",
        "ballot_in": false
    }
},
{
    "model": "draw.debate",
    "pk": 5,
    "fields": {
        "round": 1,
        "venue": 19,
        "division": null,
        "bracket": 0.0,
        "room_rank": 0,
        "time": null,
        "flags": "",
        "importance": 0,
        "result_status": "C",
        "ballot_in": false
    }
},
{
    "model": "draw.debate",
    "pk": 6,
    "fields": {
        "round": 1,
        "venue": 15,
        "division": null,
        "bracket": 0.0,
        "room_rank": 0,
        "time": null,
        "flags": "",
        "importance": 0,
        "result_status": "C",
        "ballot_in": false
    }
},
{
    "model": "draw.debate",
    "pk": 7,
    "fields": {
        "round": 1,
        "venue": 20,
        "division": null,
        "bracket": 0.0,
        "room_rank": 0,
        "time": null,
        "flags": "",
        "importance": 0,
        "result_status": "C",
        "ballot_in": false
    }
},
{
    "model": "draw.debate",
    "pk": 8,
    "fields": {
        "round": 1,
        "venue": 13,
        "division": null,
        "bracket": 0.0,
        "room_rank": 0,
        "time": null,
        "flags": "",
        "importance": 0,
        "result_status": "C",
        "ballot_in": false
    }
},
{
    "model": "draw.debate",
    "pk": 9,
    "fields": {
        "round": 1,
        "venue": 12,
        "division": null,
        "bracket": 0.0,
        "room_rank": 0,
        "time": null,
        "flags": "",
        "importance": 0,
        "result_status": "C",
        "ballot_in": false
    }
},
{
    "model": "draw.debate",
    "pk": 10,
    "fields": {
        "round": 1,
        "venue": 22,
        "division": null,
        "bracket": 0.0,
        "room_rank": 0,
        "time": null,
        "flags": "",
        "importance": 0,
        "result_status": "C",
        "ballot_in": false
    }
},
{
    "model": "draw.debate",
    "pk": 11,
    "fields": {
        "round": 1,
        "venue": 16,
        "division": null,
        "bracket": 0.0,
        "room_rank": 0,
        "time": null,
        "flags": "",
        "importance": 0,
        "result_status": "C",
        "ballot_in": false
    }
},
{
    "model": "draw.debate",
    "pk": 12,
    "fields": {
        "round": 1,
        "venue": 17,
        "division": null,
        "bracket": 0.0,
        "room_rank": 0,
        "time": null,
        "flags": "",
        "importance": 0,
        "result_status": "C",
        "ballot_in": false
    }
},
{
    "model": "draw.debateteam",
    "pk": 1,
    "fields": {
        "debate": 1,
        "team": 19,
        "side": "aff"
    }
},
{
    "model": "draw.debateteam",
    "pk": 2,
    "fields": {
        "debate": 1,
        "team": 1,
        "side": "neg"
    }
},
{
    "model": "draw.debateteam",
    "pk": 3,
    "fields": {
        "debate": 2,
        "team": 22,
        "side": "aff"
    }
},
{
    "model": "draw.debateteam",
    "pk": 4,
    "fields": {
        "debate": 2,
        "team": 4,
        "side": "neg"
    }
},
{
    "model": "draw.debateteam",
    "pk": 5,
    "fields": {
        "debate": 3,
        "team": 10,
        "side": "aff"
    }
},
{
    "model": "draw.debateteam",
    "pk": 6,
    "fields": {
        "debate": 3,
        "team": 14,
        "side": "neg"
    }
},
{
    "model": "draw.debateteam",
    "pk": 7,
    "fields": {
        "debate": 4,
        "team": 9,
        "side": "aff"
    }
},
{
    "model": "draw.debateteam",
    "pk": 8,
    "fields": {
        "debate": 4,
        "team": 5,
        "side": "neg"
    }
},
{
    "model": "draw.debateteam",
    "pk": 9,
    "fields": {
        "debate": 5,
        "team": 3,
        "side": "aff"
    }
},
{
    "model": "draw.debateteam",
    "pk": 10,
    "fields": {
        "debate": 5,
        "team": 12,
        "side": "neg"
    }
},
{
    "model": "draw.debateteam",
    "pk": 11,
    "fields": {
        "debate": 6,
        "team": 23,
        "side": "aff"
    }
},
{
    "model": "draw.debateteam",
    "pk": 12,
    "fields": {
        "debate": 6,
        "team": 20,
        "side": "neg"
    }
},
{
    "model": "draw.debateteam",
    "pk": 13,
    "fields": {
        "debate": 7,
        "team": 7,
        "side": "aff"
    }
},
{
    "model": "draw.debateteam",
    "pk": 14,
    "fields": {
        "debate": 7,
        "team": 11,
        "side": "neg"
    }
},
{
    "model": "draw.debateteam",
    "pk": 15,
    "fields": {
        "debate": 8,
        "team": 24,
        "side": "aff"
    }
},
{
    "model": "draw.debateteam",
    "pk": 16,
    "fields": {
        "debate": 8,
        "team": 8,
        "side": "neg"
    }
},
{
    "model": "draw.debateteam",
    "pk": 17,
    "fields": {
        "debate": 9,
        "team": 21,
        "side": "aff"
    }
},
{
    "model": "draw.debateteam",
    "pk": 18,
    "fields": {
        "debate": 9,
        "team": 2,
        "side": "neg"
    }
},
{
    "model": "draw.debateteam",
    "pk": 19,
    "fields": {
        "debate": 10,
        "team": 13,
        "side": "aff"
    }
},
{
    "model": "draw.debateteam",
    "pk": 20,
    "fields": {
        "debate": 10,
        "team": 17,
        "side": "neg"
    }
},
{
    "model": "draw.debateteam",
    "pk": 21,
    "fields": {
        "debate": 11,
        "team": 6,
        "side": "aff"
    }
},
{
    "model": "draw.debateteam",
    "pk": 22,
    "fields": {
        "debate": 11,
        "team": 18,
        "side": "neg"
    }
},
{
    "model": "draw.debateteam",
    "pk": 23,
    "fields": {
        "debate": 12,
        "team": 16,
        "side": "aff"
    }
},
{
    "model": "draw.debateteam",
    "pk": 24,
    "fields": {
        "debate": 12,
        "team": 15,
        "side": "neg"
    }
},
{
    "model": "motions.motion",
    "pk": 1,
    "fields": {
        "seq": 1,
        "text": "This House would abolish national days",
        "reference": "National days",
        "flagged": false,
        "round": 1,
        "divisions": []
    }
},
{
    "model": "motions.motion",
    "pk": 2,
    "fields": {
        "seq": 2,
        "text": "This House regrets the existence of Valentine's Day",
        "reference": "Valentine\u2019s Day",
        "flagged": false,
        "round": 1,
        "divisions": []
    }
},
{
    "model": "motions.motion",
    "pk": 3,
    "fields": {
        "seq": 3,
        "text": "This House would rename Christmas with a name that is religiously neutral",
        "reference": "Christmas",
        "flagged": false,
        "round": 1,
        "divisions": []
    }
},
{
    "model": "motions.motion",
    "pk": 4,
    "fields": {
        "seq": 1,
        "text": "This House would not buy Apple",
        "reference": "Apple",
        "flagged": false,
        "round": 2,
        "divisions": []
    }
},
{
    "model": "motions.motion",
    "pk": 5,
    "fields": {
        "seq": 2,
        "text": "This House would end all research and development tax credits for highly profitable technology companies",
        "reference": "R&D tax credit",
        "flagged": false,
        "round": 2,
        "divisions": []
    }
},
{
    "model": "motions.motion",
    "pk": 6,
    "fields": {
        "seq": 3,
        "text": "This House regrets the rise of computer science at the expense of the humanities",
        "reference": "Computer science",
        "flagged": false,
        "round": 2,
        "divisions": []
    }
},
{
    "model": "motions.motion",
    "pk": 7,
    "fields": {
        "seq": 1,
        "text": "This House would favour creativity over intelligence",
        "reference": "Creativity and intelligence",
        "flagged": false,
        "round": 3,
        "divisions": []
    }
},
{
    "model": "motions.motion",
    "pk": 8,
    "fields": {
        "seq": 2,
        "text": "This House believes that field hockey is better than ice hockey",
        "reference": "Hockey",
        "flagged": false,
        "round": 3,
        "divisions": []
    }
},
{
    "model": "motions.motion",
    "pk": 9,
    "fields": {
        "seq": 3,
        "text": "This House would rather play with Lego than Barbie",
        "reference": "Lego and Barbie",
        "flagged": false,
        "round": 3,
        "divisions": []
    }
},
{
    "model": "motions.motion",
    "pk": 10,
    "fields": {
        "seq": 1,
        "text": "This House would stop importing bananas from Latin America",
        "reference": "Bananas",
        "flagged": false,
        "round": 4,
        "divisions": []
    }
},
{
    "model": "motions.motion",
    "pk": 11,
    "fields": {
        "seq": 2,
        "text": "This House believes that tomatoes are a fruit",
        "reference": "Tomatoes",
        "flagged": false,
        "round": 4,
        "divisions": []
    }
},
{
    "model": "motions.motion",
    "pk": 12,
    "fields": {
        "seq": 3,
        "text": "This House would require all fruit to carry labels noting what pesticides are used on them",
        "reference": "Pesticide labelling",
        "flagged": false,
        "round": 4,
        "divisions": []
    }
},
{
    "model": "motions.motion",
    "pk": 13,
    "fields": {
        "seq": 1,
        "text": "This House would make an exception to laws forbidding indecent exposure for days with hot temperatures",
        "reference": "Indecent exposure",
        "flagged": false,
        "round": 7,
        "divisions": []
    }
},
{
    "model": "motions.motion",
    "pk": 14,
    "fields": {
        "seq": 2,
        "text": "This House regrets the development of different fashion lines for men and women",
        "reference": "Gender and fashion",
        "flagged": false,
        "round": 7,
        "divisions": []
    }
},
{
    "model": "motions.motion",
    "pk": 15,
    "fields": {
        "seq": 3,
        "text": "This House believes that it is unprofessional to wear flip-flops (jandals, thongs) to work",
        "reference": "Flip-flops",
        "flagged": false,
        "round": 7,
        "divisions": []
    }
},
{
    "model": "motions.motion",
    "pk": 16,
    "fields": {
        "seq": 1,
        "text": "This House would stop using cash",
        "reference": "Cash",
        "flagged": false,
        "round": 10,
        "divisions": []
    }
},
{
    "model": "motions.motion",
    "pk": 17,
    "fields": {
        "seq": 2,
        "text": "This House supports Bitcoin",
        "reference": "Bitcoin",
        "flagged": false,
        "round": 10,
        "divisions": []
    }
},
{
    "model": "motions.motion",
    "pk": 18,
    "fields": {
        "seq": 3,
        "text": "This House would allow private organisations to compete in providing currency",
        "reference": "Private currency",
        "flagged": false,
        "round": 10,
        "divisions": []
    }
},
{
    "model": "options.tournamentpreferencemodel",
    "pk": 1,
    "fields": {
        "section": "league_options",
        "name": "share_adjs",
        "raw_value": "False",
        "instance": 1
    }
},
{
    "model": "options.tournamentpreferencemodel",
    "pk": 2,
    "fields": {
        "section": "league_options",
        "name": "share_venues",
        "raw_value": "False",
        "instance": 1
    }
},
{
    "model": "options.tournamentpreferencemodel",
    "pk": 3,
    "fields": {
        "section": "draw_rules",
        "name": "avoid_same_institution",
        "raw_value": "True",
        "instance": 1
    }
},
{
    "model": "options.tournamentpreferencemodel",
    "pk": 4,
    "fields": {
        "section": "draw_rules",
        "name": "avoid_team_history",
        "raw_value": "True",
        "instance": 1
    }
},
{
    "model": "options.tournamentpreferencemodel",
    "pk": 5,
    "fields": {
        "section": "draw_rules",
        "name": "team_history_penalty",
        "raw_value": "1000",
        "instance": 1
    }
},
{
    "model": "options.tournamentpreferencemodel",
    "pk": 6,
    "fields": {
        "section": "draw_rules",
        "name": "team_institution_penalty",
        "raw_value": "1",
        "instance": 1
    }
},
{
    "model": "options.tournamentpreferencemodel",
    "pk": 7,
    "fields": {
        "section": "draw_rules",
        "name": "draw_avoid_conflicts",
        "raw_value": "one_up_one_down",
        "instance": 1
    }
},
{
    "model": "options.tournamentpreferencemodel",
    "pk": 8,
    "fields": {
        "section": "draw_rules",
        "name": "draw_side_allocations",
        "raw_value": "balance",
        "instance": 1
    }
},
{
    "model": "options.tournamentpreferencemodel",
    "pk": 9,
    "fields": {
        "section": "league_options",
        "name": "enable_divisions",
        "raw_value": "False",
        "instance": 1
    }
},
{
    "model": "options.tournamentpreferencemodel",
    "pk": 10,
    "fields": {
        "section": "feedback",
        "name": "adj_min_score",
        "raw_value": "0.0",
        "instance": 1
    }
},
{
    "model": "options.tournamentpreferencemodel",
    "pk": 11,
    "fields": {
        "section": "feedback",
        "name": "adj_max_score",
        "raw_value": "5.0",
        "instance": 1
    }
},
{
    "model": "options.tournamentpreferencemodel",
    "pk": 12,
    "fields": {
        "section": "draw_rules",
        "name": "adj_min_voting_score",
        "raw_value": "1.5",
        "instance": 1
    }
},
{
    "model": "options.tournamentpreferencemodel",
    "pk": 13,
    "fields": {
        "section": "draw_rules",
        "name": "adj_conflict_penalty",
        "raw_value": "1000000",
        "instance": 1
    }
},
{
    "model": "options.tournamentpreferencemodel",
    "pk": 14,
    "fields": {
        "section": "draw_rules",
        "name": "adj_history_penalty",
        "raw_value": "10000",
        "instance": 1
    }
},
{
    "model": "options.tournamentpreferencemodel",
    "pk": 15,
    "fields": {
        "section": "draw_rules",
        "name": "no_panellist_position",
        "raw_value": "False",
        "instance": 1
    }
},
{
    "model": "options.tournamentpreferencemodel",
    "pk": 16,
    "fields": {
        "section": "draw_rules",
        "name": "no_trainee_position",
        "raw_value": "False",
        "instance": 1
    }
},
{
    "model": "options.tournamentpreferencemodel",
    "pk": 17,
    "fields": {
        "section": "league_options",
        "name": "duplicate_adjs",
        "raw_value": "False",
        "instance": 1
    }
},
{
    "model": "options.tournamentpreferencemodel",
    "pk": 18,
    "fields": {
        "section": "debate_rules",
        "name": "ballots_per_debate",
        "raw_value": "per-adj",
        "instance": 1
    }
},
{
    "model": "options.tournamentpreferencemodel",
    "pk": 19,
    "fields": {
        "section": "debate_rules",
        "name": "substantive_speakers",
        "raw_value": "3",
        "instance": 1
    }
},
{
    "model": "options.tournamentpreferencemodel",
    "pk": 20,
    "fields": {
        "section": "debate_rules",
        "name": "reply_scores_enabled",
        "raw_value": "True",
        "instance": 1
    }
},
{
    "model": "options.tournamentpreferencemodel",
    "pk": 21,
    "fields": {
        "section": "scoring",
        "name": "score_step",
        "raw_value": "1.0",
        "instance": 1
    }
},
{
    "model": "options.tournamentpreferencemodel",
    "pk": 22,
    "fields": {
        "section": "scoring",
        "name": "score_min",
        "raw_value": "68.0",
        "instance": 1
    }
},
{
    "model": "options.tournamentpreferencemodel",
    "pk": 23,
    "fields": {
        "section": "scoring",
        "name": "score_max",
        "raw_value": "82.0",
        "instance": 1
    }
},
{
    "model": "options.tournamentpreferencemodel",
    "pk": 24,
    "fields": {
        "section": "scoring",
        "name": "reply_score_step",
        "raw_value": "0.5",
        "instance": 1
    }
},
{
    "model": "options.tournamentpreferencemodel",
    "pk": 25,
    "fields": {
        "section": "scoring",
        "name": "reply_score_min",
        "raw_value": "34.0",
        "instance": 1
    }
},
{
    "model": "options.tournamentpreferencemodel",
    "pk": 26,
    "fields": {
        "section": "scoring",
        "name": "reply_score_max",
        "raw_value": "41.0",
        "instance": 1
    }
},
{
    "model": "options.tournamentpreferencemodel",
    "pk": 27,
    "fields": {
        "section": "scoring",
        "name": "margin_includes_dissenters",
        "raw_value": "False",
        "instance": 1
    }
},
{
    "model": "options.tournamentpreferencemodel",
    "pk": 28,
    "fields": {
        "section": "scoring",
        "name": "maximum_margin",
        "raw_value": "0.0",
        "instance": 1
    }
},
{
    "model": "options.tournamentpreferencemodel",
    "pk": 29,
    "fields": {
        "section": "draw_rules",
        "name": "draw_odd_bracket",
        "raw_value": "intermediate_bubble_up_down",
        "instance": 1
    }
},
{
    "model": "options.tournamentpreferencemodel",
    "pk": 30,
    "fields": {
        "section": "draw_rules",
        "name": "draw_pairing_method",
        "raw_value": "slide",
        "instance": 1
    }
},
{
    "model": "options.tournamentpreferencemodel",
    "pk": 31,
    "fields": {
        "section": "draw_rules",
        "name": "draw_skip_adj_checkins",
        "raw_value": "False",
        "instance": 1
    }
},
{
    "model": "options.tournamentpreferencemodel",
    "pk": 32,
    "fields": {
        "section": "feedback",
        "name": "feedback_introduction",
        "raw_value": "",
        "instance": 1
    }
},
{
    "model": "options.tournamentpreferencemodel",
    "pk": 33,
    "fields": {
        "section": "feedback",
        "name": "show_unaccredited",
        "raw_value": "False",
        "instance": 1
    }
},
{
    "model": "options.tournamentpreferencemodel",
    "pk": 34,
    "fields": {
        "section": "feedback",
        "name": "score_return_location",
        "raw_value": "TBA",
        "instance": 1
    }
},
{
    "model": "options.tournamentpreferencemodel",
    "pk": 35,
    "fields": {
        "section": "feedback",
        "name": "feedback_return_location",
        "raw_value": "TBA",
        "instance": 1
    }
},
{
    "model": "options.tournamentpreferencemodel",
    "pk": 36,
    "fields": {
        "section": "feedback",
        "name": "feedback_paths",
        "raw_value": "minimal",
        "instance": 1
    }
},
{
    "model": "options.tournamentpreferencemodel",
    "pk": 37,
    "fields": {
        "section": "feedback",
        "name": "feedback_from_teams",
        "raw_value": "orallist",
        "instance": 1
    }
},
{
    "model": "options.tournamentpreferencemodel",
    "pk": 38,
    "fields": {
        "section": "feedback",
        "name": "show_unexpected_feedback",
        "raw_value": "True",
        "instance": 1
    }
},
{
    "model": "options.tournamentpreferencemodel",
    "pk": 39,
    "fields": {
        "section": "debate_rules",
        "name": "motion_vetoes_enabled",
        "raw_value": "True",
        "instance": 1
    }
},
{
    "model": "options.tournamentpreferencemodel",
    "pk": 40,
    "fields": {
        "section": "debate_rules",
        "name": "side_names",
        "raw_value": "aff-neg",
        "instance": 1
    }
},
{
    "model": "options.tournamentpreferencemodel",
    "pk": 41,
    "fields": {
        "section": "standings",
        "name": "standings_missed_debates",
        "raw_value": "1",
        "instance": 1
    }
},
{
    "model": "options.tournamentpreferencemodel",
    "pk": 42,
    "fields": {
        "section": "standings",
        "name": "rank_speakers_by",
        "raw_value": "total",
        "instance": 1
    }
},
{
    "model": "options.tournamentpreferencemodel",
    "pk": 43,
    "fields": {
        "section": "standings",
        "name": "team_standings_precedence",
        "raw_value": "wins//speaks_avg",
        "instance": 1
    }
},
{
    "model": "options.tournamentpreferencemodel",
    "pk": 44,
    "fields": {
        "section": "standings",
        "name": "team_standings_extra_metrics",
        "raw_value": "",
        "instance": 1
    }
},
{
    "model": "options.tournamentpreferencemodel",
    "pk": 45,
    "fields": {
        "section": "tab_release",
        "name": "team_tab_released",
        "raw_value": "False",
        "instance": 1
    }
},
{
    "model": "options.tournamentpreferencemodel",
    "pk": 46,
    "fields": {
        "section": "tab_release",
        "name": "team_tab_limit",
        "raw_value": "0",
        "instance": 1
    }
},
{
    "model": "options.tournamentpreferencemodel",
    "pk": 47,
    "fields": {
        "section": "tab_release",
        "name": "speaker_tab_released",
        "raw_value": "False",
        "instance": 1
    }
},
{
    "model": "options.tournamentpreferencemodel",
    "pk": 48,
    "fields": {
        "section": "tab_release",
        "name": "speaker_tab_limit",
        "raw_value": "0",
        "instance": 1
    }
},
{
    "model": "options.tournamentpreferencemodel",
    "pk": 49,
    "fields": {
        "section": "tab_release",
        "name": "pros_tab_released",
        "raw_value": "False",
        "instance": 1
    }
},
{
    "model": "options.tournamentpreferencemodel",
    "pk": 50,
    "fields": {
        "section": "tab_release",
        "name": "pros_tab_limit",
        "raw_value": "0",
        "instance": 1
    }
},
{
    "model": "options.tournamentpreferencemodel",
    "pk": 51,
    "fields": {
        "section": "tab_release",
        "name": "novices_tab_released",
        "raw_value": "False",
        "instance": 1
    }
},
{
    "model": "options.tournamentpreferencemodel",
    "pk": 52,
    "fields": {
        "section": "tab_release",
        "name": "novices_tab_limit",
        "raw_value": "0",
        "instance": 1
    }
},
{
    "model": "options.tournamentpreferencemodel",
    "pk": 53,
    "fields": {
        "section": "tab_release",
        "name": "replies_tab_released",
        "raw_value": "False",
        "instance": 1
    }
},
{
    "model": "options.tournamentpreferencemodel",
    "pk": 54,
    "fields": {
        "section": "tab_release",
        "name": "replies_tab_limit",
        "raw_value": "0",
        "instance": 1
    }
},
{
    "model": "options.tournamentpreferencemodel",
    "pk": 55,
    "fields": {
        "section": "tab_release",
        "name": "esl_tab_released",
        "raw_value": "False",
        "instance": 1
    }
},
{
    "model": "options.tournamentpreferencemodel",
    "pk": 56,
    "fields": {
        "section": "tab_release",
        "name": "esl_tab_limit",
        "raw_value": "0",
        "instance": 1
    }
},
{
    "model": "options.tournamentpreferencemodel",
    "pk": 57,
    "fields": {
        "section": "tab_release",
        "name": "efl_tab_released",
        "raw_value": "False",
        "instance": 1
    }
},
{
    "model": "options.tournamentpreferencemodel",
    "pk": 58,
    "fields": {
        "section": "tab_release",
        "name": "efl_tab_limit",
        "raw_value": "0",
        "instance": 1
    }
},
{
    "model": "options.tournamentpreferencemodel",
    "pk": 59,
    "fields": {
        "section": "tab_release",
        "name": "motion_tab_released",
        "raw_value": "False",
        "instance": 1
    }
},
{
    "model": "options.tournamentpreferencemodel",
    "pk": 60,
    "fields": {
        "section": "tab_release",
        "name": "ballots_released",
        "raw_value": "False",
        "instance": 1
    }
},
{
    "model": "options.tournamentpreferencemodel",
    "pk": 61,
    "fields": {
        "section": "tab_release",
        "name": "all_results_released",
        "raw_value": "False",
        "instance": 1
    }
},
{
    "model": "options.tournamentpreferencemodel",
    "pk": 62,
    "fields": {
        "section": "data_entry",
        "name": "public_ballots",
        "raw_value": "False",
        "instance": 1
    }
},
{
    "model": "options.tournamentpreferencemodel",
    "pk": 63,
    "fields": {
        "section": "data_entry",
        "name": "public_ballots_randomised",
        "raw_value": "False",
        "instance": 1
    }
},
{
    "model": "options.tournamentpreferencemodel",
    "pk": 64,
    "fields": {
        "section": "data_entry",
        "name": "public_feedback",
        "raw_value": "False",
        "instance": 1
    }
},
{
    "model": "options.tournamentpreferencemodel",
    "pk": 65,
    "fields": {
        "section": "data_entry",
        "name": "public_feedback_randomised",
        "raw_value": "False",
        "instance": 1
    }
},
{
    "model": "options.tournamentpreferencemodel",
    "pk": 66,
    "fields": {
        "section": "data_entry",
        "name": "public_use_password",
        "raw_value": "False",
        "instance": 1
    }
},
{
    "model": "options.tournamentpreferencemodel",
    "pk": 67,
    "fields": {
        "section": "data_entry",
        "name": "public_password",
        "raw_value": "Enter Password",
        "instance": 1
    }
},
{
    "model": "options.tournamentpreferencemodel",
    "pk": 68,
    "fields": {
        "section": "data_entry",
        "name": "disable_ballot_confirms",
        "raw_value": "False",
        "instance": 1
    }
},
{
    "model": "options.tournamentpreferencemodel",
    "pk": 69,
    "fields": {
        "section": "data_entry",
        "name": "enable_motions",
        "raw_value": "True",
        "instance": 1
    }
},
{
    "model": "options.tournamentpreferencemodel",
    "pk": 70,
    "fields": {
        "section": "data_entry",
        "name": "assistant_access",
        "raw_value": "all_areas",
        "instance": 1
    }
},
{
    "model": "options.tournamentpreferencemodel",
    "pk": 71,
    "fields": {
        "section": "public_features",
        "name": "public_participants",
        "raw_value": "False",
        "instance": 1
    }
},
{
    "model": "options.tournamentpreferencemodel",
    "pk": 72,
    "fields": {
        "section": "public_features",
        "name": "public_diversity",
        "raw_value": "False",
        "instance": 1
    }
},
{
    "model": "options.tournamentpreferencemodel",
    "pk": 73,
    "fields": {
        "section": "public_features",
        "name": "public_break_categories",
        "raw_value": "False",
        "instance": 1
    }
},
{
    "model": "options.tournamentpreferencemodel",
    "pk": 74,
    "fields": {
        "section": "public_features",
        "name": "public_side_allocations",
        "raw_value": "False",
        "instance": 1
    }
},
{
    "model": "options.tournamentpreferencemodel",
    "pk": 75,
    "fields": {
        "section": "public_features",
        "name": "public_draw",
        "raw_value": "False",
        "instance": 1
    }
},
{
    "model": "options.tournamentpreferencemodel",
    "pk": 76,
    "fields": {
        "section": "public_features",
        "name": "public_results",
        "raw_value": "False",
        "instance": 1
    }
},
{
    "model": "options.tournamentpreferencemodel",
    "pk": 77,
    "fields": {
        "section": "public_features",
        "name": "public_motions",
        "raw_value": "False",
        "instance": 1
    }
},
{
    "model": "options.tournamentpreferencemodel",
    "pk": 78,
    "fields": {
        "section": "public_features",
        "name": "public_team_standings",
        "raw_value": "False",
        "instance": 1
    }
},
{
    "model": "options.tournamentpreferencemodel",
    "pk": 79,
    "fields": {
        "section": "public_features",
        "name": "public_record",
        "raw_value": "True",
        "instance": 1
    }
},
{
    "model": "options.tournamentpreferencemodel",
    "pk": 80,
    "fields": {
        "section": "public_features",
        "name": "public_breaking_teams",
        "raw_value": "False",
        "instance": 1
    }
},
{
    "model": "options.tournamentpreferencemodel",
    "pk": 81,
    "fields": {
        "section": "public_features",
        "name": "public_breaking_adjs",
        "raw_value": "False",
        "instance": 1
    }
},
{
    "model": "options.tournamentpreferencemodel",
    "pk": 82,
    "fields": {
        "section": "public_features",
        "name": "feedback_progress",
        "raw_value": "False",
        "instance": 1
    }
},
{
    "model": "options.tournamentpreferencemodel",
    "pk": 83,
    "fields": {
        "section": "ui_options",
        "name": "show_splitting_adjudicators",
        "raw_value": "False",
        "instance": 1
    }
},
{
    "model": "options.tournamentpreferencemodel",
    "pk": 84,
    "fields": {
        "section": "ui_options",
        "name": "show_motions_in_results",
        "raw_value": "False",
        "instance": 1
    }
},
{
    "model": "options.tournamentpreferencemodel",
    "pk": 85,
    "fields": {
        "section": "ui_options",
        "name": "show_emoji",
        "raw_value": "True",
        "instance": 1
    }
},
{
    "model": "options.tournamentpreferencemodel",
    "pk": 86,
    "fields": {
        "section": "ui_options",
        "name": "show_team_institutions",
        "raw_value": "True",
        "instance": 1
    }
},
{
    "model": "options.tournamentpreferencemodel",
    "pk": 87,
    "fields": {
        "section": "ui_options",
        "name": "show_adjudicator_institutions",
        "raw_value": "True",
        "instance": 1
    }
},
{
    "model": "options.tournamentpreferencemodel",
    "pk": 88,
    "fields": {
        "section": "ui_options",
        "name": "show_novices",
        "raw_value": "False",
        "instance": 1
    }
},
{
    "model": "options.tournamentpreferencemodel",
    "pk": 89,
    "fields": {
        "section": "ui_options",
        "name": "show_esl",
        "raw_value": "False",
        "instance": 1
    }
},
{
    "model": "options.tournamentpreferencemodel",
    "pk": 90,
    "fields": {
        "section": "ui_options",
        "name": "show_efl",
        "raw_value": "False",
        "instance": 1
    }
},
{
    "model": "options.tournamentpreferencemodel",
    "pk": 91,
    "fields": {
        "section": "ui_options",
        "name": "show_speakers_in_draw",
        "raw_value": "True",
        "instance": 1
    }
},
{
    "model": "options.tournamentpreferencemodel",
    "pk": 92,
    "fields": {
        "section": "ui_options",
        "name": "show_all_draws",
        "raw_value": "False",
        "instance": 1
    }
},
{
    "model": "options.tournamentpreferencemodel",
    "pk": 93,
    "fields": {
        "section": "ui_options",
        "name": "public_motions_order",
        "raw_value": "reverse",
        "instance": 1
    }
},
{
    "model": "options.tournamentpreferencemodel",
    "pk": 94,
    "fields": {
        "section": "league_options",
        "name": "public_divisions",
        "raw_value": "False",
        "instance": 1
    }
},
{
    "model": "options.tournamentpreferencemodel",
    "pk": 95,
    "fields": {
        "section": "league_options",
        "name": "enable_postponements",
        "raw_value": "False",
        "instance": 1
    }
},
{
    "model": "options.tournamentpreferencemodel",
    "pk": 96,
    "fields": {
        "section": "league_options",
        "name": "enable_forfeits",
        "raw_value": "False",
        "instance": 1
    }
},
{
    "model": "options.tournamentpreferencemodel",
    "pk": 97,
    "fields": {
        "section": "league_options",
        "name": "enable_division_motions",
        "raw_value": "False",
        "instance": 1
    }
},
{
    "model": "options.tournamentpreferencemodel",
    "pk": 98,
    "fields": {
        "section": "league_options",
        "name": "minimum_division_size",
        "raw_value": "5",
        "instance": 1
    }
},
{
    "model": "options.tournamentpreferencemodel",
    "pk": 99,
    "fields": {
        "section": "league_options",
        "name": "ideal_division_size",
        "raw_value": "6",
        "instance": 1
    }
},
{
    "model": "options.tournamentpreferencemodel",
    "pk": 100,
    "fields": {
        "section": "league_options",
        "name": "maximum_division_size",
        "raw_value": "8",
        "instance": 1
    }
},
{
    "model": "options.tournamentpreferencemodel",
    "pk": 101,
    "fields": {
        "section": "league_options",
        "name": "enable_flagged_motions",
        "raw_value": "False",
        "instance": 1
    }
},
{
    "model": "options.tournamentpreferencemodel",
    "pk": 102,
    "fields": {
        "section": "league_options",
        "name": "enable_adj_notes",
        "raw_value": "False",
        "instance": 1
    }
},
{
    "model": "options.tournamentpreferencemodel",
    "pk": 103,
    "fields": {
        "section": "league_options",
        "name": "enable_debate_scheduling",
        "raw_value": "False",
        "instance": 1
    }
},
{
    "model": "options.tournamentpreferencemodel",
    "pk": 104,
    "fields": {
        "section": "league_options",
        "name": "division_venues",
        "raw_value": "False",
        "instance": 1
    }
},
{
    "model": "options.tournamentpreferencemodel",
    "pk": 105,
    "fields": {
        "section": "league_options",
        "name": "allocation_confirmations",
        "raw_value": "False",
        "instance": 1
    }
},
{
    "model": "options.tournamentpreferencemodel",
    "pk": 106,
    "fields": {
        "section": "league_options",
        "name": "enable_mass_draws",
        "raw_value": "False",
        "instance": 1
    }
},
{
    "model": "participants.region",
    "pk": 1,
    "fields": {
        "name": "NY"
    }
},
{
    "model": "participants.region",
    "pk": 2,
    "fields": {
        "name": "MA"
    }
},
{
    "model": "participants.region",
    "pk": 3,
    "fields": {
        "name": "MD"
    }
},
{
    "model": "participants.region",
    "pk": 4,
    "fields": {
        "name": "CT"
    }
},
{
    "model": "participants.region",
    "pk": 5,
    "fields": {
        "name": "PA"
    }
},
{
    "model": "participants.region",
    "pk": 6,
    "fields": {
        "name": "CA"
    }
},
{
    "model": "participants.region",
    "pk": 7,
    "fields": {
        "name": "Other"
    }
},
{
    "model": "participants.institution",
    "pk": 1,
    "fields": {
        "name": "California Institute of Technology",
        "code": "Caltech",
        "abbreviation": "Calt",
        "region": 6
    }
},
{
    "model": "participants.institution",
    "pk": 2,
    "fields": {
        "name": "Columbia University",
        "code": "Columbia",
        "abbreviation": "Colum",
        "region": 1
    }
},
{
    "model": "participants.institution",
    "pk": 3,
    "fields": {
        "name": "Cornell University",
        "code": "Cornell",
        "abbreviation": "Corn",
        "region": 1
    }
},
{
    "model": "participants.institution",
    "pk": 4,
    "fields": {
        "name": "Harvard University",
        "code": "Harvard",
        "abbreviation": "Harv",
        "region": 2
    }
},
{
    "model": "participants.institution",
    "pk": 5,
    "fields": {
        "name": "Johns Hopkins University",
        "code": "Johns Hopkins",
        "abbreviation": "JHU",
        "region": 3
    }
},
{
    "model": "participants.institution",
    "pk": 6,
    "fields": {
        "name": "Massachusetts Institute of Technology",
        "code": "MIT",
        "abbreviation": "MIT",
        "region": 2
    }
},
{
    "model": "participants.institution",
    "pk": 7,
    "fields": {
        "name": "Princeton University",
        "code": "Princeton",
        "abbreviation": "Prin",
        "region": null
    }
},
{
    "model": "participants.institution",
    "pk": 8,
    "fields": {
        "name": "Stanford University",
        "code": "Stanford",
        "abbreviation": "Stan",
        "region": 6
    }
},
{
    "model": "participants.institution",
    "pk": 9,
    "fields": {
        "name": "University of California, Berkeley",
        "code": "Berkeley",
        "abbreviation": "Cal",
        "region": 6
    }
},
{
    "model": "participants.institution",
    "pk": 10,
    "fields": {
        "name": "University of Chicago",
        "code": "Chicago",
        "abbreviation": "Chic",
        "region": null
    }
},
{
    "model": "participants.institution",
    "pk": 11,
    "fields": {
        "name": "University of Pennsylvania",
        "code": "Pennsylvania",
        "abbreviation": "Penn",
        "region": 5
    }
},
{
    "model": "participants.institution",
    "pk": 12,
    "fields": {
        "name": "University of Toronto",
        "code": "Toronto",
        "abbreviation": "Toron",
        "region": null
    }
},
{
    "model": "participants.institution",
    "pk": 13,
    "fields": {
        "name": "Yale University",
        "code": "Yale",
        "abbreviation": "Yale",
        "region": 4
    }
},
{
    "model": "participants.person",
    "pk": 1,
    "fields": {
        "name": "Georgia Crawford",
        "barcode_id": null,
        "email": "georgiacrawford@fakemail.com",
        "phone": "",
        "novice": false,
        "esl": false,
        "efl": false,
        "anonymous": false,
        "checkin_message": "",
        "notes": null,
        "gender": "F",
        "pronoun": "she"
    }
},
{
    "model": "participants.person",
    "pk": 2,
    "fields": {
        "name": "Wanda Griffin",
        "barcode_id": null,
        "email": "wandagriffin@fakemail.com",
        "phone": "",
        "novice": true,
        "esl": false,
        "efl": false,
        "anonymous": false,
        "checkin_message": "",
        "notes": null,
        "gender": "F",
        "pronoun": "she"
    }
},
{
    "model": "participants.person",
    "pk": 3,
    "fields": {
        "name": "Helen Keller",
        "barcode_id": null,
        "email": "helenkeller@fakemail.com",
        "phone": "",
        "novice": false,
        "esl": false,
        "efl": false,
        "anonymous": false,
        "checkin_message": "",
        "notes": null,
        "gender": "F",
        "pronoun": "she"
    }
},
{
    "model": "participants.person",
    "pk": 4,
    "fields": {
        "name": "Russell Warren",
        "barcode_id": null,
        "email": "russellwarren@fakemail.com",
        "phone": "",
        "novice": false,
        "esl": false,
        "efl": false,
        "anonymous": false,
        "checkin_message": "",
        "notes": null,
        "gender": "M",
        "pronoun": "he"
    }
},
{
    "model": "participants.person",
    "pk": 5,
    "fields": {
        "name": "Angel Rhodes",
        "barcode_id": null,
        "email": "angelrhodes@fakemail.com",
        "phone": "",
        "novice": true,
        "esl": false,
        "efl": false,
        "anonymous": false,
        "checkin_message": "",
        "notes": null,
        "gender": "",
        "pronoun": "they"
    }
},
{
    "model": "participants.person",
    "pk": 6,
    "fields": {
        "name": "Terry Henderson",
        "barcode_id": null,
        "email": "terryhenderson@fakemail.com",
        "phone": "",
        "novice": false,
        "esl": false,
        "efl": false,
        "anonymous": false,
        "checkin_message": "",
        "notes": null,
        "gender": "M",
        "pronoun": "he"
    }
},
{
    "model": "participants.person",
    "pk": 7,
    "fields": {
        "name": "Kyle Ruiz",
        "barcode_id": null,
        "email": "kyleruiz@fakemail.com",
        "phone": "",
        "novice": false,
        "esl": false,
        "efl": false,
        "anonymous": false,
        "checkin_message": "",
        "notes": null,
        "gender": "M",
        "pronoun": "he"
    }
},
{
    "model": "participants.person",
    "pk": 8,
    "fields": {
        "name": "Randolph Lambert",
        "barcode_id": null,
        "email": "randolphlambert@fakemail.com",
        "phone": "",
        "novice": true,
        "esl": false,
        "efl": false,
        "anonymous": false,
        "checkin_message": "",
        "notes": null,
        "gender": "M",
        "pronoun": ""
    }
},
{
    "model": "participants.person",
    "pk": 9,
    "fields": {
        "name": "Sergio Pittman",
        "barcode_id": null,
        "email": "sergiopittman@fakemail.com",
        "phone": "",
        "novice": false,
        "esl": false,
        "efl": false,
        "anonymous": false,
        "checkin_message": "",
        "notes": null,
        "gender": "M",
        "pronoun": "he"
    }
},
{
    "model": "participants.person",
    "pk": 10,
    "fields": {
        "name": "Earnest Becker",
        "barcode_id": null,
        "email": "earnestbecker@fakemail.com",
        "phone": "",
        "novice": false,
        "esl": false,
        "efl": false,
        "anonymous": false,
        "checkin_message": "",
        "notes": null,
        "gender": "M",
        "pronoun": "he"
    }
},
{
    "model": "participants.person",
    "pk": 11,
    "fields": {
        "name": "Ellis Rowe",
        "barcode_id": null,
        "email": "ellisrowe@fakemail.com",
        "phone": "",
        "novice": false,
        "esl": false,
        "efl": false,
        "anonymous": false,
        "checkin_message": "",
        "notes": null,
        "gender": "M",
        "pronoun": "he"
    }
},
{
    "model": "participants.person",
    "pk": 12,
    "fields": {
        "name": "Robin Roberson",
        "barcode_id": null,
        "email": "robinroberson@fakemail.com",
        "phone": "",
        "novice": true,
        "esl": false,
        "efl": false,
        "anonymous": false,
        "checkin_message": "",
        "notes": null,
        "gender": "M",
        "pronoun": "he"
    }
},
{
    "model": "participants.person",
    "pk": 13,
    "fields": {
        "name": "Gwen Newman",
        "barcode_id": null,
        "email": "gwennewman@fakemail.com",
        "phone": "",
        "novice": true,
        "esl": false,
        "efl": false,
        "anonymous": false,
        "checkin_message": "",
        "notes": null,
        "gender": "F",
        "pronoun": "she"
    }
},
{
    "model": "participants.person",
    "pk": 14,
    "fields": {
        "name": "Robyn Caldwell",
        "barcode_id": null,
        "email": "robyncaldwell@fakemail.com",
        "phone": "",
        "novice": false,
        "esl": false,
        "efl": false,
        "anonymous": false,
        "checkin_message": "",
        "notes": null,
        "gender": "F",
        "pronoun": ""
    }
},
{
    "model": "participants.person",
    "pk": 15,
    "fields": {
        "name": "Angie Holt",
        "barcode_id": null,
        "email": "angieholt@fakemail.com",
        "phone": "",
        "novice": true,
        "esl": false,
        "efl": false,
        "anonymous": false,
        "checkin_message": "",
        "notes": null,
        "gender": "F",
        "pronoun": "she"
    }
},
{
    "model": "participants.person",
    "pk": 16,
    "fields": {
        "name": "Melvin Jordan",
        "barcode_id": null,
        "email": "melvinjordan@fakemail.com",
        "phone": "",
        "novice": false,
        "esl": false,
        "efl": false,
        "anonymous": false,
        "checkin_message": "",
        "notes": null,
        "gender": "M",
        "pronoun": "he"
    }
},
{
    "model": "participants.person",
    "pk": 17,
    "fields": {
        "name": "Gladys Burke",
        "barcode_id": null,
        "email": "gladysburke@fakemail.com",
        "phone": "",
        "novice": false,
        "esl": false,
        "efl": false,
        "anonymous": false,
        "checkin_message": "",
        "notes": null,
        "gender": "F",
        "pronoun": ""
    }
},
{
    "model": "participants.person",
    "pk": 18,
    "fields": {
        "name": "Patty Saunders",
        "barcode_id": null,
        "email": "pattysaunders@fakemail.com",
        "phone": "",
        "novice": false,
        "esl": false,
        "efl": false,
        "anonymous": false,
        "checkin_message": "",
        "notes": null,
        "gender": "M",
        "pronoun": "he"
    }
},
{
    "model": "participants.person",
    "pk": 19,
    "fields": {
        "name": "Thomas Pierce",
        "barcode_id": null,
        "email": null,
        "phone": "",
        "novice": true,
        "esl": false,
        "efl": false,
        "anonymous": false,
        "checkin_message": "",
        "notes": null,
        "gender": "M",
        "pronoun": "he"
    }
},
{
    "model": "participants.person",
    "pk": 20,
    "fields": {
        "name": "Stella Lindsey",
        "barcode_id": null,
        "email": "stellalindsey@fakemail.com",
        "phone": "",
        "novice": true,
        "esl": false,
        "efl": false,
        "anonymous": false,
        "checkin_message": "",
        "notes": null,
        "gender": "F",
        "pronoun": "she"
    }
},
{
    "model": "participants.person",
    "pk": 21,
    "fields": {
        "name": "Adrian May",
        "barcode_id": null,
        "email": "adrianmay@fakemail.com",
        "phone": "",
        "novice": true,
        "esl": false,
        "efl": false,
        "anonymous": false,
        "checkin_message": "",
        "notes": null,
        "gender": "M",
        "pronoun": "he"
    }
},
{
    "model": "participants.person",
    "pk": 22,
    "fields": {
        "name": "Taylor Brown",
        "barcode_id": null,
        "email": "taylorbrown@fakemail.com",
        "phone": "",
        "novice": false,
        "esl": false,
        "efl": false,
        "anonymous": false,
        "checkin_message": "",
        "notes": null,
        "gender": "M",
        "pronoun": ""
    }
},
{
    "model": "participants.person",
    "pk": 23,
    "fields": {
        "name": "Bethany Chambers",
        "barcode_id": null,
        "email": "bethanychambers@fakemail.com",
        "phone": "",
        "novice": true,
        "esl": false,
        "efl": false,
        "anonymous": false,
        "checkin_message": "",
        "notes": null,
        "gender": "M",
        "pronoun": "he"
    }
},
{
    "model": "participants.person",
    "pk": 24,
    "fields": {
        "name": "Pamela Bryan",
        "barcode_id": null,
        "email": "pamelabryan@fakemail.com",
        "phone": "",
        "novice": true,
        "esl": false,
        "efl": false,
        "anonymous": false,
        "checkin_message": "",
        "notes": null,
        "gender": "F",
        "pronoun": "she"
    }
},
{
    "model": "participants.person",
    "pk": 25,
    "fields": {
        "name": "Janet Nunez",
        "barcode_id": null,
        "email": "janetnunez@fakemail.com",
        "phone": "",
        "novice": true,
        "esl": false,
        "efl": false,
        "anonymous": false,
        "checkin_message": "",
        "notes": null,
        "gender": "F",
        "pronoun": "she"
    }
},
{
    "model": "participants.person",
    "pk": 26,
    "fields": {
        "name": "Owen Chandler",
        "barcode_id": null,
        "email": "owenchandler@fakemail.com",
        "phone": "",
        "novice": true,
        "esl": false,
        "efl": false,
        "anonymous": false,
        "checkin_message": "",
        "notes": null,
        "gender": "M",
        "pronoun": ""
    }
},
{
    "model": "participants.person",
    "pk": 27,
    "fields": {
        "name": "Lillie Rodriquez",
        "barcode_id": null,
        "email": "lillierodriquez@fakemail.com",
        "phone": "",
        "novice": true,
        "esl": false,
        "efl": false,
        "anonymous": false,
        "checkin_message": "",
        "notes": null,
        "gender": "F",
        "pronoun": "she"
    }
},
{
    "model": "participants.person",
    "pk": 28,
    "fields": {
        "name": "Rufus Dennis",
        "barcode_id": null,
        "email": "rufusdennis@fakemail.com",
        "phone": "",
        "novice": false,
        "esl": false,
        "efl": false,
        "anonymous": false,
        "checkin_message": "",
        "notes": null,
        "gender": "M",
        "pronoun": "he"
    }
},
{
    "model": "participants.person",
    "pk": 29,
    "fields": {
        "name": "Marty Love",
        "barcode_id": null,
        "email": "martylove@fakemail.com",
        "phone": "",
        "novice": true,
        "esl": false,
        "efl": false,
        "anonymous": false,
        "checkin_message": "",
        "notes": null,
        "gender": "M",
        "pronoun": "he"
    }
},
{
    "model": "participants.person",
    "pk": 30,
    "fields": {
        "name": "Shelia Wright",
        "barcode_id": null,
        "email": "sheliawright@fakemail.com",
        "phone": "",
        "novice": false,
        "esl": false,
        "efl": false,
        "anonymous": false,
        "checkin_message": "",
        "notes": null,
        "gender": "F",
        "pronoun": "she"
    }
},
{
    "model": "participants.person",
    "pk": 31,
    "fields": {
        "name": "Clark Mills",
        "barcode_id": null,
        "email": "clarkmills@fakemail.com",
        "phone": "",
        "novice": true,
        "esl": false,
        "efl": false,
        "anonymous": false,
        "checkin_message": "",
        "notes": null,
        "gender": "M",
        "pronoun": "he"
    }
},
{
    "model": "participants.person",
    "pk": 32,
    "fields": {
        "name": "Randy Carroll",
        "barcode_id": null,
        "email": "randycarroll@fakemail.com",
        "phone": "",
        "novice": true,
        "esl": false,
        "efl": false,
        "anonymous": false,
        "checkin_message": "",
        "notes": null,
        "gender": "M",
        "pronoun": "he"
    }
},
{
    "model": "participants.person",
    "pk": 33,
    "fields": {
        "name": "Casey Sparks",
        "barcode_id": null,
        "email": "caseysparks@fakemail.com",
        "phone": "",
        "novice": true,
        "esl": false,
        "efl": false,
        "anonymous": false,
        "checkin_message": "",
        "notes": null,
        "gender": "M",
        "pronoun": "he"
    }
},
{
    "model": "participants.person",
    "pk": 34,
    "fields": {
        "name": "Candace Bowen",
        "barcode_id": null,
        "email": "candacebowen@fakemail.com",
        "phone": "",
        "novice": true,
        "esl": false,
        "efl": false,
        "anonymous": false,
        "checkin_message": "",
        "notes": null,
        "gender": "F",
        "pronoun": "she"
    }
},
{
    "model": "participants.person",
    "pk": 35,
    "fields": {
        "name": "Jaime Long",
        "barcode_id": null,
        "email": "jaimelong@fakemail.com",
        "phone": "",
        "novice": true,
        "esl": false,
        "efl": false,
        "anonymous": false,
        "checkin_message": "",
        "notes": null,
        "gender": "M",
        "pronoun": "he"
    }
},
{
    "model": "participants.person",
    "pk": 36,
    "fields": {
        "name": "Leon Hall",
        "barcode_id": null,
        "email": "leonhall@fakemail.com",
        "phone": "",
        "novice": false,
        "esl": false,
        "efl": false,
        "anonymous": false,
        "checkin_message": "",
        "notes": null,
        "gender": "M",
        "pronoun": "he"
    }
},
{
    "model": "participants.person",
    "pk": 37,
    "fields": {
        "name": "Morris Nichols",
        "barcode_id": null,
        "email": "morrisnichols@fakemail.com",
        "phone": "",
        "novice": false,
        "esl": false,
        "efl": false,
        "anonymous": false,
        "checkin_message": "",
        "notes": null,
        "gender": "M",
        "pronoun": "he"
    }
},
{
    "model": "participants.person",
    "pk": 38,
    "fields": {
        "name": "Benjamin Padilla",
        "barcode_id": null,
        "email": "benjaminpadilla@fakemail.com",
        "phone": "",
        "novice": true,
        "esl": false,
        "efl": false,
        "anonymous": false,
        "checkin_message": "",
        "notes": null,
        "gender": "M",
        "pronoun": "he"
    }
},
{
    "model": "participants.person",
    "pk": 39,
    "fields": {
        "name": "Phil Lyons",
        "barcode_id": null,
        "email": "phillyons@fakemail.com",
        "phone": "",
        "novice": true,
        "esl": false,
        "efl": false,
        "anonymous": false,
        "checkin_message": "",
        "notes": null,
        "gender": "M",
        "pronoun": "he"
    }
},
{
    "model": "participants.person",
    "pk": 40,
    "fields": {
        "name": "Clay Holland",
        "barcode_id": null,
        "email": "clayholland@fakemail.com",
        "phone": "",
        "novice": true,
        "esl": false,
        "efl": false,
        "anonymous": false,
        "checkin_message": "",
        "notes": null,
        "gender": "M",
        "pronoun": "he"
    }
},
{
    "model": "participants.person",
    "pk": 41,
    "fields": {
        "name": "Elena Cobb",
        "barcode_id": null,
        "email": "elenacobb@fakemail.com",
        "phone": "",
        "novice": false,
        "esl": false,
        "efl": false,
        "anonymous": false,
        "checkin_message": "",
        "notes": null,
        "gender": "F",
        "pronoun": "she"
    }
},
{
    "model": "participants.person",
    "pk": 42,
    "fields": {
        "name": "Shawn Torres",
        "barcode_id": null,
        "email": "shawntorres@fakemail.com",
        "phone": "",
        "novice": false,
        "esl": false,
        "efl": false,
        "anonymous": false,
        "checkin_message": "",
        "notes": null,
        "gender": "M",
        "pronoun": "he"
    }
},
{
    "model": "participants.person",
    "pk": 43,
    "fields": {
        "name": "Willis Carson",
        "barcode_id": null,
        "email": "williscarson@fakemail.com",
        "phone": "",
        "novice": true,
        "esl": false,
        "efl": false,
        "anonymous": false,
        "checkin_message": "",
        "notes": null,
        "gender": "M",
        "pronoun": "he"
    }
},
{
    "model": "participants.person",
    "pk": 44,
    "fields": {
        "name": "Wendell Nelson",
        "barcode_id": null,
        "email": "wendellnelson@fakemail.com",
        "phone": "",
        "novice": true,
        "esl": false,
        "efl": false,
        "anonymous": false,
        "checkin_message": "",
        "notes": null,
        "gender": "F",
        "pronoun": "she"
    }
},
{
    "model": "participants.person",
    "pk": 45,
    "fields": {
        "name": "Felicia Welch",
        "barcode_id": null,
        "email": "feliciawelch@fakemail.com",
        "phone": "",
        "novice": true,
        "esl": false,
        "efl": false,
        "anonymous": false,
        "checkin_message": "",
        "notes": null,
        "gender": "F",
        "pronoun": "she"
    }
},
{
    "model": "participants.person",
    "pk": 46,
    "fields": {
        "name": "Cory Meyer",
        "barcode_id": null,
        "email": "corymeyer@fakemail.com",
        "phone": "",
        "novice": true,
        "esl": false,
        "efl": false,
        "anonymous": false,
        "checkin_message": "",
        "notes": null,
        "gender": "M",
        "pronoun": "he"
    }
},
{
    "model": "participants.person",
    "pk": 47,
    "fields": {
        "name": "Stacy Frazier",
        "barcode_id": null,
        "email": "stacyfrazier@fakemail.com",
        "phone": "",
        "novice": true,
        "esl": false,
        "efl": false,
        "anonymous": false,
        "checkin_message": "",
        "notes": null,
        "gender": "F",
        "pronoun": "she"
    }
},
{
    "model": "participants.person",
    "pk": 48,
    "fields": {
        "name": "Claire Dunn",
        "barcode_id": null,
        "email": "clairedunn@fakemail.com",
        "phone": "",
        "novice": false,
        "esl": false,
        "efl": false,
        "anonymous": false,
        "checkin_message": "",
        "notes": null,
        "gender": "F",
        "pronoun": "she"
    }
},
{
    "model": "participants.person",
    "pk": 49,
    "fields": {
        "name": "Eloise Munoz",
        "barcode_id": null,
        "email": null,
        "phone": "",
        "novice": true,
        "esl": false,
        "efl": false,
        "anonymous": false,
        "checkin_message": "",
        "notes": null,
        "gender": "M",
        "pronoun": "he"
    }
},
{
    "model": "participants.person",
    "pk": 50,
    "fields": {
        "name": "Patricia Palmer",
        "barcode_id": null,
        "email": "patriciapalmer@fakemail.com",
        "phone": "",
        "novice": true,
        "esl": false,
        "efl": false,
        "anonymous": false,
        "checkin_message": "",
        "notes": null,
        "gender": "M",
        "pronoun": "he"
    }
},
{
    "model": "participants.person",
    "pk": 51,
    "fields": {
        "name": "Stewart Day",
        "barcode_id": null,
        "email": "stewartday@fakemail.com",
        "phone": "",
        "novice": true,
        "esl": false,
        "efl": false,
        "anonymous": false,
        "checkin_message": "",
        "notes": null,
        "gender": "M",
        "pronoun": "he"
    }
},
{
    "model": "participants.person",
    "pk": 52,
    "fields": {
        "name": "Timmy Craig",
        "barcode_id": null,
        "email": "timmycraig@fakemail.com",
        "phone": "",
        "novice": true,
        "esl": false,
        "efl": false,
        "anonymous": false,
        "checkin_message": "",
        "notes": null,
        "gender": "M",
        "pronoun": "he"
    }
},
{
    "model": "participants.person",
    "pk": 53,
    "fields": {
        "name": "Patrick Kelly",
        "barcode_id": null,
        "email": "patrickkelly@fakemail.com",
        "phone": "",
        "novice": false,
        "esl": false,
        "efl": false,
        "anonymous": false,
        "checkin_message": "",
        "notes": null,
        "gender": "M",
        "pronoun": "he"
    }
},
{
    "model": "participants.person",
    "pk": 54,
    "fields": {
        "name": "Kristopher Hayes",
        "barcode_id": null,
        "email": null,
        "phone": "",
        "novice": true,
        "esl": false,
        "efl": false,
        "anonymous": false,
        "checkin_message": "",
        "notes": null,
        "gender": "M",
        "pronoun": "he"
    }
},
{
    "model": "participants.person",
    "pk": 55,
    "fields": {
        "name": "Andy Lane",
        "barcode_id": null,
        "email": "andylane@fakemail.com",
        "phone": "",
        "novice": true,
        "esl": false,
        "efl": false,
        "anonymous": false,
        "checkin_message": "",
        "notes": null,
        "gender": "M",
        "pronoun": "he"
    }
},
{
    "model": "participants.person",
    "pk": 56,
    "fields": {
        "name": "Scott Mcdonald",
        "barcode_id": null,
        "email": "scottmcdonald@fakemail.com",
        "phone": "",
        "novice": true,
        "esl": false,
        "efl": false,
        "anonymous": false,
        "checkin_message": "",
        "notes": null,
        "gender": "M",
        "pronoun": "he"
    }
},
{
    "model": "participants.person",
    "pk": 57,
    "fields": {
        "name": "Charlene Cortez",
        "barcode_id": null,
        "email": "charlenecortez@fakemail.com",
        "phone": "",
        "novice": true,
        "esl": false,
        "efl": false,
        "anonymous": false,
        "checkin_message": "",
        "notes": null,
        "gender": "M",
        "pronoun": "he"
    }
},
{
    "model": "participants.person",
    "pk": 58,
    "fields": {
        "name": "Leigh Holmes",
        "barcode_id": null,
        "email": "leighholmes@fakemail.com",
        "phone": "",
        "novice": false,
        "esl": false,
        "efl": false,
        "anonymous": false,
        "checkin_message": "",
        "notes": null,
        "gender": "F",
        "pronoun": ""
    }
},
{
    "model": "participants.person",
    "pk": 59,
    "fields": {
        "name": "Alma Spencer",
        "barcode_id": null,
        "email": "almaspencer@fakemail.com",
        "phone": "",
        "novice": false,
        "esl": false,
        "efl": false,
        "anonymous": false,
        "checkin_message": "",
        "notes": null,
        "gender": "F",
        "pronoun": "she"
    }
},
{
    "model": "participants.person",
    "pk": 60,
    "fields": {
        "name": "Winston Castro",
        "barcode_id": null,
        "email": null,
        "phone": "",
        "novice": true,
        "esl": false,
        "efl": false,
        "anonymous": false,
        "checkin_message": "",
        "notes": null,
        "gender": "M",
        "pronoun": "he"
    }
},
{
    "model": "participants.person",
    "pk": 61,
    "fields": {
        "name": "Emilio Simmons",
        "barcode_id": null,
        "email": "emiliosimmons@fakemail.com",
        "phone": "",
        "novice": false,
        "esl": false,
        "efl": false,
        "anonymous": false,
        "checkin_message": "",
        "notes": null,
        "gender": "M",
        "pronoun": "he"
    }
},
{
    "model": "participants.person",
    "pk": 62,
    "fields": {
        "name": "Ron Delgado",
        "barcode_id": null,
        "email": "rondelgado@fakemail.com",
        "phone": "",
        "novice": true,
        "esl": false,
        "efl": false,
        "anonymous": false,
        "checkin_message": "",
        "notes": null,
        "gender": "",
        "pronoun": "he"
    }
},
{
    "model": "participants.person",
    "pk": 63,
    "fields": {
        "name": "Nadine Barber",
        "barcode_id": null,
        "email": "nadinebarber@fakemail.com",
        "phone": "",
        "novice": false,
        "esl": false,
        "efl": false,
        "anonymous": false,
        "checkin_message": "",
        "notes": null,
        "gender": "M",
        "pronoun": "he"
    }
},
{
    "model": "participants.person",
    "pk": 64,
    "fields": {
        "name": "Gail Adkins",
        "barcode_id": null,
        "email": "gailadkins@fakemail.com",
        "phone": "",
        "novice": false,
        "esl": false,
        "efl": false,
        "anonymous": false,
        "checkin_message": "",
        "notes": null,
        "gender": "",
        "pronoun": "he"
    }
},
{
    "model": "participants.person",
    "pk": 65,
    "fields": {
        "name": "Willard Walton",
        "barcode_id": null,
        "email": "willardwalton@fakemail.com",
        "phone": "",
        "novice": false,
        "esl": false,
        "efl": false,
        "anonymous": false,
        "checkin_message": "",
        "notes": null,
        "gender": "M",
        "pronoun": ""
    }
},
{
    "model": "participants.person",
    "pk": 66,
    "fields": {
        "name": "Jackie Peterson",
        "barcode_id": null,
        "email": "jackiepeterson@fakemail.com",
        "phone": "",
        "novice": true,
        "esl": false,
        "efl": false,
        "anonymous": false,
        "checkin_message": "",
        "notes": null,
        "gender": "M",
        "pronoun": "he"
    }
},
{
    "model": "participants.person",
    "pk": 67,
    "fields": {
        "name": "Terry Thornton",
        "barcode_id": null,
        "email": "terrythornton@fakemail.com",
        "phone": "",
        "novice": true,
        "esl": false,
        "efl": false,
        "anonymous": false,
        "checkin_message": "",
        "notes": null,
        "gender": "",
        "pronoun": "they"
    }
},
{
    "model": "participants.person",
    "pk": 68,
    "fields": {
        "name": "Norman Rodgers",
        "barcode_id": null,
        "email": "normanrodgers@fakemail.com",
        "phone": "",
        "novice": false,
        "esl": false,
        "efl": false,
        "anonymous": false,
        "checkin_message": "",
        "notes": null,
        "gender": "M",
        "pronoun": "he"
    }
},
{
    "model": "participants.person",
    "pk": 69,
    "fields": {
        "name": "Mattie Lee",
        "barcode_id": null,
        "email": "mattielee@fakemail.com",
        "phone": "",
        "novice": false,
        "esl": false,
        "efl": false,
        "anonymous": false,
        "checkin_message": "",
        "notes": null,
        "gender": "",
        "pronoun": "they"
    }
},
{
    "model": "participants.person",
    "pk": 70,
    "fields": {
        "name": "Woodrow Harvey",
        "barcode_id": null,
        "email": "woodrowharvey@fakemail.com",
        "phone": "",
        "novice": true,
        "esl": false,
        "efl": false,
        "anonymous": false,
        "checkin_message": "",
        "notes": null,
        "gender": "M",
        "pronoun": "he"
    }
},
{
    "model": "participants.person",
    "pk": 71,
    "fields": {
        "name": "Javier Chavez",
        "barcode_id": null,
        "email": "javierchavez@fakemail.com",
        "phone": "",
        "novice": false,
        "esl": false,
        "efl": false,
        "anonymous": false,
        "checkin_message": "",
        "notes": null,
        "gender": "",
        "pronoun": ""
    }
},
{
    "model": "participants.person",
    "pk": 72,
    "fields": {
        "name": "Janie Daniels",
        "barcode_id": null,
        "email": "janiedaniels@fakemail.com",
        "phone": "",
        "novice": false,
        "esl": false,
        "efl": false,
        "anonymous": false,
        "checkin_message": "",
        "notes": null,
        "gender": "F",
        "pronoun": "she"
    }
},
{
    "model": "participants.person",
    "pk": 73,
    "fields": {
        "name": "Levi Flores",
        "barcode_id": null,
        "email": "leviflores@fakemail.com",
        "phone": "(400) 258-4262",
        "novice": false,
        "esl": false,
        "efl": false,
        "anonymous": false,
        "checkin_message": "",
        "notes": null,
        "gender": "M",
        "pronoun": "he"
    }
},
{
    "model": "participants.person",
    "pk": 74,
    "fields": {
        "name": "Boyd Pierce",
        "barcode_id": null,
        "email": "boydpierce@fakemail.com",
        "phone": "(645) 106-7743",
        "novice": false,
        "esl": false,
        "efl": false,
        "anonymous": false,
        "checkin_message": "",
        "notes": null,
        "gender": "M",
        "pronoun": "he"
    }
},
{
    "model": "participants.person",
    "pk": 75,
    "fields": {
        "name": "Eunice Mcbride",
        "barcode_id": null,
        "email": "eunicemcbride@fakemail.com",
        "phone": "(549) 309-9187",
        "novice": false,
        "esl": false,
        "efl": false,
        "anonymous": false,
        "checkin_message": "",
        "notes": null,
        "gender": "F",
        "pronoun": "she"
    }
},
{
    "model": "participants.person",
    "pk": 76,
    "fields": {
        "name": "Ramona Cobb",
        "barcode_id": null,
        "email": "ramonacobb@fakemail.com",
        "phone": "(440) 487-5776",
        "novice": false,
        "esl": false,
        "efl": false,
        "anonymous": false,
        "checkin_message": "",
        "notes": null,
        "gender": "F",
        "pronoun": "she"
    }
},
{
    "model": "participants.person",
    "pk": 77,
    "fields": {
        "name": "Justin Ford",
        "barcode_id": null,
        "email": "justinford@fakemail.com",
        "phone": "(618) 921-9188",
        "novice": false,
        "esl": false,
        "efl": false,
        "anonymous": false,
        "checkin_message": "",
        "notes": null,
        "gender": "M",
        "pronoun": "he"
    }
},
{
    "model": "participants.person",
    "pk": 78,
    "fields": {
        "name": "Luis Bennett",
        "barcode_id": null,
        "email": "luisbennett@fakemail.com",
        "phone": "(730) 097-8797",
        "novice": false,
        "esl": false,
        "efl": false,
        "anonymous": false,
        "checkin_message": "",
        "notes": null,
        "gender": "M",
        "pronoun": "he"
    }
},
{
    "model": "participants.person",
    "pk": 79,
    "fields": {
        "name": "Mandy Estrada",
        "barcode_id": null,
        "email": "mandyestrada@fakemail.com",
        "phone": "(559) 299-0471",
        "novice": false,
        "esl": false,
        "efl": false,
        "anonymous": false,
        "checkin_message": "",
        "notes": null,
        "gender": "F",
        "pronoun": "she"
    }
},
{
    "model": "participants.person",
    "pk": 80,
    "fields": {
        "name": "Leigh Mcgee",
        "barcode_id": null,
        "email": "leighmcgee@fakemail.com",
        "phone": "(844) 760-9302",
        "novice": false,
        "esl": false,
        "efl": false,
        "anonymous": false,
        "checkin_message": "",
        "notes": null,
        "gender": "F",
        "pronoun": "she"
    }
},
{
    "model": "participants.person",
    "pk": 81,
    "fields": {
        "name": "Jacqueline Freeman",
        "barcode_id": null,
        "email": "jacquelinefreeman@fakemail.com",
        "phone": "(297) 916-1716",
        "novice": false,
        "esl": false,
        "efl": false,
        "anonymous": false,
        "checkin_message": "",
        "notes": null,
        "gender": "F",
        "pronoun": "she"
    }
},
{
    "model": "participants.person",
    "pk": 82,
    "fields": {
        "name": "Holly Howard",
        "barcode_id": null,
        "email": null,
        "phone": "(958) 783-2610",
        "novice": false,
        "esl": false,
        "efl": false,
        "anonymous": false,
        "checkin_message": "",
        "notes": null,
        "gender": "F",
        "pronoun": "she"
    }
},
{
    "model": "participants.person",
    "pk": 83,
    "fields": {
        "name": "Pedro Burgess",
        "barcode_id": null,
        "email": "pedroburgess@fakemail.com",
        "phone": "(854) 441-0104",
        "novice": false,
        "esl": false,
        "efl": false,
        "anonymous": false,
        "checkin_message": "",
        "notes": null,
        "gender": "",
        "pronoun": ""
    }
},
{
    "model": "participants.person",
    "pk": 84,
    "fields": {
        "name": "Kristy Carr",
        "barcode_id": null,
        "email": "kristycarr@fakemail.com",
        "phone": "(644) 607-3297",
        "novice": true,
        "esl": false,
        "efl": false,
        "anonymous": false,
        "checkin_message": "",
        "notes": null,
        "gender": "M",
        "pronoun": "he"
    }
},
{
    "model": "participants.person",
    "pk": 85,
    "fields": {
        "name": "Wilma Vaughn",
        "barcode_id": null,
        "email": "wilmavaughn@fakemail.com",
        "phone": "(398) 759-9537",
        "novice": true,
        "esl": false,
        "efl": false,
        "anonymous": false,
        "checkin_message": "",
        "notes": null,
        "gender": "F",
        "pronoun": "she"
    }
},
{
    "model": "participants.person",
    "pk": 86,
    "fields": {
        "name": "Virginia Mccarthy",
        "barcode_id": null,
        "email": "virginiamccarthy@fakemail.com",
        "phone": "(455) 177-0459",
        "novice": true,
        "esl": false,
        "efl": false,
        "anonymous": false,
        "checkin_message": "",
        "notes": null,
        "gender": "F",
        "pronoun": "she"
    }
},
{
    "model": "participants.person",
    "pk": 87,
    "fields": {
        "name": "Tasha Jenkins",
        "barcode_id": null,
        "email": "tashajenkins@fakemail.com",
        "phone": "(875) 519-9891",
        "novice": false,
        "esl": false,
        "efl": false,
        "anonymous": false,
        "checkin_message": "",
        "notes": null,
        "gender": "",
        "pronoun": ""
    }
},
{
    "model": "participants.person",
    "pk": 88,
    "fields": {
        "name": "Toby Wong",
        "barcode_id": null,
        "email": null,
        "phone": "(404) 641-5999",
        "novice": false,
        "esl": false,
        "efl": false,
        "anonymous": false,
        "checkin_message": "",
        "notes": null,
        "gender": "M",
        "pronoun": "he"
    }
},
{
    "model": "participants.person",
    "pk": 89,
    "fields": {
        "name": "Jo Allen",
        "barcode_id": null,
        "email": "joallen@fakemail.com",
        "phone": "(761) 993-2983",
        "novice": false,
        "esl": false,
        "efl": false,
        "anonymous": false,
        "checkin_message": "",
        "notes": null,
        "gender": "M",
        "pronoun": "he"
    }
},
{
    "model": "participants.person",
    "pk": 90,
    "fields": {
        "name": "Billy Griffin",
        "barcode_id": null,
        "email": "billygriffin@fakemail.com",
        "phone": "(430) 532-2939",
        "novice": false,
        "esl": false,
        "efl": false,
        "anonymous": false,
        "checkin_message": "",
        "notes": null,
        "gender": "M",
        "pronoun": "he"
    }
},
{
    "model": "participants.person",
    "pk": 91,
    "fields": {
        "name": "Angela Reed",
        "barcode_id": null,
        "email": "angelareed@fakemail.com",
        "phone": "(936) 500-1228",
        "novice": false,
        "esl": false,
        "efl": false,
        "anonymous": false,
        "checkin_message": "",
        "notes": null,
        "gender": "F",
        "pronoun": "she"
    }
},
{
    "model": "participants.person",
    "pk": 92,
    "fields": {
        "name": "Hugo Lewis",
        "barcode_id": null,
        "email": "hugolewis@fakemail.com",
        "phone": "(422) 585-9609",
        "novice": false,
        "esl": false,
        "efl": false,
        "anonymous": false,
        "checkin_message": "",
        "notes": null,
        "gender": "M",
        "pronoun": "they"
    }
},
{
    "model": "participants.person",
    "pk": 93,
    "fields": {
        "name": "Cassandra Wilson",
        "barcode_id": null,
        "email": "cassandrawilson@fakemail.com",
        "phone": "(604) 306-2084",
        "novice": false,
        "esl": false,
        "efl": false,
        "anonymous": false,
        "checkin_message": "",
        "notes": null,
        "gender": "F",
        "pronoun": "she"
    }
},
{
    "model": "participants.person",
    "pk": 94,
    "fields": {
        "name": "George Willis",
        "barcode_id": null,
        "email": "georgewillis@fakemail.com",
        "phone": "(222) 204-5944",
        "novice": false,
        "esl": false,
        "efl": false,
        "anonymous": false,
        "checkin_message": "",
        "notes": null,
        "gender": "M",
        "pronoun": "he"
    }
},
{
    "model": "participants.person",
    "pk": 95,
    "fields": {
        "name": "Jamie Hodges",
        "barcode_id": null,
        "email": "jamiehodges@fakemail.com",
        "phone": "(737) 122-6102",
        "novice": false,
        "esl": false,
        "efl": false,
        "anonymous": false,
        "checkin_message": "",
        "notes": null,
        "gender": "F",
        "pronoun": "she"
    }
},
{
    "model": "participants.person",
    "pk": 96,
    "fields": {
        "name": "Bennie Rodriguez",
        "barcode_id": null,
        "email": "bennierodriguez@fakemail.com",
        "phone": "(537) 641-2175",
        "novice": false,
        "esl": false,
        "efl": false,
        "anonymous": false,
        "checkin_message": "",
        "notes": null,
        "gender": "F",
        "pronoun": "she"
    }
},
{
    "model": "participants.person",
    "pk": 97,
    "fields": {
        "name": "Allison Martin",
        "barcode_id": null,
        "email": "allisonmartin@fakemail.com",
        "phone": "(525) 384-2715",
        "novice": false,
        "esl": false,
        "efl": false,
        "anonymous": false,
        "checkin_message": "",
        "notes": null,
        "gender": "F",
        "pronoun": "she"
    }
},
{
    "model": "participants.person",
    "pk": 98,
    "fields": {
        "name": "Kristi Elliott",
        "barcode_id": null,
        "email": "kristielliott@fakemail.com",
        "phone": "(790) 289-5430",
        "novice": false,
        "esl": false,
        "efl": false,
        "anonymous": false,
        "checkin_message": "",
        "notes": null,
        "gender": "F",
        "pronoun": "she"
    }
},
{
    "model": "participants.person",
    "pk": 99,
    "fields": {
        "name": "Pearl Graves",
        "barcode_id": null,
        "email": null,
        "phone": "(317) 721-2439",
        "novice": false,
        "esl": false,
        "efl": false,
        "anonymous": false,
        "checkin_message": "",
        "notes": null,
        "gender": "F",
        "pronoun": "she"
    }
},
{
    "model": "participants.team",
    "pk": 1,
    "fields": {
        "reference": "Custom Team Name",
        "short_reference": "Custom Team Name",
        "short_name": "Custom Team Name",
        "long_name": "Custom Team Name",
        "institution": 1,
        "tournament": 1,
        "division": null,
        "use_institution_prefix": false,
        "url_key": null,
        "type": "N",
        "emoji": "\ud83d\udd8b",
        "break_categories": []
    }
},
{
    "model": "participants.team",
    "pk": 2,
    "fields": {
        "reference": "2",
        "short_reference": "2",
        "short_name": "Caltech 2",
        "long_name": "California Institute of Technology 2",
        "institution": 1,
        "tournament": 1,
        "division": null,
        "use_institution_prefix": true,
        "url_key": null,
        "type": "N",
        "emoji": "\ud83d\udc8d",
        "break_categories": []
    }
},
{
    "model": "participants.team",
    "pk": 3,
    "fields": {
        "reference": "3",
        "short_reference": "3",
        "short_name": "Caltech 3",
        "long_name": "California Institute of Technology 3",
        "institution": 1,
        "tournament": 1,
        "division": null,
        "use_institution_prefix": true,
        "url_key": null,
        "type": "N",
        "emoji": "\ud83c\udfb6",
        "break_categories": []
    }
},
{
    "model": "participants.team",
    "pk": 4,
    "fields": {
        "reference": "1",
        "short_reference": "1",
        "short_name": "Columbia 1",
        "long_name": "Columbia University 1",
        "institution": 2,
        "tournament": 1,
        "division": null,
        "use_institution_prefix": true,
        "url_key": null,
        "type": "N",
        "emoji": "\ud83c\udf89",
        "break_categories": []
    }
},
{
    "model": "participants.team",
    "pk": 5,
    "fields": {
        "reference": "1",
        "short_reference": "1",
        "short_name": "Cornell 1",
        "long_name": "Cornell University 1",
        "institution": 3,
        "tournament": 1,
        "division": null,
        "use_institution_prefix": true,
        "url_key": null,
        "type": "N",
        "emoji": "\ud83d\udc1d",
        "break_categories": []
    }
},
{
    "model": "participants.team",
    "pk": 6,
    "fields": {
        "reference": "1",
        "short_reference": "1",
        "short_name": "Harvard 1",
        "long_name": "Harvard University 1",
        "institution": 4,
        "tournament": 1,
        "division": null,
        "use_institution_prefix": true,
        "url_key": null,
        "type": "N",
        "emoji": "\ud83d\udc3f",
        "break_categories": []
    }
},
{
    "model": "participants.team",
    "pk": 7,
    "fields": {
        "reference": "2",
        "short_reference": "2",
        "short_name": "Harvard 2",
        "long_name": "Harvard University 2",
        "institution": 4,
        "tournament": 1,
        "division": null,
        "use_institution_prefix": true,
        "url_key": null,
        "type": "N",
        "emoji": "\ud83d\udc70",
        "break_categories": []
    }
},
{
    "model": "participants.team",
    "pk": 8,
    "fields": {
        "reference": "1",
        "short_reference": "1",
        "short_name": "Johns Hopkins 1",
        "long_name": "Johns Hopkins University 1",
        "institution": 5,
        "tournament": 1,
        "division": null,
        "use_institution_prefix": true,
        "url_key": null,
        "type": "N",
        "emoji": "\ud83d\udc8c",
        "break_categories": []
    }
},
{
    "model": "participants.team",
    "pk": 9,
    "fields": {
        "reference": "1",
        "short_reference": "1",
        "short_name": "MIT 1",
        "long_name": "Massachusetts Institute of Technology 1",
        "institution": 6,
        "tournament": 1,
        "division": null,
        "use_institution_prefix": true,
        "url_key": null,
        "type": "N",
        "emoji": "\ud83d\udc30",
        "break_categories": []
    }
},
{
    "model": "participants.team",
    "pk": 10,
    "fields": {
        "reference": "2",
        "short_reference": "2",
        "short_name": "MIT 2",
        "long_name": "Massachusetts Institute of Technology 2",
        "institution": 6,
        "tournament": 1,
        "division": null,
        "use_institution_prefix": true,
        "url_key": null,
        "type": "N",
        "emoji": "\ud83c\udf3f",
        "break_categories": []
    }
},
{
    "model": "participants.team",
    "pk": 11,
    "fields": {
        "reference": "1",
        "short_reference": "1",
        "short_name": "Princeton 1",
        "long_name": "Princeton University 1",
        "institution": 7,
        "tournament": 1,
        "division": null,
        "use_institution_prefix": true,
        "url_key": null,
        "type": "N",
        "emoji": "\ud83e\udd19",
        "break_categories": []
    }
},
{
    "model": "participants.team",
    "pk": 12,
    "fields": {
        "reference": "2",
        "short_reference": "2",
        "short_name": "Princeton 2",
        "long_name": "Princeton University 2",
        "institution": 7,
        "tournament": 1,
        "division": null,
        "use_institution_prefix": true,
        "url_key": null,
        "type": "N",
        "emoji": "\ud83d\udc29",
        "break_categories": []
    }
},
{
    "model": "participants.team",
    "pk": 13,
    "fields": {
        "reference": "1",
        "short_reference": "1",
        "short_name": "Stanford 1",
        "long_name": "Stanford University 1",
        "institution": 8,
        "tournament": 1,
        "division": null,
        "use_institution_prefix": true,
        "url_key": null,
        "type": "N",
        "emoji": "\ud83e\udd89",
        "break_categories": []
    }
},
{
    "model": "participants.team",
    "pk": 14,
    "fields": {
        "reference": "2",
        "short_reference": "2",
        "short_name": "Stanford 2",
        "long_name": "Stanford University 2",
        "institution": 8,
        "tournament": 1,
        "division": null,
        "use_institution_prefix": true,
        "url_key": null,
        "type": "N",
        "emoji": "\ud83d\ude0f",
        "break_categories": []
    }
},
{
    "model": "participants.team",
    "pk": 15,
    "fields": {
        "reference": "3",
        "short_reference": "3",
        "short_name": "Stanford 3",
        "long_name": "Stanford University 3",
        "institution": 8,
        "tournament": 1,
        "division": null,
        "use_institution_prefix": true,
        "url_key": null,
        "type": "N",
        "emoji": "\ud83d\ude4f",
        "break_categories": []
    }
},
{
    "model": "participants.team",
    "pk": 16,
    "fields": {
        "reference": "1",
        "short_reference": "1",
        "short_name": "Berkeley 1",
        "long_name": "University of California, Berkeley 1",
        "institution": 9,
        "tournament": 1,
        "division": null,
        "use_institution_prefix": true,
        "url_key": null,
        "type": "N",
        "emoji": "\ud83d\udc74",
        "break_categories": []
    }
},
{
    "model": "participants.team",
    "pk": 17,
    "fields": {
        "reference": "1",
        "short_reference": "1",
        "short_name": "Chicago 1",
        "long_name": "University of Chicago 1",
        "institution": 10,
        "tournament": 1,
        "division": null,
        "use_institution_prefix": true,
        "url_key": null,
        "type": "N",
        "emoji": "\ud83d\ude8d",
        "break_categories": []
    }
},
{
    "model": "participants.team",
    "pk": 18,
    "fields": {
        "reference": "2",
        "short_reference": "2",
        "short_name": "Chicago 2",
        "long_name": "University of Chicago 2",
        "institution": 10,
        "tournament": 1,
        "division": null,
        "use_institution_prefix": true,
        "url_key": null,
        "type": "N",
        "emoji": "\ud83e\udd43",
        "break_categories": []
    }
},
{
    "model": "participants.team",
    "pk": 19,
    "fields": {
        "reference": "3",
        "short_reference": "3",
        "short_name": "Chicago 3",
        "long_name": "University of Chicago 3",
        "institution": 10,
        "tournament": 1,
        "division": null,
        "use_institution_prefix": true,
        "url_key": null,
        "type": "N",
        "emoji": "\ud83d\ude1c",
        "break_categories": []
    }
},
{
    "model": "participants.team",
    "pk": 20,
    "fields": {
        "reference": "1",
        "short_reference": "1",
        "short_name": "Pennsylvania 1",
        "long_name": "University of Pennsylvania 1",
        "institution": 11,
        "tournament": 1,
        "division": null,
        "use_institution_prefix": true,
        "url_key": null,
        "type": "N",
        "emoji": "\ud83d\udc7d",
        "break_categories": []
    }
},
{
    "model": "participants.team",
    "pk": 21,
    "fields": {
        "reference": "2",
        "short_reference": "2",
        "short_name": "Pennsylvania 2",
        "long_name": "University of Pennsylvania 2",
        "institution": 11,
        "tournament": 1,
        "division": null,
        "use_institution_prefix": true,
        "url_key": null,
        "type": "N",
        "emoji": "\ud83d\udc94",
        "break_categories": []
    }
},
{
    "model": "participants.team",
    "pk": 22,
    "fields": {
        "reference": "Special Name",
        "short_reference": "Special Name",
        "short_name": "Special Name",
        "long_name": "Special Name",
        "institution": 13,
        "tournament": 1,
        "division": null,
        "use_institution_prefix": false,
        "url_key": null,
        "type": "N",
        "emoji": "\ud83c\udf59",
        "break_categories": []
    }
},
{
    "model": "participants.team",
    "pk": 23,
    "fields": {
        "reference": "2",
        "short_reference": "2",
        "short_name": "Yale 2",
        "long_name": "Yale University 2",
        "institution": 13,
        "tournament": 1,
        "division": null,
        "use_institution_prefix": true,
        "url_key": null,
        "type": "N",
        "emoji": "\ud83d\udca6",
        "break_categories": []
    }
},
{
    "model": "participants.team",
    "pk": 24,
    "fields": {
        "reference": "3",
        "short_reference": "3",
        "short_name": "Yale 3",
        "long_name": "Yale University 3",
        "institution": 13,
        "tournament": 1,
        "division": null,
        "use_institution_prefix": true,
        "url_key": null,
        "type": "N",
        "emoji": "\ud83d\udcab",
        "break_categories": []
    }
},
{
    "model": "participants.speaker",
    "pk": 1,
    "fields": {
        "team": 1
    }
},
{
    "model": "participants.speaker",
    "pk": 2,
    "fields": {
        "team": 1
    }
},
{
    "model": "participants.speaker",
    "pk": 3,
    "fields": {
        "team": 1
    }
},
{
    "model": "participants.speaker",
    "pk": 4,
    "fields": {
        "team": 2
    }
},
{
    "model": "participants.speaker",
    "pk": 5,
    "fields": {
        "team": 2
    }
},
{
    "model": "participants.speaker",
    "pk": 6,
    "fields": {
        "team": 2
    }
},
{
    "model": "participants.speaker",
    "pk": 7,
    "fields": {
        "team": 3
    }
},
{
    "model": "participants.speaker",
    "pk": 8,
    "fields": {
        "team": 3
    }
},
{
    "model": "participants.speaker",
    "pk": 9,
    "fields": {
        "team": 3
    }
},
{
    "model": "participants.speaker",
    "pk": 10,
    "fields": {
        "team": 4
    }
},
{
    "model": "participants.speaker",
    "pk": 11,
    "fields": {
        "team": 4
    }
},
{
    "model": "participants.speaker",
    "pk": 12,
    "fields": {
        "team": 4
    }
},
{
    "model": "participants.speaker",
    "pk": 13,
    "fields": {
        "team": 5
    }
},
{
    "model": "participants.speaker",
    "pk": 14,
    "fields": {
        "team": 5
    }
},
{
    "model": "participants.speaker",
    "pk": 15,
    "fields": {
        "team": 5
    }
},
{
    "model": "participants.speaker",
    "pk": 16,
    "fields": {
        "team": 6
    }
},
{
    "model": "participants.speaker",
    "pk": 17,
    "fields": {
        "team": 6
    }
},
{
    "model": "participants.speaker",
    "pk": 18,
    "fields": {
        "team": 6
    }
},
{
    "model": "participants.speaker",
    "pk": 19,
    "fields": {
        "team": 7
    }
},
{
    "model": "participants.speaker",
    "pk": 20,
    "fields": {
        "team": 7
    }
},
{
    "model": "participants.speaker",
    "pk": 21,
    "fields": {
        "team": 7
    }
},
{
    "model": "participants.speaker",
    "pk": 22,
    "fields": {
        "team": 8
    }
},
{
    "model": "participants.speaker",
    "pk": 23,
    "fields": {
        "team": 8
    }
},
{
    "model": "participants.speaker",
    "pk": 24,
    "fields": {
        "team": 8
    }
},
{
    "model": "participants.speaker",
    "pk": 25,
    "fields": {
        "team": 9
    }
},
{
    "model": "participants.speaker",
    "pk": 26,
    "fields": {
        "team": 9
    }
},
{
    "model": "participants.speaker",
    "pk": 27,
    "fields": {
        "team": 9
    }
},
{
    "model": "participants.speaker",
    "pk": 28,
    "fields": {
        "team": 10
    }
},
{
    "model": "participants.speaker",
    "pk": 29,
    "fields": {
        "team": 10
    }
},
{
    "model": "participants.speaker",
    "pk": 30,
    "fields": {
        "team": 10
    }
},
{
    "model": "participants.speaker",
    "pk": 31,
    "fields": {
        "team": 11
    }
},
{
    "model": "participants.speaker",
    "pk": 32,
    "fields": {
        "team": 11
    }
},
{
    "model": "participants.speaker",
    "pk": 33,
    "fields": {
        "team": 11
    }
},
{
    "model": "participants.speaker",
    "pk": 34,
    "fields": {
        "team": 12
    }
},
{
    "model": "participants.speaker",
    "pk": 35,
    "fields": {
        "team": 12
    }
},
{
    "model": "participants.speaker",
    "pk": 36,
    "fields": {
        "team": 12
    }
},
{
    "model": "participants.speaker",
    "pk": 37,
    "fields": {
        "team": 13
    }
},
{
    "model": "participants.speaker",
    "pk": 38,
    "fields": {
        "team": 13
    }
},
{
    "model": "participants.speaker",
    "pk": 39,
    "fields": {
        "team": 13
    }
},
{
    "model": "participants.speaker",
    "pk": 40,
    "fields": {
        "team": 14
    }
},
{
    "model": "participants.speaker",
    "pk": 41,
    "fields": {
        "team": 14
    }
},
{
    "model": "participants.speaker",
    "pk": 42,
    "fields": {
        "team": 14
    }
},
{
    "model": "participants.speaker",
    "pk": 43,
    "fields": {
        "team": 15
    }
},
{
    "model": "participants.speaker",
    "pk": 44,
    "fields": {
        "team": 15
    }
},
{
    "model": "participants.speaker",
    "pk": 45,
    "fields": {
        "team": 15
    }
},
{
    "model": "participants.speaker",
    "pk": 46,
    "fields": {
        "team": 16
    }
},
{
    "model": "participants.speaker",
    "pk": 47,
    "fields": {
        "team": 16
    }
},
{
    "model": "participants.speaker",
    "pk": 48,
    "fields": {
        "team": 16
    }
},
{
    "model": "participants.speaker",
    "pk": 49,
    "fields": {
        "team": 17
    }
},
{
    "model": "participants.speaker",
    "pk": 50,
    "fields": {
        "team": 17
    }
},
{
    "model": "participants.speaker",
    "pk": 51,
    "fields": {
        "team": 17
    }
},
{
    "model": "participants.speaker",
    "pk": 52,
    "fields": {
        "team": 18
    }
},
{
    "model": "participants.speaker",
    "pk": 53,
    "fields": {
        "team": 18
    }
},
{
    "model": "participants.speaker",
    "pk": 54,
    "fields": {
        "team": 18
    }
},
{
    "model": "participants.speaker",
    "pk": 55,
    "fields": {
        "team": 19
    }
},
{
    "model": "participants.speaker",
    "pk": 56,
    "fields": {
        "team": 19
    }
},
{
    "model": "participants.speaker",
    "pk": 57,
    "fields": {
        "team": 19
    }
},
{
    "model": "participants.speaker",
    "pk": 58,
    "fields": {
        "team": 20
    }
},
{
    "model": "participants.speaker",
    "pk": 59,
    "fields": {
        "team": 20
    }
},
{
    "model": "participants.speaker",
    "pk": 60,
    "fields": {
        "team": 20
    }
},
{
    "model": "participants.speaker",
    "pk": 61,
    "fields": {
        "team": 21
    }
},
{
    "model": "participants.speaker",
    "pk": 62,
    "fields": {
        "team": 21
    }
},
{
    "model": "participants.speaker",
    "pk": 63,
    "fields": {
        "team": 21
    }
},
{
    "model": "participants.speaker",
    "pk": 64,
    "fields": {
        "team": 22
    }
},
{
    "model": "participants.speaker",
    "pk": 65,
    "fields": {
        "team": 22
    }
},
{
    "model": "participants.speaker",
    "pk": 66,
    "fields": {
        "team": 22
    }
},
{
    "model": "participants.speaker",
    "pk": 67,
    "fields": {
        "team": 23
    }
},
{
    "model": "participants.speaker",
    "pk": 68,
    "fields": {
        "team": 23
    }
},
{
    "model": "participants.speaker",
    "pk": 69,
    "fields": {
        "team": 23
    }
},
{
    "model": "participants.speaker",
    "pk": 70,
    "fields": {
        "team": 24
    }
},
{
    "model": "participants.speaker",
    "pk": 71,
    "fields": {
        "team": 24
    }
},
{
    "model": "participants.speaker",
    "pk": 72,
    "fields": {
        "team": 24
    }
},
{
    "model": "participants.adjudicator",
    "pk": 73,
    "fields": {
        "institution": 13,
        "tournament": 1,
        "test_score": 5.0,
        "url_key": null,
        "breaking": false,
        "independent": false,
        "adj_core": true
    }
},
{
    "model": "participants.adjudicator",
    "pk": 74,
    "fields": {
        "institution": 8,
        "tournament": 1,
        "test_score": 5.0,
        "url_key": null,
        "breaking": false,
        "independent": true,
        "adj_core": true
    }
},
{
    "model": "participants.adjudicator",
    "pk": 75,
    "fields": {
        "institution": 12,
        "tournament": 1,
        "test_score": 5.0,
        "url_key": null,
        "breaking": false,
        "independent": false,
        "adj_core": false
    }
},
{
    "model": "participants.adjudicator",
    "pk": 76,
    "fields": {
        "institution": 1,
        "tournament": 1,
        "test_score": 1.0,
        "url_key": null,
        "breaking": false,
        "independent": true,
        "adj_core": false
    }
},
{
    "model": "participants.adjudicator",
    "pk": 77,
    "fields": {
        "institution": 1,
        "tournament": 1,
        "test_score": 0.0,
        "url_key": null,
        "breaking": false,
        "independent": false,
        "adj_core": false
    }
},
{
    "model": "participants.adjudicator",
    "pk": 78,
    "fields": {
        "institution": 2,
        "tournament": 1,
        "test_score": 2.0,
        "url_key": null,
        "breaking": false,
        "independent": false,
        "adj_core": false
    }
},
{
    "model": "participants.adjudicator",
    "pk": 79,
    "fields": {
        "institution": 3,
        "tournament": 1,
        "test_score": 5.0,
        "url_key": null,
        "breaking": false,
        "independent": true,
        "adj_core": false
    }
},
{
    "model": "participants.adjudicator",
    "pk": 80,
    "fields": {
        "institution": 4,
        "tournament": 1,
        "test_score": 4.0,
        "url_key": null,
        "breaking": false,
        "independent": false,
        "adj_core": false
    }
},
{
    "model": "participants.adjudicator",
    "pk": 81,
    "fields": {
        "institution": 4,
        "tournament": 1,
        "test_score": 5.0,
        "url_key": null,
        "breaking": false,
        "independent": true,
        "adj_core": true
    }
},
{
    "model": "participants.adjudicator",
    "pk": 82,
    "fields": {
        "institution": 12,
        "tournament": 1,
        "test_score": 0.0,
        "url_key": null,
        "breaking": false,
        "independent": true,
        "adj_core": false
    }
},
{
    "model": "participants.adjudicator",
    "pk": 83,
    "fields": {
        "institution": 12,
        "tournament": 1,
        "test_score": 4.0,
        "url_key": null,
        "breaking": false,
        "independent": false,
        "adj_core": false
    }
},
{
    "model": "participants.adjudicator",
    "pk": 84,
    "fields": {
        "institution": 8,
        "tournament": 1,
        "test_score": 4.0,
        "url_key": null,
        "breaking": false,
        "independent": false,
        "adj_core": false
    }
},
{
    "model": "participants.adjudicator",
    "pk": 85,
    "fields": {
        "institution": 5,
        "tournament": 1,
        "test_score": 4.0,
        "url_key": null,
        "breaking": false,
        "independent": true,
        "adj_core": false
    }
},
{
    "model": "participants.adjudicator",
    "pk": 86,
    "fields": {
        "institution": 5,
        "tournament": 1,
        "test_score": 2.0,
        "url_key": null,
        "breaking": false,
        "independent": false,
        "adj_core": false
    }
},
{
    "model": "participants.adjudicator",
    "pk": 87,
    "fields": {
        "institution": 6,
        "tournament": 1,
        "test_score": 2.0,
        "url_key": null,
        "breaking": false,
        "independent": true,
        "adj_core": false
    }
},
{
    "model": "participants.adjudicator",
    "pk": 88,
    "fields": {
        "institution": 6,
        "tournament": 1,
        "test_score": 5.0,
        "url_key": null,
        "breaking": false,
        "independent": false,
        "adj_core": false
    }
},
{
    "model": "participants.adjudicator",
    "pk": 89,
    "fields": {
        "institution": 7,
        "tournament": 1,
        "test_score": 2.0,
        "url_key": null,
        "breaking": false,
        "independent": false,
        "adj_core": false
    }
},
{
    "model": "participants.adjudicator",
    "pk": 90,
    "fields": {
        "institution": 7,
        "tournament": 1,
        "test_score": 2.0,
        "url_key": null,
        "breaking": false,
        "independent": false,
        "adj_core": false
    }
},
{
    "model": "participants.adjudicator",
    "pk": 91,
    "fields": {
        "institution": 8,
        "tournament": 1,
        "test_score": 1.0,
        "url_key": null,
        "breaking": false,
        "independent": false,
        "adj_core": false
    }
},
{
    "model": "participants.adjudicator",
    "pk": 92,
    "fields": {
        "institution": 8,
        "tournament": 1,
        "test_score": 0.0,
        "url_key": null,
        "breaking": false,
        "independent": false,
        "adj_core": false
    }
},
{
    "model": "participants.adjudicator",
    "pk": 93,
    "fields": {
        "institution": 9,
        "tournament": 1,
        "test_score": 4.0,
        "url_key": null,
        "breaking": false,
        "independent": false,
        "adj_core": false
    }
},
{
    "model": "participants.adjudicator",
    "pk": 94,
    "fields": {
        "institution": 10,
        "tournament": 1,
        "test_score": 2.0,
        "url_key": null,
        "breaking": false,
        "independent": false,
        "adj_core": false
    }
},
{
    "model": "participants.adjudicator",
    "pk": 95,
    "fields": {
        "institution": 10,
        "tournament": 1,
        "test_score": 3.0,
        "url_key": null,
        "breaking": false,
        "independent": false,
        "adj_core": false
    }
},
{
    "model": "participants.adjudicator",
    "pk": 96,
    "fields": {
        "institution": 11,
        "tournament": 1,
        "test_score": 2.0,
        "url_key": null,
        "breaking": false,
        "independent": false,
        "adj_core": false
    }
},
{
    "model": "participants.adjudicator",
    "pk": 97,
    "fields": {
        "institution": 13,
        "tournament": 1,
        "test_score": 4.0,
        "url_key": null,
        "breaking": false,
        "independent": false,
        "adj_core": false
    }
},
{
    "model": "participants.adjudicator",
    "pk": 98,
    "fields": {
        "institution": 13,
        "tournament": 1,
        "test_score": 3.0,
        "url_key": null,
        "breaking": false,
        "independent": false,
        "adj_core": false
    }
},
{
    "model": "participants.adjudicator",
    "pk": 99,
    "fields": {
        "institution": 5,
        "tournament": 1,
        "test_score": 5.0,
        "url_key": null,
        "breaking": false,
        "independent": false,
        "adj_core": false
    }
},
{
    "model": "results.speakerscorebyadj",
    "pk": 1,
    "fields": {
        "ballot_submission": 1,
        "debate_adjudicator": 1,
        "debate_team": 1,
        "score": 73.0,
        "position": 1
    }
},
{
    "model": "results.speakerscorebyadj",
    "pk": 2,
    "fields": {
        "ballot_submission": 1,
        "debate_adjudicator": 1,
        "debate_team": 1,
        "score": 69.0,
        "position": 2
    }
},
{
    "model": "results.speakerscorebyadj",
    "pk": 3,
    "fields": {
        "ballot_submission": 1,
        "debate_adjudicator": 1,
        "debate_team": 1,
        "score": 72.0,
        "position": 3
    }
},
{
    "model": "results.speakerscorebyadj",
    "pk": 4,
    "fields": {
        "ballot_submission": 1,
        "debate_adjudicator": 1,
        "debate_team": 1,
        "score": 39.0,
        "position": 4
    }
},
{
    "model": "results.speakerscorebyadj",
    "pk": 5,
    "fields": {
        "ballot_submission": 1,
        "debate_adjudicator": 1,
        "debate_team": 2,
        "score": 73.0,
        "position": 1
    }
},
{
    "model": "results.speakerscorebyadj",
    "pk": 6,
    "fields": {
        "ballot_submission": 1,
        "debate_adjudicator": 1,
        "debate_team": 2,
        "score": 81.0,
        "position": 2
    }
},
{
    "model": "results.speakerscorebyadj",
    "pk": 7,
    "fields": {
        "ballot_submission": 1,
        "debate_adjudicator": 1,
        "debate_team": 2,
        "score": 69.0,
        "position": 3
    }
},
{
    "model": "results.speakerscorebyadj",
    "pk": 8,
    "fields": {
        "ballot_submission": 1,
        "debate_adjudicator": 1,
        "debate_team": 2,
        "score": 39.5,
        "position": 4
    }
},
{
    "model": "results.speakerscorebyadj",
    "pk": 9,
    "fields": {
        "ballot_submission": 2,
        "debate_adjudicator": 3,
        "debate_team": 3,
        "score": 73.0,
        "position": 1
    }
},
{
    "model": "results.speakerscorebyadj",
    "pk": 10,
    "fields": {
        "ballot_submission": 2,
        "debate_adjudicator": 3,
        "debate_team": 3,
        "score": 73.0,
        "position": 2
    }
},
{
    "model": "results.speakerscorebyadj",
    "pk": 11,
    "fields": {
        "ballot_submission": 2,
        "debate_adjudicator": 3,
        "debate_team": 3,
        "score": 69.0,
        "position": 3
    }
},
{
    "model": "results.speakerscorebyadj",
    "pk": 12,
    "fields": {
        "ballot_submission": 2,
        "debate_adjudicator": 3,
        "debate_team": 3,
        "score": 34.0,
        "position": 4
    }
},
{
    "model": "results.speakerscorebyadj",
    "pk": 13,
    "fields": {
        "ballot_submission": 2,
        "debate_adjudicator": 3,
        "debate_team": 4,
        "score": 77.0,
        "position": 1
    }
},
{
    "model": "results.speakerscorebyadj",
    "pk": 14,
    "fields": {
        "ballot_submission": 2,
        "debate_adjudicator": 3,
        "debate_team": 4,
        "score": 78.0,
        "position": 2
    }
},
{
    "model": "results.speakerscorebyadj",
    "pk": 15,
    "fields": {
        "ballot_submission": 2,
        "debate_adjudicator": 3,
        "debate_team": 4,
        "score": 72.0,
        "position": 3
    }
},
{
    "model": "results.speakerscorebyadj",
    "pk": 16,
    "fields": {
        "ballot_submission": 2,
        "debate_adjudicator": 3,
        "debate_team": 4,
        "score": 39.0,
        "position": 4
    }
},
{
    "model": "results.speakerscorebyadj",
    "pk": 17,
    "fields": {
        "ballot_submission": 3,
        "debate_adjudicator": 5,
        "debate_team": 5,
        "score": 79.0,
        "position": 1
    }
},
{
    "model": "results.speakerscorebyadj",
    "pk": 18,
    "fields": {
        "ballot_submission": 3,
        "debate_adjudicator": 5,
        "debate_team": 5,
        "score": 82.0,
        "position": 2
    }
},
{
    "model": "results.speakerscorebyadj",
    "pk": 19,
    "fields": {
        "ballot_submission": 3,
        "debate_adjudicator": 5,
        "debate_team": 5,
        "score": 77.0,
        "position": 3
    }
},
{
    "model": "results.speakerscorebyadj",
    "pk": 20,
    "fields": {
        "ballot_submission": 3,
        "debate_adjudicator": 5,
        "debate_team": 5,
        "score": 36.5,
        "position": 4
    }
},
{
    "model": "results.speakerscorebyadj",
    "pk": 21,
    "fields": {
        "ballot_submission": 3,
        "debate_adjudicator": 5,
        "debate_team": 6,
        "score": 82.0,
        "position": 1
    }
},
{
    "model": "results.speakerscorebyadj",
    "pk": 22,
    "fields": {
        "ballot_submission": 3,
        "debate_adjudicator": 5,
        "debate_team": 6,
        "score": 71.0,
        "position": 2
    }
},
{
    "model": "results.speakerscorebyadj",
    "pk": 23,
    "fields": {
        "ballot_submission": 3,
        "debate_adjudicator": 5,
        "debate_team": 6,
        "score": 78.0,
        "position": 3
    }
},
{
    "model": "results.speakerscorebyadj",
    "pk": 24,
    "fields": {
        "ballot_submission": 3,
        "debate_adjudicator": 5,
        "debate_team": 6,
        "score": 40.0,
        "position": 4
    }
},
{
    "model": "results.speakerscorebyadj",
    "pk": 25,
    "fields": {
        "ballot_submission": 4,
        "debate_adjudicator": 7,
        "debate_team": 7,
        "score": 74.0,
        "position": 1
    }
},
{
    "model": "results.speakerscorebyadj",
    "pk": 26,
    "fields": {
        "ballot_submission": 4,
        "debate_adjudicator": 7,
        "debate_team": 7,
        "score": 75.0,
        "position": 2
    }
},
{
    "model": "results.speakerscorebyadj",
    "pk": 27,
    "fields": {
        "ballot_submission": 4,
        "debate_adjudicator": 7,
        "debate_team": 7,
        "score": 75.0,
        "position": 3
    }
},
{
    "model": "results.speakerscorebyadj",
    "pk": 28,
    "fields": {
        "ballot_submission": 4,
        "debate_adjudicator": 7,
        "debate_team": 7,
        "score": 34.5,
        "position": 4
    }
},
{
    "model": "results.speakerscorebyadj",
    "pk": 29,
    "fields": {
        "ballot_submission": 4,
        "debate_adjudicator": 7,
        "debate_team": 8,
        "score": 73.0,
        "position": 1
    }
},
{
    "model": "results.speakerscorebyadj",
    "pk": 30,
    "fields": {
        "ballot_submission": 4,
        "debate_adjudicator": 7,
        "debate_team": 8,
        "score": 73.0,
        "position": 2
    }
},
{
    "model": "results.speakerscorebyadj",
    "pk": 31,
    "fields": {
        "ballot_submission": 4,
        "debate_adjudicator": 7,
        "debate_team": 8,
        "score": 76.0,
        "position": 3
    }
},
{
    "model": "results.speakerscorebyadj",
    "pk": 32,
    "fields": {
        "ballot_submission": 4,
        "debate_adjudicator": 7,
        "debate_team": 8,
        "score": 39.5,
        "position": 4
    }
},
{
    "model": "results.speakerscorebyadj",
    "pk": 33,
    "fields": {
        "ballot_submission": 5,
        "debate_adjudicator": 8,
        "debate_team": 9,
        "score": 74.0,
        "position": 1
    }
},
{
    "model": "results.speakerscorebyadj",
    "pk": 34,
    "fields": {
        "ballot_submission": 5,
        "debate_adjudicator": 8,
        "debate_team": 9,
        "score": 74.0,
        "position": 2
    }
},
{
    "model": "results.speakerscorebyadj",
    "pk": 35,
    "fields": {
        "ballot_submission": 5,
        "debate_adjudicator": 8,
        "debate_team": 9,
        "score": 69.0,
        "position": 3
    }
},
{
    "model": "results.speakerscorebyadj",
    "pk": 36,
    "fields": {
        "ballot_submission": 5,
        "debate_adjudicator": 8,
        "debate_team": 9,
        "score": 35.5,
        "position": 4
    }
},
{
    "model": "results.speakerscorebyadj",
    "pk": 37,
    "fields": {
        "ballot_submission": 5,
        "debate_adjudicator": 8,
        "debate_team": 10,
        "score": 79.0,
        "position": 1
    }
},
{
    "model": "results.speakerscorebyadj",
    "pk": 38,
    "fields": {
        "ballot_submission": 5,
        "debate_adjudicator": 8,
        "debate_team": 10,
        "score": 73.0,
        "position": 2
    }
},
{
    "model": "results.speakerscorebyadj",
    "pk": 39,
    "fields": {
        "ballot_submission": 5,
        "debate_adjudicator": 8,
        "debate_team": 10,
        "score": 69.0,
        "position": 3
    }
},
{
    "model": "results.speakerscorebyadj",
    "pk": 40,
    "fields": {
        "ballot_submission": 5,
        "debate_adjudicator": 8,
        "debate_team": 10,
        "score": 41.0,
        "position": 4
    }
},
{
    "model": "results.speakerscorebyadj",
    "pk": 41,
    "fields": {
        "ballot_submission": 6,
        "debate_adjudicator": 10,
        "debate_team": 11,
        "score": 73.0,
        "position": 1
    }
},
{
    "model": "results.speakerscorebyadj",
    "pk": 42,
    "fields": {
        "ballot_submission": 6,
        "debate_adjudicator": 10,
        "debate_team": 11,
        "score": 71.0,
        "position": 2
    }
},
{
    "model": "results.speakerscorebyadj",
    "pk": 43,
    "fields": {
        "ballot_submission": 6,
        "debate_adjudicator": 10,
        "debate_team": 11,
        "score": 79.0,
        "position": 3
    }
},
{
    "model": "results.speakerscorebyadj",
    "pk": 44,
    "fields": {
        "ballot_submission": 6,
        "debate_adjudicator": 10,
        "debate_team": 11,
        "score": 36.5,
        "position": 4
    }
},
{
    "model": "results.speakerscorebyadj",
    "pk": 45,
    "fields": {
        "ballot_submission": 6,
        "debate_adjudicator": 10,
        "debate_team": 12,
        "score": 75.0,
        "position": 1
    }
},
{
    "model": "results.speakerscorebyadj",
    "pk": 46,
    "fields": {
        "ballot_submission": 6,
        "debate_adjudicator": 10,
        "debate_team": 12,
        "score": 74.0,
        "position": 2
    }
},
{
    "model": "results.speakerscorebyadj",
    "pk": 47,
    "fields": {
        "ballot_submission": 6,
        "debate_adjudicator": 10,
        "debate_team": 12,
        "score": 77.0,
        "position": 3
    }
},
{
    "model": "results.speakerscorebyadj",
    "pk": 48,
    "fields": {
        "ballot_submission": 6,
        "debate_adjudicator": 10,
        "debate_team": 12,
        "score": 38.5,
        "position": 4
    }
},
{
    "model": "results.speakerscorebyadj",
    "pk": 49,
    "fields": {
        "ballot_submission": 7,
        "debate_adjudicator": 12,
        "debate_team": 13,
        "score": 82.0,
        "position": 1
    }
},
{
    "model": "results.speakerscorebyadj",
    "pk": 50,
    "fields": {
        "ballot_submission": 7,
        "debate_adjudicator": 12,
        "debate_team": 13,
        "score": 75.0,
        "position": 2
    }
},
{
    "model": "results.speakerscorebyadj",
    "pk": 51,
    "fields": {
        "ballot_submission": 7,
        "debate_adjudicator": 12,
        "debate_team": 13,
        "score": 75.0,
        "position": 3
    }
},
{
    "model": "results.speakerscorebyadj",
    "pk": 52,
    "fields": {
        "ballot_submission": 7,
        "debate_adjudicator": 12,
        "debate_team": 13,
        "score": 36.5,
        "position": 4
    }
},
{
    "model": "results.speakerscorebyadj",
    "pk": 53,
    "fields": {
        "ballot_submission": 7,
        "debate_adjudicator": 12,
        "debate_team": 14,
        "score": 73.0,
        "position": 1
    }
},
{
    "model": "results.speakerscorebyadj",
    "pk": 54,
    "fields": {
        "ballot_submission": 7,
        "debate_adjudicator": 12,
        "debate_team": 14,
        "score": 81.0,
        "position": 2
    }
},
{
    "model": "results.speakerscorebyadj",
    "pk": 55,
    "fields": {
        "ballot_submission": 7,
        "debate_adjudicator": 12,
        "debate_team": 14,
        "score": 69.0,
        "position": 3
    }
},
{
    "model": "results.speakerscorebyadj",
    "pk": 56,
    "fields": {
        "ballot_submission": 7,
        "debate_adjudicator": 12,
        "debate_team": 14,
        "score": 34.0,
        "position": 4
    }
},
{
    "model": "results.speakerscorebyadj",
    "pk": 57,
    "fields": {
        "ballot_submission": 8,
        "debate_adjudicator": 14,
        "debate_team": 15,
        "score": 71.0,
        "position": 1
    }
},
{
    "model": "results.speakerscorebyadj",
    "pk": 58,
    "fields": {
        "ballot_submission": 8,
        "debate_adjudicator": 14,
        "debate_team": 15,
        "score": 70.0,
        "position": 2
    }
},
{
    "model": "results.speakerscorebyadj",
    "pk": 59,
    "fields": {
        "ballot_submission": 8,
        "debate_adjudicator": 14,
        "debate_team": 15,
        "score": 82.0,
        "position": 3
    }
},
{
    "model": "results.speakerscorebyadj",
    "pk": 60,
    "fields": {
        "ballot_submission": 8,
        "debate_adjudicator": 14,
        "debate_team": 15,
        "score": 38.5,
        "position": 4
    }
},
{
    "model": "results.speakerscorebyadj",
    "pk": 61,
    "fields": {
        "ballot_submission": 8,
        "debate_adjudicator": 14,
        "debate_team": 16,
        "score": 80.0,
        "position": 1
    }
},
{
    "model": "results.speakerscorebyadj",
    "pk": 62,
    "fields": {
        "ballot_submission": 8,
        "debate_adjudicator": 14,
        "debate_team": 16,
        "score": 77.0,
        "position": 2
    }
},
{
    "model": "results.speakerscorebyadj",
    "pk": 63,
    "fields": {
        "ballot_submission": 8,
        "debate_adjudicator": 14,
        "debate_team": 16,
        "score": 69.0,
        "position": 3
    }
},
{
    "model": "results.speakerscorebyadj",
    "pk": 64,
    "fields": {
        "ballot_submission": 8,
        "debate_adjudicator": 14,
        "debate_team": 16,
        "score": 40.5,
        "position": 4
    }
},
{
    "model": "results.speakerscorebyadj",
    "pk": 65,
    "fields": {
        "ballot_submission": 9,
        "debate_adjudicator": 16,
        "debate_team": 17,
        "score": 73.0,
        "position": 1
    }
},
{
    "model": "results.speakerscorebyadj",
    "pk": 66,
    "fields": {
        "ballot_submission": 9,
        "debate_adjudicator": 16,
        "debate_team": 17,
        "score": 74.0,
        "position": 2
    }
},
{
    "model": "results.speakerscorebyadj",
    "pk": 67,
    "fields": {
        "ballot_submission": 9,
        "debate_adjudicator": 16,
        "debate_team": 17,
        "score": 70.0,
        "position": 3
    }
},
{
    "model": "results.speakerscorebyadj",
    "pk": 68,
    "fields": {
        "ballot_submission": 9,
        "debate_adjudicator": 16,
        "debate_team": 17,
        "score": 37.5,
        "position": 4
    }
},
{
    "model": "results.speakerscorebyadj",
    "pk": 69,
    "fields": {
        "ballot_submission": 9,
        "debate_adjudicator": 16,
        "debate_team": 18,
        "score": 77.0,
        "position": 1
    }
},
{
    "model": "results.speakerscorebyadj",
    "pk": 70,
    "fields": {
        "ballot_submission": 9,
        "debate_adjudicator": 16,
        "debate_team": 18,
        "score": 76.0,
        "position": 2
    }
},
{
    "model": "results.speakerscorebyadj",
    "pk": 71,
    "fields": {
        "ballot_submission": 9,
        "debate_adjudicator": 16,
        "debate_team": 18,
        "score": 78.0,
        "position": 3
    }
},
{
    "model": "results.speakerscorebyadj",
    "pk": 72,
    "fields": {
        "ballot_submission": 9,
        "debate_adjudicator": 16,
        "debate_team": 18,
        "score": 36.0,
        "position": 4
    }
},
{
    "model": "results.speakerscorebyadj",
    "pk": 73,
    "fields": {
        "ballot_submission": 10,
        "debate_adjudicator": 18,
        "debate_team": 19,
        "score": 73.0,
        "position": 1
    }
},
{
    "model": "results.speakerscorebyadj",
    "pk": 74,
    "fields": {
        "ballot_submission": 10,
        "debate_adjudicator": 18,
        "debate_team": 19,
        "score": 68.0,
        "position": 2
    }
},
{
    "model": "results.speakerscorebyadj",
    "pk": 75,
    "fields": {
        "ballot_submission": 10,
        "debate_adjudicator": 18,
        "debate_team": 19,
        "score": 71.0,
        "position": 3
    }
},
{
    "model": "results.speakerscorebyadj",
    "pk": 76,
    "fields": {
        "ballot_submission": 10,
        "debate_adjudicator": 18,
        "debate_team": 19,
        "score": 41.0,
        "position": 4
    }
},
{
    "model": "results.speakerscorebyadj",
    "pk": 77,
    "fields": {
        "ballot_submission": 10,
        "debate_adjudicator": 18,
        "debate_team": 20,
        "score": 69.0,
        "position": 1
    }
},
{
    "model": "results.speakerscorebyadj",
    "pk": 78,
    "fields": {
        "ballot_submission": 10,
        "debate_adjudicator": 18,
        "debate_team": 20,
        "score": 79.0,
        "position": 2
    }
},
{
    "model": "results.speakerscorebyadj",
    "pk": 79,
    "fields": {
        "ballot_submission": 10,
        "debate_adjudicator": 18,
        "debate_team": 20,
        "score": 74.0,
        "position": 3
    }
},
{
    "model": "results.speakerscorebyadj",
    "pk": 80,
    "fields": {
        "ballot_submission": 10,
        "debate_adjudicator": 18,
        "debate_team": 20,
        "score": 38.5,
        "position": 4
    }
},
{
    "model": "results.speakerscorebyadj",
    "pk": 81,
    "fields": {
        "ballot_submission": 10,
        "debate_adjudicator": 19,
        "debate_team": 19,
        "score": 81.0,
        "position": 1
    }
},
{
    "model": "results.speakerscorebyadj",
    "pk": 82,
    "fields": {
        "ballot_submission": 10,
        "debate_adjudicator": 19,
        "debate_team": 19,
        "score": 71.0,
        "position": 2
    }
},
{
    "model": "results.speakerscorebyadj",
    "pk": 83,
    "fields": {
        "ballot_submission": 10,
        "debate_adjudicator": 19,
        "debate_team": 19,
        "score": 73.0,
        "position": 3
    }
},
{
    "model": "results.speakerscorebyadj",
    "pk": 84,
    "fields": {
        "ballot_submission": 10,
        "debate_adjudicator": 19,
        "debate_team": 19,
        "score": 40.5,
        "position": 4
    }
},
{
    "model": "results.speakerscorebyadj",
    "pk": 85,
    "fields": {
        "ballot_submission": 10,
        "debate_adjudicator": 19,
        "debate_team": 20,
        "score": 72.0,
        "position": 1
    }
},
{
    "model": "results.speakerscorebyadj",
    "pk": 86,
    "fields": {
        "ballot_submission": 10,
        "debate_adjudicator": 19,
        "debate_team": 20,
        "score": 72.0,
        "position": 2
    }
},
{
    "model": "results.speakerscorebyadj",
    "pk": 87,
    "fields": {
        "ballot_submission": 10,
        "debate_adjudicator": 19,
        "debate_team": 20,
        "score": 80.0,
        "position": 3
    }
},
{
    "model": "results.speakerscorebyadj",
    "pk": 88,
    "fields": {
        "ballot_submission": 10,
        "debate_adjudicator": 19,
        "debate_team": 20,
        "score": 38.5,
        "position": 4
    }
},
{
    "model": "results.speakerscorebyadj",
    "pk": 89,
    "fields": {
        "ballot_submission": 10,
        "debate_adjudicator": 20,
        "debate_team": 19,
        "score": 80.0,
        "position": 1
    }
},
{
    "model": "results.speakerscorebyadj",
    "pk": 90,
    "fields": {
        "ballot_submission": 10,
        "debate_adjudicator": 20,
        "debate_team": 19,
        "score": 78.0,
        "position": 2
    }
},
{
    "model": "results.speakerscorebyadj",
    "pk": 91,
    "fields": {
        "ballot_submission": 10,
        "debate_adjudicator": 20,
        "debate_team": 19,
        "score": 73.0,
        "position": 3
    }
},
{
    "model": "results.speakerscorebyadj",
    "pk": 92,
    "fields": {
        "ballot_submission": 10,
        "debate_adjudicator": 20,
        "debate_team": 19,
        "score": 36.5,
        "position": 4
    }
},
{
    "model": "results.speakerscorebyadj",
    "pk": 93,
    "fields": {
        "ballot_submission": 10,
        "debate_adjudicator": 20,
        "debate_team": 20,
        "score": 68.0,
        "position": 1
    }
},
{
    "model": "results.speakerscorebyadj",
    "pk": 94,
    "fields": {
        "ballot_submission": 10,
        "debate_adjudicator": 20,
        "debate_team": 20,
        "score": 77.0,
        "position": 2
    }
},
{
    "model": "results.speakerscorebyadj",
    "pk": 95,
    "fields": {
        "ballot_submission": 10,
        "debate_adjudicator": 20,
        "debate_team": 20,
        "score": 82.0,
        "position": 3
    }
},
{
    "model": "results.speakerscorebyadj",
    "pk": 96,
    "fields": {
        "ballot_submission": 10,
        "debate_adjudicator": 20,
        "debate_team": 20,
        "score": 39.5,
        "position": 4
    }
},
{
    "model": "results.speakerscorebyadj",
    "pk": 97,
    "fields": {
        "ballot_submission": 11,
        "debate_adjudicator": 22,
        "debate_team": 21,
        "score": 68.0,
        "position": 1
    }
},
{
    "model": "results.speakerscorebyadj",
    "pk": 98,
    "fields": {
        "ballot_submission": 11,
        "debate_adjudicator": 22,
        "debate_team": 21,
        "score": 68.0,
        "position": 2
    }
},
{
    "model": "results.speakerscorebyadj",
    "pk": 99,
    "fields": {
        "ballot_submission": 11,
        "debate_adjudicator": 22,
        "debate_team": 21,
        "score": 79.0,
        "position": 3
    }
},
{
    "model": "results.speakerscorebyadj",
    "pk": 100,
    "fields": {
        "ballot_submission": 11,
        "debate_adjudicator": 22,
        "debate_team": 21,
        "score": 34.5,
        "position": 4
    }
},
{
    "model": "results.speakerscorebyadj",
    "pk": 101,
    "fields": {
        "ballot_submission": 11,
        "debate_adjudicator": 22,
        "debate_team": 22,
        "score": 75.0,
        "position": 1
    }
},
{
    "model": "results.speakerscorebyadj",
    "pk": 102,
    "fields": {
        "ballot_submission": 11,
        "debate_adjudicator": 22,
        "debate_team": 22,
        "score": 69.0,
        "position": 2
    }
},
{
    "model": "results.speakerscorebyadj",
    "pk": 103,
    "fields": {
        "ballot_submission": 11,
        "debate_adjudicator": 22,
        "debate_team": 22,
        "score": 81.0,
        "position": 3
    }
},
{
    "model": "results.speakerscorebyadj",
    "pk": 104,
    "fields": {
        "ballot_submission": 11,
        "debate_adjudicator": 22,
        "debate_team": 22,
        "score": 39.5,
        "position": 4
    }
},
{
    "model": "results.speakerscorebyadj",
    "pk": 105,
    "fields": {
        "ballot_submission": 11,
        "debate_adjudicator": 21,
        "debate_team": 21,
        "score": 80.0,
        "position": 1
    }
},
{
    "model": "results.speakerscorebyadj",
    "pk": 106,
    "fields": {
        "ballot_submission": 11,
        "debate_adjudicator": 21,
        "debate_team": 21,
        "score": 73.0,
        "position": 2
    }
},
{
    "model": "results.speakerscorebyadj",
    "pk": 107,
    "fields": {
        "ballot_submission": 11,
        "debate_adjudicator": 21,
        "debate_team": 21,
        "score": 73.0,
        "position": 3
    }
},
{
    "model": "results.speakerscorebyadj",
    "pk": 108,
    "fields": {
        "ballot_submission": 11,
        "debate_adjudicator": 21,
        "debate_team": 21,
        "score": 35.5,
        "position": 4
    }
},
{
    "model": "results.speakerscorebyadj",
    "pk": 109,
    "fields": {
        "ballot_submission": 11,
        "debate_adjudicator": 21,
        "debate_team": 22,
        "score": 73.0,
        "position": 1
    }
},
{
    "model": "results.speakerscorebyadj",
    "pk": 110,
    "fields": {
        "ballot_submission": 11,
        "debate_adjudicator": 21,
        "debate_team": 22,
        "score": 68.0,
        "position": 2
    }
},
{
    "model": "results.speakerscorebyadj",
    "pk": 111,
    "fields": {
        "ballot_submission": 11,
        "debate_adjudicator": 21,
        "debate_team": 22,
        "score": 74.0,
        "position": 3
    }
},
{
    "model": "results.speakerscorebyadj",
    "pk": 112,
    "fields": {
        "ballot_submission": 11,
        "debate_adjudicator": 21,
        "debate_team": 22,
        "score": 34.0,
        "position": 4
    }
},
{
    "model": "results.speakerscorebyadj",
    "pk": 113,
    "fields": {
        "ballot_submission": 11,
        "debate_adjudicator": 23,
        "debate_team": 21,
        "score": 72.0,
        "position": 1
    }
},
{
    "model": "results.speakerscorebyadj",
    "pk": 114,
    "fields": {
        "ballot_submission": 11,
        "debate_adjudicator": 23,
        "debate_team": 21,
        "score": 78.0,
        "position": 2
    }
},
{
    "model": "results.speakerscorebyadj",
    "pk": 115,
    "fields": {
        "ballot_submission": 11,
        "debate_adjudicator": 23,
        "debate_team": 21,
        "score": 75.0,
        "position": 3
    }
},
{
    "model": "results.speakerscorebyadj",
    "pk": 116,
    "fields": {
        "ballot_submission": 11,
        "debate_adjudicator": 23,
        "debate_team": 21,
        "score": 40.5,
        "position": 4
    }
},
{
    "model": "results.speakerscorebyadj",
    "pk": 117,
    "fields": {
        "ballot_submission": 11,
        "debate_adjudicator": 23,
        "debate_team": 22,
        "score": 78.0,
        "position": 1
    }
},
{
    "model": "results.speakerscorebyadj",
    "pk": 118,
    "fields": {
        "ballot_submission": 11,
        "debate_adjudicator": 23,
        "debate_team": 22,
        "score": 81.0,
        "position": 2
    }
},
{
    "model": "results.speakerscorebyadj",
    "pk": 119,
    "fields": {
        "ballot_submission": 11,
        "debate_adjudicator": 23,
        "debate_team": 22,
        "score": 82.0,
        "position": 3
    }
},
{
    "model": "results.speakerscorebyadj",
    "pk": 120,
    "fields": {
        "ballot_submission": 11,
        "debate_adjudicator": 23,
        "debate_team": 22,
        "score": 35.5,
        "position": 4
    }
},
{
    "model": "results.speakerscorebyadj",
    "pk": 121,
    "fields": {
        "ballot_submission": 12,
        "debate_adjudicator": 25,
        "debate_team": 23,
        "score": 76.0,
        "position": 1
    }
},
{
    "model": "results.speakerscorebyadj",
    "pk": 122,
    "fields": {
        "ballot_submission": 12,
        "debate_adjudicator": 25,
        "debate_team": 23,
        "score": 70.0,
        "position": 2
    }
},
{
    "model": "results.speakerscorebyadj",
    "pk": 123,
    "fields": {
        "ballot_submission": 12,
        "debate_adjudicator": 25,
        "debate_team": 23,
        "score": 73.0,
        "position": 3
    }
},
{
    "model": "results.speakerscorebyadj",
    "pk": 124,
    "fields": {
        "ballot_submission": 12,
        "debate_adjudicator": 25,
        "debate_team": 23,
        "score": 37.5,
        "position": 4
    }
},
{
    "model": "results.speakerscorebyadj",
    "pk": 125,
    "fields": {
        "ballot_submission": 12,
        "debate_adjudicator": 25,
        "debate_team": 24,
        "score": 74.0,
        "position": 1
    }
},
{
    "model": "results.speakerscorebyadj",
    "pk": 126,
    "fields": {
        "ballot_submission": 12,
        "debate_adjudicator": 25,
        "debate_team": 24,
        "score": 79.0,
        "position": 2
    }
},
{
    "model": "results.speakerscorebyadj",
    "pk": 127,
    "fields": {
        "ballot_submission": 12,
        "debate_adjudicator": 25,
        "debate_team": 24,
        "score": 70.0,
        "position": 3
    }
},
{
    "model": "results.speakerscorebyadj",
    "pk": 128,
    "fields": {
        "ballot_submission": 12,
        "debate_adjudicator": 25,
        "debate_team": 24,
        "score": 40.0,
        "position": 4
    }
},
{
    "model": "results.speakerscorebyadj",
    "pk": 129,
    "fields": {
        "ballot_submission": 12,
        "debate_adjudicator": 26,
        "debate_team": 23,
        "score": 82.0,
        "position": 1
    }
},
{
    "model": "results.speakerscorebyadj",
    "pk": 130,
    "fields": {
        "ballot_submission": 12,
        "debate_adjudicator": 26,
        "debate_team": 23,
        "score": 70.0,
        "position": 2
    }
},
{
    "model": "results.speakerscorebyadj",
    "pk": 131,
    "fields": {
        "ballot_submission": 12,
        "debate_adjudicator": 26,
        "debate_team": 23,
        "score": 71.0,
        "position": 3
    }
},
{
    "model": "results.speakerscorebyadj",
    "pk": 132,
    "fields": {
        "ballot_submission": 12,
        "debate_adjudicator": 26,
        "debate_team": 23,
        "score": 39.0,
        "position": 4
    }
},
{
    "model": "results.speakerscorebyadj",
    "pk": 133,
    "fields": {
        "ballot_submission": 12,
        "debate_adjudicator": 26,
        "debate_team": 24,
        "score": 70.0,
        "position": 1
    }
},
{
    "model": "results.speakerscorebyadj",
    "pk": 134,
    "fields": {
        "ballot_submission": 12,
        "debate_adjudicator": 26,
        "debate_team": 24,
        "score": 81.0,
        "position": 2
    }
},
{
    "model": "results.speakerscorebyadj",
    "pk": 135,
    "fields": {
        "ballot_submission": 12,
        "debate_adjudicator": 26,
        "debate_team": 24,
        "score": 74.0,
        "position": 3
    }
},
{
    "model": "results.speakerscorebyadj",
    "pk": 136,
    "fields": {
        "ballot_submission": 12,
        "debate_adjudicator": 26,
        "debate_team": 24,
        "score": 35.0,
        "position": 4
    }
},
{
    "model": "results.speakerscorebyadj",
    "pk": 137,
    "fields": {
        "ballot_submission": 12,
        "debate_adjudicator": 24,
        "debate_team": 23,
        "score": 74.0,
        "position": 1
    }
},
{
    "model": "results.speakerscorebyadj",
    "pk": 138,
    "fields": {
        "ballot_submission": 12,
        "debate_adjudicator": 24,
        "debate_team": 23,
        "score": 78.0,
        "position": 2
    }
},
{
    "model": "results.speakerscorebyadj",
    "pk": 139,
    "fields": {
        "ballot_submission": 12,
        "debate_adjudicator": 24,
        "debate_team": 23,
        "score": 79.0,
        "position": 3
    }
},
{
    "model": "results.speakerscorebyadj",
    "pk": 140,
    "fields": {
        "ballot_submission": 12,
        "debate_adjudicator": 24,
        "debate_team": 23,
        "score": 36.5,
        "position": 4
    }
},
{
    "model": "results.speakerscorebyadj",
    "pk": 141,
    "fields": {
        "ballot_submission": 12,
        "debate_adjudicator": 24,
        "debate_team": 24,
        "score": 74.0,
        "position": 1
    }
},
{
    "model": "results.speakerscorebyadj",
    "pk": 142,
    "fields": {
        "ballot_submission": 12,
        "debate_adjudicator": 24,
        "debate_team": 24,
        "score": 82.0,
        "position": 2
    }
},
{
    "model": "results.speakerscorebyadj",
    "pk": 143,
    "fields": {
        "ballot_submission": 12,
        "debate_adjudicator": 24,
        "debate_team": 24,
        "score": 79.0,
        "position": 3
    }
},
{
    "model": "results.speakerscorebyadj",
    "pk": 144,
    "fields": {
        "ballot_submission": 12,
        "debate_adjudicator": 24,
        "debate_team": 24,
        "score": 40.5,
        "position": 4
    }
},
{
    "model": "results.teamscore",
    "pk": 1,
    "fields": {
        "ballot_submission": 1,
        "debate_team": 1,
        "points": 0,
        "win": false,
        "margin": -9.5,
        "score": 253.0,
        "votes_given": 0,
        "votes_possible": 1,
        "forfeit": false
    }
},
{
    "model": "results.teamscore",
    "pk": 2,
    "fields": {
        "ballot_submission": 1,
        "debate_team": 2,
        "points": 1,
        "win": true,
        "margin": 9.5,
        "score": 262.5,
        "votes_given": 1,
        "votes_possible": 1,
        "forfeit": false
    }
},
{
    "model": "results.teamscore",
    "pk": 3,
    "fields": {
        "ballot_submission": 2,
        "debate_team": 3,
        "points": 0,
        "win": false,
        "margin": -17.0,
        "score": 249.0,
        "votes_given": 0,
        "votes_possible": 1,
        "forfeit": false
    }
},
{
    "model": "results.teamscore",
    "pk": 4,
    "fields": {
        "ballot_submission": 2,
        "debate_team": 4,
        "points": 1,
        "win": true,
        "margin": 17.0,
        "score": 266.0,
        "votes_given": 1,
        "votes_possible": 1,
        "forfeit": false
    }
},
{
    "model": "results.teamscore",
    "pk": 5,
    "fields": {
        "ballot_submission": 3,
        "debate_team": 5,
        "points": 1,
        "win": true,
        "margin": 3.5,
        "score": 274.5,
        "votes_given": 1,
        "votes_possible": 1,
        "forfeit": false
    }
},
{
    "model": "results.teamscore",
    "pk": 6,
    "fields": {
        "ballot_submission": 3,
        "debate_team": 6,
        "points": 0,
        "win": false,
        "margin": -3.5,
        "score": 271.0,
        "votes_given": 0,
        "votes_possible": 1,
        "forfeit": false
    }
},
{
    "model": "results.teamscore",
    "pk": 7,
    "fields": {
        "ballot_submission": 4,
        "debate_team": 7,
        "points": 0,
        "win": false,
        "margin": -3.0,
        "score": 258.5,
        "votes_given": 0,
        "votes_possible": 1,
        "forfeit": false
    }
},
{
    "model": "results.teamscore",
    "pk": 8,
    "fields": {
        "ballot_submission": 4,
        "debate_team": 8,
        "points": 1,
        "win": true,
        "margin": 3.0,
        "score": 261.5,
        "votes_given": 1,
        "votes_possible": 1,
        "forfeit": false
    }
},
{
    "model": "results.teamscore",
    "pk": 9,
    "fields": {
        "ballot_submission": 5,
        "debate_team": 9,
        "points": 0,
        "win": false,
        "margin": -9.5,
        "score": 252.5,
        "votes_given": 0,
        "votes_possible": 1,
        "forfeit": false
    }
},
{
    "model": "results.teamscore",
    "pk": 10,
    "fields": {
        "ballot_submission": 5,
        "debate_team": 10,
        "points": 1,
        "win": true,
        "margin": 9.5,
        "score": 262.0,
        "votes_given": 1,
        "votes_possible": 1,
        "forfeit": false
    }
},
{
    "model": "results.teamscore",
    "pk": 11,
    "fields": {
        "ballot_submission": 6,
        "debate_team": 11,
        "points": 0,
        "win": false,
        "margin": -5.0,
        "score": 259.5,
        "votes_given": 0,
        "votes_possible": 1,
        "forfeit": false
    }
},
{
    "model": "results.teamscore",
    "pk": 12,
    "fields": {
        "ballot_submission": 6,
        "debate_team": 12,
        "points": 1,
        "win": true,
        "margin": 5.0,
        "score": 264.5,
        "votes_given": 1,
        "votes_possible": 1,
        "forfeit": false
    }
},
{
    "model": "results.teamscore",
    "pk": 13,
    "fields": {
        "ballot_submission": 7,
        "debate_team": 13,
        "points": 1,
        "win": true,
        "margin": 11.5,
        "score": 268.5,
        "votes_given": 1,
        "votes_possible": 1,
        "forfeit": false
    }
},
{
    "model": "results.teamscore",
    "pk": 14,
    "fields": {
        "ballot_submission": 7,
        "debate_team": 14,
        "points": 0,
        "win": false,
        "margin": -11.5,
        "score": 257.0,
        "votes_given": 0,
        "votes_possible": 1,
        "forfeit": false
    }
},
{
    "model": "results.teamscore",
    "pk": 15,
    "fields": {
        "ballot_submission": 8,
        "debate_team": 15,
        "points": 0,
        "win": false,
        "margin": -5.0,
        "score": 261.5,
        "votes_given": 0,
        "votes_possible": 1,
        "forfeit": false
    }
},
{
    "model": "results.teamscore",
    "pk": 16,
    "fields": {
        "ballot_submission": 8,
        "debate_team": 16,
        "points": 1,
        "win": true,
        "margin": 5.0,
        "score": 266.5,
        "votes_given": 1,
        "votes_possible": 1,
        "forfeit": false
    }
},
{
    "model": "results.teamscore",
    "pk": 17,
    "fields": {
        "ballot_submission": 9,
        "debate_team": 17,
        "points": 0,
        "win": false,
        "margin": -12.5,
        "score": 254.5,
        "votes_given": 0,
        "votes_possible": 1,
        "forfeit": false
    }
},
{
    "model": "results.teamscore",
    "pk": 18,
    "fields": {
        "ballot_submission": 9,
        "debate_team": 18,
        "points": 1,
        "win": true,
        "margin": 12.5,
        "score": 267.0,
        "votes_given": 1,
        "votes_possible": 1,
        "forfeit": false
    }
},
{
    "model": "results.teamscore",
    "pk": 19,
    "fields": {
        "ballot_submission": 10,
        "debate_team": 19,
        "points": 1,
        "win": true,
        "margin": 2.0,
        "score": 266.5,
        "votes_given": 2,
        "votes_possible": 3,
        "forfeit": false
    }
},
{
    "model": "results.teamscore",
    "pk": 20,
    "fields": {
        "ballot_submission": 10,
        "debate_team": 20,
        "points": 0,
        "win": false,
        "margin": -2.0,
        "score": 264.5,
        "votes_given": 1,
        "votes_possible": 3,
        "forfeit": false
    }
},
{
    "model": "results.teamscore",
    "pk": 21,
    "fields": {
        "ballot_submission": 11,
        "debate_team": 21,
        "points": 0,
        "win": false,
        "margin": -13.0,
        "score": 257.5,
        "votes_given": 1,
        "votes_possible": 3,
        "forfeit": false
    }
},
{
    "model": "results.teamscore",
    "pk": 22,
    "fields": {
        "ballot_submission": 11,
        "debate_team": 22,
        "points": 1,
        "win": true,
        "margin": 13.0,
        "score": 270.5,
        "votes_given": 2,
        "votes_possible": 3,
        "forfeit": false
    }
},
{
    "model": "results.teamscore",
    "pk": 23,
    "fields": {
        "ballot_submission": 12,
        "debate_team": 23,
        "points": 0,
        "win": false,
        "margin": -7.25,
        "score": 262.0,
        "votes_given": 1,
        "votes_possible": 3,
        "forfeit": false
    }
},
{
    "model": "results.teamscore",
    "pk": 24,
    "fields": {
        "ballot_submission": 12,
        "debate_team": 24,
        "points": 1,
        "win": true,
        "margin": 7.25,
        "score": 269.25,
        "votes_given": 2,
        "votes_possible": 3,
        "forfeit": false
    }
},
{
    "model": "results.speakerscore",
    "pk": 1,
    "fields": {
        "ballot_submission": 1,
        "debate_team": 1,
        "speaker": 55,
        "score": 73.0,
        "position": 1,
        "ghost": false
    }
},
{
    "model": "results.speakerscore",
    "pk": 2,
    "fields": {
        "ballot_submission": 1,
        "debate_team": 1,
        "speaker": 56,
        "score": 69.0,
        "position": 2,
        "ghost": false
    }
},
{
    "model": "results.speakerscore",
    "pk": 3,
    "fields": {
        "ballot_submission": 1,
        "debate_team": 1,
        "speaker": 57,
        "score": 72.0,
        "position": 3,
        "ghost": false
    }
},
{
    "model": "results.speakerscore",
    "pk": 4,
    "fields": {
        "ballot_submission": 1,
        "debate_team": 1,
        "speaker": 55,
        "score": 39.0,
        "position": 4,
        "ghost": false
    }
},
{
    "model": "results.speakerscore",
    "pk": 5,
    "fields": {
        "ballot_submission": 1,
        "debate_team": 2,
        "speaker": 1,
        "score": 73.0,
        "position": 1,
        "ghost": false
    }
},
{
    "model": "results.speakerscore",
    "pk": 6,
    "fields": {
        "ballot_submission": 1,
        "debate_team": 2,
        "speaker": 2,
        "score": 81.0,
        "position": 2,
        "ghost": false
    }
},
{
    "model": "results.speakerscore",
    "pk": 7,
    "fields": {
        "ballot_submission": 1,
        "debate_team": 2,
        "speaker": 3,
        "score": 69.0,
        "position": 3,
        "ghost": false
    }
},
{
    "model": "results.speakerscore",
    "pk": 8,
    "fields": {
        "ballot_submission": 1,
        "debate_team": 2,
        "speaker": 1,
        "score": 39.5,
        "position": 4,
        "ghost": false
    }
},
{
    "model": "results.speakerscore",
    "pk": 9,
    "fields": {
        "ballot_submission": 2,
        "debate_team": 3,
        "speaker": 64,
        "score": 73.0,
        "position": 1,
        "ghost": false
    }
},
{
    "model": "results.speakerscore",
    "pk": 10,
    "fields": {
        "ballot_submission": 2,
        "debate_team": 3,
        "speaker": 65,
        "score": 73.0,
        "position": 2,
        "ghost": false
    }
},
{
    "model": "results.speakerscore",
    "pk": 11,
    "fields": {
        "ballot_submission": 2,
        "debate_team": 3,
        "speaker": 66,
        "score": 69.0,
        "position": 3,
        "ghost": false
    }
},
{
    "model": "results.speakerscore",
    "pk": 12,
    "fields": {
        "ballot_submission": 2,
        "debate_team": 3,
        "speaker": 64,
        "score": 34.0,
        "position": 4,
        "ghost": false
    }
},
{
    "model": "results.speakerscore",
    "pk": 13,
    "fields": {
        "ballot_submission": 2,
        "debate_team": 4,
        "speaker": 10,
        "score": 77.0,
        "position": 1,
        "ghost": false
    }
},
{
    "model": "results.speakerscore",
    "pk": 14,
    "fields": {
        "ballot_submission": 2,
        "debate_team": 4,
        "speaker": 11,
        "score": 78.0,
        "position": 2,
        "ghost": false
    }
},
{
    "model": "results.speakerscore",
    "pk": 15,
    "fields": {
        "ballot_submission": 2,
        "debate_team": 4,
        "speaker": 12,
        "score": 72.0,
        "position": 3,
        "ghost": false
    }
},
{
    "model": "results.speakerscore",
    "pk": 16,
    "fields": {
        "ballot_submission": 2,
        "debate_team": 4,
        "speaker": 10,
        "score": 39.0,
        "position": 4,
        "ghost": false
    }
},
{
    "model": "results.speakerscore",
    "pk": 17,
    "fields": {
        "ballot_submission": 3,
        "debate_team": 5,
        "speaker": 28,
        "score": 79.0,
        "position": 1,
        "ghost": false
    }
},
{
    "model": "results.speakerscore",
    "pk": 18,
    "fields": {
        "ballot_submission": 3,
        "debate_team": 5,
        "speaker": 29,
        "score": 82.0,
        "position": 2,
        "ghost": false
    }
},
{
    "model": "results.speakerscore",
    "pk": 19,
    "fields": {
        "ballot_submission": 3,
        "debate_team": 5,
        "speaker": 30,
        "score": 77.0,
        "position": 3,
        "ghost": false
    }
},
{
    "model": "results.speakerscore",
    "pk": 20,
    "fields": {
        "ballot_submission": 3,
        "debate_team": 5,
        "speaker": 28,
        "score": 36.5,
        "position": 4,
        "ghost": false
    }
},
{
    "model": "results.speakerscore",
    "pk": 21,
    "fields": {
        "ballot_submission": 3,
        "debate_team": 6,
        "speaker": 40,
        "score": 82.0,
        "position": 1,
        "ghost": false
    }
},
{
    "model": "results.speakerscore",
    "pk": 22,
    "fields": {
        "ballot_submission": 3,
        "debate_team": 6,
        "speaker": 41,
        "score": 71.0,
        "position": 2,
        "ghost": false
    }
},
{
    "model": "results.speakerscore",
    "pk": 23,
    "fields": {
        "ballot_submission": 3,
        "debate_team": 6,
        "speaker": 42,
        "score": 78.0,
        "position": 3,
        "ghost": false
    }
},
{
    "model": "results.speakerscore",
    "pk": 24,
    "fields": {
        "ballot_submission": 3,
        "debate_team": 6,
        "speaker": 40,
        "score": 40.0,
        "position": 4,
        "ghost": false
    }
},
{
    "model": "results.speakerscore",
    "pk": 25,
    "fields": {
        "ballot_submission": 4,
        "debate_team": 7,
        "speaker": 25,
        "score": 74.0,
        "position": 1,
        "ghost": false
    }
},
{
    "model": "results.speakerscore",
    "pk": 26,
    "fields": {
        "ballot_submission": 4,
        "debate_team": 7,
        "speaker": 26,
        "score": 75.0,
        "position": 2,
        "ghost": false
    }
},
{
    "model": "results.speakerscore",
    "pk": 27,
    "fields": {
        "ballot_submission": 4,
        "debate_team": 7,
        "speaker": 27,
        "score": 75.0,
        "position": 3,
        "ghost": false
    }
},
{
    "model": "results.speakerscore",
    "pk": 28,
    "fields": {
        "ballot_submission": 4,
        "debate_team": 7,
        "speaker": 25,
        "score": 34.5,
        "position": 4,
        "ghost": false
    }
},
{
    "model": "results.speakerscore",
    "pk": 29,
    "fields": {
        "ballot_submission": 4,
        "debate_team": 8,
        "speaker": 13,
        "score": 73.0,
        "position": 1,
        "ghost": false
    }
},
{
    "model": "results.speakerscore",
    "pk": 30,
    "fields": {
        "ballot_submission": 4,
        "debate_team": 8,
        "speaker": 14,
        "score": 73.0,
        "position": 2,
        "ghost": false
    }
},
{
    "model": "results.speakerscore",
    "pk": 31,
    "fields": {
        "ballot_submission": 4,
        "debate_team": 8,
        "speaker": 15,
        "score": 76.0,
        "position": 3,
        "ghost": false
    }
},
{
    "model": "results.speakerscore",
    "pk": 32,
    "fields": {
        "ballot_submission": 4,
        "debate_team": 8,
        "speaker": 13,
        "score": 39.5,
        "position": 4,
        "ghost": false
    }
},
{
    "model": "results.speakerscore",
    "pk": 33,
    "fields": {
        "ballot_submission": 5,
        "debate_team": 9,
        "speaker": 7,
        "score": 74.0,
        "position": 1,
        "ghost": false
    }
},
{
    "model": "results.speakerscore",
    "pk": 34,
    "fields": {
        "ballot_submission": 5,
        "debate_team": 9,
        "speaker": 8,
        "score": 74.0,
        "position": 2,
        "ghost": false
    }
},
{
    "model": "results.speakerscore",
    "pk": 35,
    "fields": {
        "ballot_submission": 5,
        "debate_team": 9,
        "speaker": 9,
        "score": 69.0,
        "position": 3,
        "ghost": false
    }
},
{
    "model": "results.speakerscore",
    "pk": 36,
    "fields": {
        "ballot_submission": 5,
        "debate_team": 9,
        "speaker": 7,
        "score": 35.5,
        "position": 4,
        "ghost": false
    }
},
{
    "model": "results.speakerscore",
    "pk": 37,
    "fields": {
        "ballot_submission": 5,
        "debate_team": 10,
        "speaker": 34,
        "score": 79.0,
        "position": 1,
        "ghost": false
    }
},
{
    "model": "results.speakerscore",
    "pk": 38,
    "fields": {
        "ballot_submission": 5,
        "debate_team": 10,
        "speaker": 35,
        "score": 73.0,
        "position": 2,
        "ghost": false
    }
},
{
    "model": "results.speakerscore",
    "pk": 39,
    "fields": {
        "ballot_submission": 5,
        "debate_team": 10,
        "speaker": 36,
        "score": 69.0,
        "position": 3,
        "ghost": false
    }
},
{
    "model": "results.speakerscore",
    "pk": 40,
    "fields": {
        "ballot_submission": 5,
        "debate_team": 10,
        "speaker": 34,
        "score": 41.0,
        "position": 4,
        "ghost": false
    }
},
{
    "model": "results.speakerscore",
    "pk": 41,
    "fields": {
        "ballot_submission": 6,
        "debate_team": 11,
        "speaker": 67,
        "score": 73.0,
        "position": 1,
        "ghost": false
    }
},
{
    "model": "results.speakerscore",
    "pk": 42,
    "fields": {
        "ballot_submission": 6,
        "debate_team": 11,
        "speaker": 68,
        "score": 71.0,
        "position": 2,
        "ghost": false
    }
},
{
    "model": "results.speakerscore",
    "pk": 43,
    "fields": {
        "ballot_submission": 6,
        "debate_team": 11,
        "speaker": 69,
        "score": 79.0,
        "position": 3,
        "ghost": false
    }
},
{
    "model": "results.speakerscore",
    "pk": 44,
    "fields": {
        "ballot_submission": 6,
        "debate_team": 11,
        "speaker": 67,
        "score": 36.5,
        "position": 4,
        "ghost": false
    }
},
{
    "model": "results.speakerscore",
    "pk": 45,
    "fields": {
        "ballot_submission": 6,
        "debate_team": 12,
        "speaker": 58,
        "score": 75.0,
        "position": 1,
        "ghost": false
    }
},
{
    "model": "results.speakerscore",
    "pk": 46,
    "fields": {
        "ballot_submission": 6,
        "debate_team": 12,
        "speaker": 59,
        "score": 74.0,
        "position": 2,
        "ghost": false
    }
},
{
    "model": "results.speakerscore",
    "pk": 47,
    "fields": {
        "ballot_submission": 6,
        "debate_team": 12,
        "speaker": 60,
        "score": 77.0,
        "position": 3,
        "ghost": false
    }
},
{
    "model": "results.speakerscore",
    "pk": 48,
    "fields": {
        "ballot_submission": 6,
        "debate_team": 12,
        "speaker": 58,
        "score": 38.5,
        "position": 4,
        "ghost": false
    }
},
{
    "model": "results.speakerscore",
    "pk": 49,
    "fields": {
        "ballot_submission": 7,
        "debate_team": 13,
        "speaker": 19,
        "score": 82.0,
        "position": 1,
        "ghost": false
    }
},
{
    "model": "results.speakerscore",
    "pk": 50,
    "fields": {
        "ballot_submission": 7,
        "debate_team": 13,
        "speaker": 20,
        "score": 75.0,
        "position": 2,
        "ghost": false
    }
},
{
    "model": "results.speakerscore",
    "pk": 51,
    "fields": {
        "ballot_submission": 7,
        "debate_team": 13,
        "speaker": 21,
        "score": 75.0,
        "position": 3,
        "ghost": false
    }
},
{
    "model": "results.speakerscore",
    "pk": 52,
    "fields": {
        "ballot_submission": 7,
        "debate_team": 13,
        "speaker": 19,
        "score": 36.5,
        "position": 4,
        "ghost": false
    }
},
{
    "model": "results.speakerscore",
    "pk": 53,
    "fields": {
        "ballot_submission": 7,
        "debate_team": 14,
        "speaker": 31,
        "score": 73.0,
        "position": 1,
        "ghost": false
    }
},
{
    "model": "results.speakerscore",
    "pk": 54,
    "fields": {
        "ballot_submission": 7,
        "debate_team": 14,
        "speaker": 32,
        "score": 81.0,
        "position": 2,
        "ghost": false
    }
},
{
    "model": "results.speakerscore",
    "pk": 55,
    "fields": {
        "ballot_submission": 7,
        "debate_team": 14,
        "speaker": 33,
        "score": 69.0,
        "position": 3,
        "ghost": false
    }
},
{
    "model": "results.speakerscore",
    "pk": 56,
    "fields": {
        "ballot_submission": 7,
        "debate_team": 14,
        "speaker": 31,
        "score": 34.0,
        "position": 4,
        "ghost": false
    }
},
{
    "model": "results.speakerscore",
    "pk": 57,
    "fields": {
        "ballot_submission": 8,
        "debate_team": 15,
        "speaker": 70,
        "score": 71.0,
        "position": 1,
        "ghost": false
    }
},
{
    "model": "results.speakerscore",
    "pk": 58,
    "fields": {
        "ballot_submission": 8,
        "debate_team": 15,
        "speaker": 71,
        "score": 70.0,
        "position": 2,
        "ghost": false
    }
},
{
    "model": "results.speakerscore",
    "pk": 59,
    "fields": {
        "ballot_submission": 8,
        "debate_team": 15,
        "speaker": 72,
        "score": 82.0,
        "position": 3,
        "ghost": false
    }
},
{
    "model": "results.speakerscore",
    "pk": 60,
    "fields": {
        "ballot_submission": 8,
        "debate_team": 15,
        "speaker": 70,
        "score": 38.5,
        "position": 4,
        "ghost": false
    }
},
{
    "model": "results.speakerscore",
    "pk": 61,
    "fields": {
        "ballot_submission": 8,
        "debate_team": 16,
        "speaker": 22,
        "score": 80.0,
        "position": 1,
        "ghost": false
    }
},
{
    "model": "results.speakerscore",
    "pk": 62,
    "fields": {
        "ballot_submission": 8,
        "debate_team": 16,
        "speaker": 23,
        "score": 77.0,
        "position": 2,
        "ghost": false
    }
},
{
    "model": "results.speakerscore",
    "pk": 63,
    "fields": {
        "ballot_submission": 8,
        "debate_team": 16,
        "speaker": 24,
        "score": 69.0,
        "position": 3,
        "ghost": false
    }
},
{
    "model": "results.speakerscore",
    "pk": 64,
    "fields": {
        "ballot_submission": 8,
        "debate_team": 16,
        "speaker": 22,
        "score": 40.5,
        "position": 4,
        "ghost": false
    }
},
{
    "model": "results.speakerscore",
    "pk": 65,
    "fields": {
        "ballot_submission": 9,
        "debate_team": 17,
        "speaker": 61,
        "score": 73.0,
        "position": 1,
        "ghost": false
    }
},
{
    "model": "results.speakerscore",
    "pk": 66,
    "fields": {
        "ballot_submission": 9,
        "debate_team": 17,
        "speaker": 62,
        "score": 74.0,
        "position": 2,
        "ghost": false
    }
},
{
    "model": "results.speakerscore",
    "pk": 67,
    "fields": {
        "ballot_submission": 9,
        "debate_team": 17,
        "speaker": 63,
        "score": 70.0,
        "position": 3,
        "ghost": false
    }
},
{
    "model": "results.speakerscore",
    "pk": 68,
    "fields": {
        "ballot_submission": 9,
        "debate_team": 17,
        "speaker": 61,
        "score": 37.5,
        "position": 4,
        "ghost": false
    }
},
{
    "model": "results.speakerscore",
    "pk": 69,
    "fields": {
        "ballot_submission": 9,
        "debate_team": 18,
        "speaker": 4,
        "score": 77.0,
        "position": 1,
        "ghost": false
    }
},
{
    "model": "results.speakerscore",
    "pk": 70,
    "fields": {
        "ballot_submission": 9,
        "debate_team": 18,
        "speaker": 5,
        "score": 76.0,
        "position": 2,
        "ghost": false
    }
},
{
    "model": "results.speakerscore",
    "pk": 71,
    "fields": {
        "ballot_submission": 9,
        "debate_team": 18,
        "speaker": 6,
        "score": 78.0,
        "position": 3,
        "ghost": false
    }
},
{
    "model": "results.speakerscore",
    "pk": 72,
    "fields": {
        "ballot_submission": 9,
        "debate_team": 18,
        "speaker": 4,
        "score": 36.0,
        "position": 4,
        "ghost": false
    }
},
{
    "model": "results.speakerscore",
    "pk": 73,
    "fields": {
        "ballot_submission": 10,
        "debate_team": 19,
        "speaker": 37,
        "score": 80.5,
        "position": 1,
        "ghost": false
    }
},
{
    "model": "results.speakerscore",
    "pk": 74,
    "fields": {
        "ballot_submission": 10,
        "debate_team": 19,
        "speaker": 38,
        "score": 74.5,
        "position": 2,
        "ghost": false
    }
},
{
    "model": "results.speakerscore",
    "pk": 75,
    "fields": {
        "ballot_submission": 10,
        "debate_team": 19,
        "speaker": 39,
        "score": 73.0,
        "position": 3,
        "ghost": false
    }
},
{
    "model": "results.speakerscore",
    "pk": 76,
    "fields": {
        "ballot_submission": 10,
        "debate_team": 19,
        "speaker": 37,
        "score": 38.5,
        "position": 4,
        "ghost": false
    }
},
{
    "model": "results.speakerscore",
    "pk": 77,
    "fields": {
        "ballot_submission": 10,
        "debate_team": 20,
        "speaker": 49,
        "score": 70.0,
        "position": 1,
        "ghost": false
    }
},
{
    "model": "results.speakerscore",
    "pk": 78,
    "fields": {
        "ballot_submission": 10,
        "debate_team": 20,
        "speaker": 50,
        "score": 74.5,
        "position": 2,
        "ghost": false
    }
},
{
    "model": "results.speakerscore",
    "pk": 79,
    "fields": {
        "ballot_submission": 10,
        "debate_team": 20,
        "speaker": 51,
        "score": 81.0,
        "position": 3,
        "ghost": false
    }
},
{
    "model": "results.speakerscore",
    "pk": 80,
    "fields": {
        "ballot_submission": 10,
        "debate_team": 20,
        "speaker": 49,
        "score": 39.0,
        "position": 4,
        "ghost": false
    }
},
{
    "model": "results.speakerscore",
    "pk": 81,
    "fields": {
        "ballot_submission": 11,
        "debate_team": 21,
        "speaker": 16,
        "score": 70.0,
        "position": 1,
        "ghost": false
    }
},
{
    "model": "results.speakerscore",
    "pk": 82,
    "fields": {
        "ballot_submission": 11,
        "debate_team": 21,
        "speaker": 17,
        "score": 73.0,
        "position": 2,
        "ghost": false
    }
},
{
    "model": "results.speakerscore",
    "pk": 83,
    "fields": {
        "ballot_submission": 11,
        "debate_team": 21,
        "speaker": 18,
        "score": 77.0,
        "position": 3,
        "ghost": false
    }
},
{
    "model": "results.speakerscore",
    "pk": 84,
    "fields": {
        "ballot_submission": 11,
        "debate_team": 21,
        "speaker": 16,
        "score": 37.5,
        "position": 4,
        "ghost": false
    }
},
{
    "model": "results.speakerscore",
    "pk": 85,
    "fields": {
        "ballot_submission": 11,
        "debate_team": 22,
        "speaker": 52,
        "score": 76.5,
        "position": 1,
        "ghost": false
    }
},
{
    "model": "results.speakerscore",
    "pk": 86,
    "fields": {
        "ballot_submission": 11,
        "debate_team": 22,
        "speaker": 53,
        "score": 75.0,
        "position": 2,
        "ghost": false
    }
},
{
    "model": "results.speakerscore",
    "pk": 87,
    "fields": {
        "ballot_submission": 11,
        "debate_team": 22,
        "speaker": 54,
        "score": 81.5,
        "position": 3,
        "ghost": false
    }
},
{
    "model": "results.speakerscore",
    "pk": 88,
    "fields": {
        "ballot_submission": 11,
        "debate_team": 22,
        "speaker": 52,
        "score": 37.5,
        "position": 4,
        "ghost": false
    }
},
{
    "model": "results.speakerscore",
    "pk": 89,
    "fields": {
        "ballot_submission": 12,
        "debate_team": 23,
        "speaker": 46,
        "score": 75.0,
        "position": 1,
        "ghost": false
    }
},
{
    "model": "results.speakerscore",
    "pk": 90,
    "fields": {
        "ballot_submission": 12,
        "debate_team": 23,
        "speaker": 47,
        "score": 74.0,
        "position": 2,
        "ghost": false
    }
},
{
    "model": "results.speakerscore",
    "pk": 91,
    "fields": {
        "ballot_submission": 12,
        "debate_team": 23,
        "speaker": 48,
        "score": 76.0,
        "position": 3,
        "ghost": false
    }
},
{
    "model": "results.speakerscore",
    "pk": 92,
    "fields": {
        "ballot_submission": 12,
        "debate_team": 23,
        "speaker": 46,
        "score": 37.0,
        "position": 4,
        "ghost": false
    }
},
{
    "model": "results.speakerscore",
    "pk": 93,
    "fields": {
        "ballot_submission": 12,
        "debate_team": 24,
        "speaker": 43,
        "score": 74.0,
        "position": 1,
        "ghost": false
    }
},
{
    "model": "results.speakerscore",
    "pk": 94,
    "fields": {
        "ballot_submission": 12,
        "debate_team": 24,
        "speaker": 44,
        "score": 80.5,
        "position": 2,
        "ghost": false
    }
},
{
    "model": "results.speakerscore",
    "pk": 95,
    "fields": {
        "ballot_submission": 12,
        "debate_team": 24,
        "speaker": 45,
        "score": 74.5,
        "position": 3,
        "ghost": false
    }
},
{
    "model": "results.speakerscore",
    "pk": 96,
    "fields": {
        "ballot_submission": 12,
        "debate_team": 24,
        "speaker": 43,
        "score": 40.25,
        "position": 4,
        "ghost": false
    }
},
{
    "model": "tournaments.tournament",
    "pk": 1,
    "fields": {
        "name": "demo",
        "short_name": "demo",
        "emoji": null,
        "seq": null,
        "slug": "demo",
        "current_round": 2,
        "welcome_msg": "",
        "active": true
    }
},
{
    "model": "tournaments.round",
    "pk": 1,
    "fields": {
        "tournament": 1,
        "seq": 1,
        "name": "Round 1",
        "abbreviation": "R1",
        "stage": "P",
        "draw_type": "R",
        "break_category": null,
        "draw_status": "C",
        "feedback_weight": 0.7,
        "silent": false,
        "motions_released": false,
        "starts_at": null
    }
},
{
    "model": "tournaments.round",
    "pk": 2,
    "fields": {
        "tournament": 1,
        "seq": 2,
        "name": "Round 2",
        "abbreviation": "R2",
        "stage": "P",
        "draw_type": "P",
        "break_category": null,
        "draw_status": "N",
        "feedback_weight": 0.7,
        "silent": false,
        "motions_released": false,
        "starts_at": null
    }
},
{
    "model": "tournaments.round",
    "pk": 3,
    "fields": {
        "tournament": 1,
        "seq": 3,
        "name": "Round 3",
        "abbreviation": "R3",
        "stage": "P",
        "draw_type": "P",
        "break_category": null,
        "draw_status": "N",
        "feedback_weight": 0.7,
        "silent": false,
        "motions_released": false,
        "starts_at": null
    }
},
{
    "model": "tournaments.round",
    "pk": 4,
    "fields": {
        "tournament": 1,
        "seq": 4,
        "name": "Round 4",
        "abbreviation": "R4",
        "stage": "P",
        "draw_type": "P",
        "break_category": null,
        "draw_status": "N",
        "feedback_weight": 0.7,
        "silent": false,
        "motions_released": false,
        "starts_at": null
    }
},
{
    "model": "tournaments.round",
    "pk": 5,
    "fields": {
        "tournament": 1,
        "seq": 5,
        "name": "Open Quarterfinal",
        "abbreviation": "OQF",
        "stage": "E",
        "draw_type": "F",
        "break_category": 1,
        "draw_status": "N",
        "feedback_weight": 0.7,
        "silent": true,
        "motions_released": false,
        "starts_at": null
    }
},
{
    "model": "tournaments.round",
    "pk": 6,
    "fields": {
        "tournament": 1,
        "seq": 6,
        "name": "ESL Semifinal",
        "abbreviation": "SSF",
        "stage": "E",
        "draw_type": "F",
        "break_category": 2,
        "draw_status": "N",
        "feedback_weight": 0.7,
        "silent": true,
        "motions_released": false,
        "starts_at": null
    }
},
{
    "model": "tournaments.round",
    "pk": 7,
    "fields": {
        "tournament": 1,
        "seq": 7,
        "name": "Open Semifinal",
        "abbreviation": "OSF",
        "stage": "E",
        "draw_type": "B",
        "break_category": 1,
        "draw_status": "N",
        "feedback_weight": 0.7,
        "silent": true,
        "motions_released": false,
        "starts_at": null
    }
},
{
    "model": "tournaments.round",
    "pk": 8,
    "fields": {
        "tournament": 1,
        "seq": 8,
        "name": "ESL Grand Final",
        "abbreviation": "SGF",
        "stage": "E",
        "draw_type": "B",
        "break_category": 2,
        "draw_status": "N",
        "feedback_weight": 0.7,
        "silent": true,
        "motions_released": false,
        "starts_at": null
    }
},
{
    "model": "tournaments.round",
    "pk": 9,
    "fields": {
        "tournament": 1,
        "seq": 9,
        "name": "EFL Grand Final",
        "abbreviation": "FGF",
        "stage": "E",
        "draw_type": "F",
        "break_category": 3,
        "draw_status": "N",
        "feedback_weight": 0.7,
        "silent": true,
        "motions_released": false,
        "starts_at": null
    }
},
{
    "model": "tournaments.round",
    "pk": 10,
    "fields": {
        "tournament": 1,
        "seq": 10,
        "name": "Open Grand Final",
        "abbreviation": "OGF",
        "stage": "E",
        "draw_type": "B",
        "break_category": 1,
        "draw_status": "N",
        "feedback_weight": 0.7,
        "silent": true,
        "motions_released": false,
        "starts_at": null
    }
},
{
    "model": "venues.venue",
    "pk": 1,
    "fields": {
        "name": "01",
        "priority": 10,
        "tournament": 1
    }
},
{
    "model": "venues.venue",
    "pk": 2,
    "fields": {
        "name": "02",
        "priority": 10,
        "tournament": 1
    }
},
{
    "model": "venues.venue",
    "pk": 3,
    "fields": {
        "name": "03",
        "priority": 10,
        "tournament": 1
    }
},
{
    "model": "venues.venue",
    "pk": 4,
    "fields": {
        "name": "G01",
        "priority": 10,
        "tournament": 1
    }
},
{
    "model": "venues.venue",
    "pk": 5,
    "fields": {
        "name": "G02",
        "priority": 10,
        "tournament": 1
    }
},
{
    "model": "venues.venue",
    "pk": 6,
    "fields": {
        "name": "G03",
        "priority": 10,
        "tournament": 1
    }
},
{
    "model": "venues.venue",
    "pk": 7,
    "fields": {
        "name": "G04",
        "priority": 10,
        "tournament": 1
    }
},
{
    "model": "venues.venue",
    "pk": 8,
    "fields": {
        "name": "G05",
        "priority": 10,
        "tournament": 1
    }
},
{
    "model": "venues.venue",
    "pk": 9,
    "fields": {
        "name": "G06",
        "priority": 10,
        "tournament": 1
    }
},
{
    "model": "venues.venue",
    "pk": 10,
    "fields": {
        "name": "G08",
        "priority": 10,
        "tournament": 1
    }
},
{
    "model": "venues.venue",
    "pk": 11,
    "fields": {
        "name": "103",
        "priority": 20,
        "tournament": 1
    }
},
{
    "model": "venues.venue",
    "pk": 12,
    "fields": {
        "name": "104",
        "priority": 20,
        "tournament": 1
    }
},
{
    "model": "venues.venue",
    "pk": 13,
    "fields": {
        "name": "205",
        "priority": 20,
        "tournament": 1
    }
},
{
    "model": "venues.venue",
    "pk": 14,
    "fields": {
        "name": "308",
        "priority": 20,
        "tournament": 1
    }
},
{
    "model": "venues.venue",
    "pk": 15,
    "fields": {
        "name": "4.01",
        "priority": 30,
        "tournament": 1
    }
},
{
    "model": "venues.venue",
    "pk": 16,
    "fields": {
        "name": "4.03",
        "priority": 30,
        "tournament": 1
    }
},
{
    "model": "venues.venue",
    "pk": 17,
    "fields": {
        "name": "Basement A",
        "priority": 30,
        "tournament": 1
    }
},
{
    "model": "venues.venue",
    "pk": 18,
    "fields": {
        "name": "Basement B",
        "priority": 30,
        "tournament": 1
    }
},
{
    "model": "venues.venue",
    "pk": 19,
    "fields": {
        "name": "Z09",
        "priority": 40,
        "tournament": 1
    }
},
{
    "model": "venues.venue",
    "pk": 20,
    "fields": {
        "name": "Z10",
        "priority": 40,
        "tournament": 1
    }
},
{
    "model": "venues.venue",
    "pk": 21,
    "fields": {
        "name": "Main Hall",
        "priority": 10,
        "tournament": 1
    }
},
{
    "model": "venues.venue",
    "pk": 22,
    "fields": {
        "name": "Sub Hall",
        "priority": 20,
        "tournament": 1
    }
},
{
    "model": "venues.venue",
    "pk": 23,
    "fields": {
        "name": "Outside",
        "priority": 10,
        "tournament": 1
    }
},
{
    "model": "venues.venuecategory",
    "pk": 1,
    "fields": {
        "name": "(Accessible)",
        "description": "",
        "display_in_venue_name": "S",
        "display_in_public_tooltip": false,
        "venues": [
            21,
            22
        ]
    }
},
{
    "model": "venues.venuecategory",
    "pk": 2,
    "fields": {
        "name": "Close to tab",
        "description": "",
        "display_in_venue_name": "-",
        "display_in_public_tooltip": false,
        "venues": [
            19,
            20
        ]
    }
},
{
    "model": "venues.venuecategory",
    "pk": 3,
    "fields": {
        "name": "Apple",
        "description": "",
        "display_in_venue_name": "P",
        "display_in_public_tooltip": false,
        "venues": [
            1,
            2,
            3
        ]
    }
},
{
    "model": "venues.venuecategory",
    "pk": 4,
    "fields": {
        "name": "Banana",
        "description": "",
        "display_in_venue_name": "P",
        "display_in_public_tooltip": false,
        "venues": [
            4,
            5,
            6
        ]
    }
},
{
    "model": "venues.venuecategory",
    "pk": 5,
    "fields": {
        "name": "Coconut",
        "description": "",
        "display_in_venue_name": "P",
        "display_in_public_tooltip": false,
        "venues": [
            7,
            8,
            9,
            10
        ]
    }
},
{
    "model": "venues.venuecategory",
    "pk": 6,
    "fields": {
        "name": "Date",
        "description": "",
        "display_in_venue_name": "P",
        "display_in_public_tooltip": false,
        "venues": [
            11,
            12,
            13,
            14
        ]
    }
},
{
    "model": "venues.venuecategory",
    "pk": 7,
    "fields": {
        "name": "Feijoa",
        "description": "",
        "display_in_venue_name": "P",
        "display_in_public_tooltip": false,
        "venues": [
            15,
            16
        ]
    }
},
{
    "model": "venues.venuecategory",
    "pk": 8,
    "fields": {
        "name": "Very Small",
        "description": "",
        "display_in_venue_name": "-",
        "display_in_public_tooltip": false,
        "venues": []
    }
},
{
    "model": "venues.venuecategory",
    "pk": 9,
    "fields": {
        "name": "Kiwifruit",
        "description": "",
        "display_in_venue_name": "-",
        "display_in_public_tooltip": false,
        "venues": [
            17,
            18
        ]
    }
},
{
    "model": "venues.venueconstraint",
    "pk": 1,
    "fields": {
        "category": 2,
        "priority": 56,
        "subject_content_type": [
            "participants",
            "adjudicator"
        ],
        "subject_id": 74
    }
},
{
    "model": "venues.venueconstraint",
    "pk": 2,
    "fields": {
        "category": 2,
        "priority": 79,
        "subject_content_type": [
            "participants",
            "adjudicator"
        ],
        "subject_id": 84
    }
},
{
    "model": "venues.venueconstraint",
    "pk": 3,
    "fields": {
        "category": 1,
        "priority": 96,
        "subject_content_type": [
            "participants",
            "adjudicator"
        ],
        "subject_id": 91
    }
},
{
    "model": "venues.venueconstraint",
    "pk": 4,
    "fields": {
        "category": 1,
        "priority": 29,
        "subject_content_type": [
            "participants",
            "team"
        ],
        "subject_id": 14
    }
},
{
    "model": "venues.venueconstraint",
    "pk": 5,
    "fields": {
        "category": 1,
        "priority": 86,
        "subject_content_type": [
            "participants",
            "team"
        ],
        "subject_id": 17
    }
},
{
    "model": "auth.permission",
    "pk": 1,
    "fields": {
        "name": "Can add bookmark",
        "content_type": [
            "jet",
            "bookmark"
        ],
        "codename": "add_bookmark"
    }
},
{
    "model": "auth.permission",
    "pk": 2,
    "fields": {
        "name": "Can change bookmark",
        "content_type": [
            "jet",
            "bookmark"
        ],
        "codename": "change_bookmark"
    }
},
{
    "model": "auth.permission",
    "pk": 3,
    "fields": {
        "name": "Can delete bookmark",
        "content_type": [
            "jet",
            "bookmark"
        ],
        "codename": "delete_bookmark"
    }
},
{
    "model": "auth.permission",
    "pk": 4,
    "fields": {
        "name": "Can add pinned application",
        "content_type": [
            "jet",
            "pinnedapplication"
        ],
        "codename": "add_pinnedapplication"
    }
},
{
    "model": "auth.permission",
    "pk": 5,
    "fields": {
        "name": "Can change pinned application",
        "content_type": [
            "jet",
            "pinnedapplication"
        ],
        "codename": "change_pinnedapplication"
    }
},
{
    "model": "auth.permission",
    "pk": 6,
    "fields": {
        "name": "Can delete pinned application",
        "content_type": [
            "jet",
            "pinnedapplication"
        ],
        "codename": "delete_pinnedapplication"
    }
},
{
    "model": "auth.permission",
    "pk": 7,
    "fields": {
        "name": "Can add log entry",
        "content_type": [
            "admin",
            "logentry"
        ],
        "codename": "add_logentry"
    }
},
{
    "model": "auth.permission",
    "pk": 8,
    "fields": {
        "name": "Can change log entry",
        "content_type": [
            "admin",
            "logentry"
        ],
        "codename": "change_logentry"
    }
},
{
    "model": "auth.permission",
    "pk": 9,
    "fields": {
        "name": "Can delete log entry",
        "content_type": [
            "admin",
            "logentry"
        ],
        "codename": "delete_logentry"
    }
},
{
    "model": "auth.permission",
    "pk": 10,
    "fields": {
        "name": "Can add permission",
        "content_type": [
            "auth",
            "permission"
        ],
        "codename": "add_permission"
    }
},
{
    "model": "auth.permission",
    "pk": 11,
    "fields": {
        "name": "Can change permission",
        "content_type": [
            "auth",
            "permission"
        ],
        "codename": "change_permission"
    }
},
{
    "model": "auth.permission",
    "pk": 12,
    "fields": {
        "name": "Can delete permission",
        "content_type": [
            "auth",
            "permission"
        ],
        "codename": "delete_permission"
    }
},
{
    "model": "auth.permission",
    "pk": 13,
    "fields": {
        "name": "Can add group",
        "content_type": [
            "auth",
            "group"
        ],
        "codename": "add_group"
    }
},
{
    "model": "auth.permission",
    "pk": 14,
    "fields": {
        "name": "Can change group",
        "content_type": [
            "auth",
            "group"
        ],
        "codename": "change_group"
    }
},
{
    "model": "auth.permission",
    "pk": 15,
    "fields": {
        "name": "Can delete group",
        "content_type": [
            "auth",
            "group"
        ],
        "codename": "delete_group"
    }
},
{
    "model": "auth.permission",
    "pk": 16,
    "fields": {
        "name": "Can add user",
        "content_type": [
            "auth",
            "user"
        ],
        "codename": "add_user"
    }
},
{
    "model": "auth.permission",
    "pk": 17,
    "fields": {
        "name": "Can change user",
        "content_type": [
            "auth",
            "user"
        ],
        "codename": "change_user"
    }
},
{
    "model": "auth.permission",
    "pk": 18,
    "fields": {
        "name": "Can delete user",
        "content_type": [
            "auth",
            "user"
        ],
        "codename": "delete_user"
    }
},
{
    "model": "auth.permission",
    "pk": 19,
    "fields": {
        "name": "Can add content type",
        "content_type": [
            "contenttypes",
            "contenttype"
        ],
        "codename": "add_contenttype"
    }
},
{
    "model": "auth.permission",
    "pk": 20,
    "fields": {
        "name": "Can change content type",
        "content_type": [
            "contenttypes",
            "contenttype"
        ],
        "codename": "change_contenttype"
    }
},
{
    "model": "auth.permission",
    "pk": 21,
    "fields": {
        "name": "Can delete content type",
        "content_type": [
            "contenttypes",
            "contenttype"
        ],
        "codename": "delete_contenttype"
    }
},
{
    "model": "auth.permission",
    "pk": 22,
    "fields": {
        "name": "Can add session",
        "content_type": [
            "sessions",
            "session"
        ],
        "codename": "add_session"
    }
},
{
    "model": "auth.permission",
    "pk": 23,
    "fields": {
        "name": "Can change session",
        "content_type": [
            "sessions",
            "session"
        ],
        "codename": "change_session"
    }
},
{
    "model": "auth.permission",
    "pk": 24,
    "fields": {
        "name": "Can delete session",
        "content_type": [
            "sessions",
            "session"
        ],
        "codename": "delete_session"
    }
},
{
    "model": "auth.permission",
    "pk": 25,
    "fields": {
        "name": "Can add action log entry",
        "content_type": [
            "actionlog",
            "actionlogentry"
        ],
        "codename": "add_actionlogentry"
    }
},
{
    "model": "auth.permission",
    "pk": 26,
    "fields": {
        "name": "Can change action log entry",
        "content_type": [
            "actionlog",
            "actionlogentry"
        ],
        "codename": "change_actionlogentry"
    }
},
{
    "model": "auth.permission",
    "pk": 27,
    "fields": {
        "name": "Can delete action log entry",
        "content_type": [
            "actionlog",
            "actionlogentry"
        ],
        "codename": "delete_actionlogentry"
    }
},
{
    "model": "auth.permission",
    "pk": 28,
    "fields": {
        "name": "Can add debate adjudicator",
        "content_type": [
            "adjallocation",
            "debateadjudicator"
        ],
        "codename": "add_debateadjudicator"
    }
},
{
    "model": "auth.permission",
    "pk": 29,
    "fields": {
        "name": "Can change debate adjudicator",
        "content_type": [
            "adjallocation",
            "debateadjudicator"
        ],
        "codename": "change_debateadjudicator"
    }
},
{
    "model": "auth.permission",
    "pk": 30,
    "fields": {
        "name": "Can delete debate adjudicator",
        "content_type": [
            "adjallocation",
            "debateadjudicator"
        ],
        "codename": "delete_debateadjudicator"
    }
},
{
    "model": "auth.permission",
    "pk": 31,
    "fields": {
        "name": "Can add adjudicator-team conflict",
        "content_type": [
            "adjallocation",
            "adjudicatorconflict"
        ],
        "codename": "add_adjudicatorconflict"
    }
},
{
    "model": "auth.permission",
    "pk": 32,
    "fields": {
        "name": "Can change adjudicator-team conflict",
        "content_type": [
            "adjallocation",
            "adjudicatorconflict"
        ],
        "codename": "change_adjudicatorconflict"
    }
},
{
    "model": "auth.permission",
    "pk": 33,
    "fields": {
        "name": "Can delete adjudicator-team conflict",
        "content_type": [
            "adjallocation",
            "adjudicatorconflict"
        ],
        "codename": "delete_adjudicatorconflict"
    }
},
{
    "model": "auth.permission",
    "pk": 34,
    "fields": {
        "name": "Can add adjudicator-adjudicator conflict",
        "content_type": [
            "adjallocation",
            "adjudicatoradjudicatorconflict"
        ],
        "codename": "add_adjudicatoradjudicatorconflict"
    }
},
{
    "model": "auth.permission",
    "pk": 35,
    "fields": {
        "name": "Can change adjudicator-adjudicator conflict",
        "content_type": [
            "adjallocation",
            "adjudicatoradjudicatorconflict"
        ],
        "codename": "change_adjudicatoradjudicatorconflict"
    }
},
{
    "model": "auth.permission",
    "pk": 36,
    "fields": {
        "name": "Can delete adjudicator-adjudicator conflict",
        "content_type": [
            "adjallocation",
            "adjudicatoradjudicatorconflict"
        ],
        "codename": "delete_adjudicatoradjudicatorconflict"
    }
},
{
    "model": "auth.permission",
    "pk": 37,
    "fields": {
        "name": "Can add adjudicator-institution conflict",
        "content_type": [
            "adjallocation",
            "adjudicatorinstitutionconflict"
        ],
        "codename": "add_adjudicatorinstitutionconflict"
    }
},
{
    "model": "auth.permission",
    "pk": 38,
    "fields": {
        "name": "Can change adjudicator-institution conflict",
        "content_type": [
            "adjallocation",
            "adjudicatorinstitutionconflict"
        ],
        "codename": "change_adjudicatorinstitutionconflict"
    }
},
{
    "model": "auth.permission",
    "pk": 39,
    "fields": {
        "name": "Can delete adjudicator-institution conflict",
        "content_type": [
            "adjallocation",
            "adjudicatorinstitutionconflict"
        ],
        "codename": "delete_adjudicatorinstitutionconflict"
    }
},
{
    "model": "auth.permission",
    "pk": 40,
    "fields": {
        "name": "Can add adjudicator test score history",
        "content_type": [
            "adjfeedback",
            "adjudicatortestscorehistory"
        ],
        "codename": "add_adjudicatortestscorehistory"
    }
},
{
    "model": "auth.permission",
    "pk": 41,
    "fields": {
        "name": "Can change adjudicator test score history",
        "content_type": [
            "adjfeedback",
            "adjudicatortestscorehistory"
        ],
        "codename": "change_adjudicatortestscorehistory"
    }
},
{
    "model": "auth.permission",
    "pk": 42,
    "fields": {
        "name": "Can delete adjudicator test score history",
        "content_type": [
            "adjfeedback",
            "adjudicatortestscorehistory"
        ],
        "codename": "delete_adjudicatortestscorehistory"
    }
},
{
    "model": "auth.permission",
    "pk": 43,
    "fields": {
        "name": "Can add adjudicator feedback boolean answer",
        "content_type": [
            "adjfeedback",
            "adjudicatorfeedbackbooleananswer"
        ],
        "codename": "add_adjudicatorfeedbackbooleananswer"
    }
},
{
    "model": "auth.permission",
    "pk": 44,
    "fields": {
        "name": "Can change adjudicator feedback boolean answer",
        "content_type": [
            "adjfeedback",
            "adjudicatorfeedbackbooleananswer"
        ],
        "codename": "change_adjudicatorfeedbackbooleananswer"
    }
},
{
    "model": "auth.permission",
    "pk": 45,
    "fields": {
        "name": "Can delete adjudicator feedback boolean answer",
        "content_type": [
            "adjfeedback",
            "adjudicatorfeedbackbooleananswer"
        ],
        "codename": "delete_adjudicatorfeedbackbooleananswer"
    }
},
{
    "model": "auth.permission",
    "pk": 46,
    "fields": {
        "name": "Can add adjudicator feedback integer answer",
        "content_type": [
            "adjfeedback",
            "adjudicatorfeedbackintegeranswer"
        ],
        "codename": "add_adjudicatorfeedbackintegeranswer"
    }
},
{
    "model": "auth.permission",
    "pk": 47,
    "fields": {
        "name": "Can change adjudicator feedback integer answer",
        "content_type": [
            "adjfeedback",
            "adjudicatorfeedbackintegeranswer"
        ],
        "codename": "change_adjudicatorfeedbackintegeranswer"
    }
},
{
    "model": "auth.permission",
    "pk": 48,
    "fields": {
        "name": "Can delete adjudicator feedback integer answer",
        "content_type": [
            "adjfeedback",
            "adjudicatorfeedbackintegeranswer"
        ],
        "codename": "delete_adjudicatorfeedbackintegeranswer"
    }
},
{
    "model": "auth.permission",
    "pk": 49,
    "fields": {
        "name": "Can add adjudicator feedback float answer",
        "content_type": [
            "adjfeedback",
            "adjudicatorfeedbackfloatanswer"
        ],
        "codename": "add_adjudicatorfeedbackfloatanswer"
    }
},
{
    "model": "auth.permission",
    "pk": 50,
    "fields": {
        "name": "Can change adjudicator feedback float answer",
        "content_type": [
            "adjfeedback",
            "adjudicatorfeedbackfloatanswer"
        ],
        "codename": "change_adjudicatorfeedbackfloatanswer"
    }
},
{
    "model": "auth.permission",
    "pk": 51,
    "fields": {
        "name": "Can delete adjudicator feedback float answer",
        "content_type": [
            "adjfeedback",
            "adjudicatorfeedbackfloatanswer"
        ],
        "codename": "delete_adjudicatorfeedbackfloatanswer"
    }
},
{
    "model": "auth.permission",
    "pk": 52,
    "fields": {
        "name": "Can add adjudicator feedback string answer",
        "content_type": [
            "adjfeedback",
            "adjudicatorfeedbackstringanswer"
        ],
        "codename": "add_adjudicatorfeedbackstringanswer"
    }
},
{
    "model": "auth.permission",
    "pk": 53,
    "fields": {
        "name": "Can change adjudicator feedback string answer",
        "content_type": [
            "adjfeedback",
            "adjudicatorfeedbackstringanswer"
        ],
        "codename": "change_adjudicatorfeedbackstringanswer"
    }
},
{
    "model": "auth.permission",
    "pk": 54,
    "fields": {
        "name": "Can delete adjudicator feedback string answer",
        "content_type": [
            "adjfeedback",
            "adjudicatorfeedbackstringanswer"
        ],
        "codename": "delete_adjudicatorfeedbackstringanswer"
    }
},
{
    "model": "auth.permission",
    "pk": 55,
    "fields": {
        "name": "Can add adjudicator feedback question",
        "content_type": [
            "adjfeedback",
            "adjudicatorfeedbackquestion"
        ],
        "codename": "add_adjudicatorfeedbackquestion"
    }
},
{
    "model": "auth.permission",
    "pk": 56,
    "fields": {
        "name": "Can change adjudicator feedback question",
        "content_type": [
            "adjfeedback",
            "adjudicatorfeedbackquestion"
        ],
        "codename": "change_adjudicatorfeedbackquestion"
    }
},
{
    "model": "auth.permission",
    "pk": 57,
    "fields": {
        "name": "Can delete adjudicator feedback question",
        "content_type": [
            "adjfeedback",
            "adjudicatorfeedbackquestion"
        ],
        "codename": "delete_adjudicatorfeedbackquestion"
    }
},
{
    "model": "auth.permission",
    "pk": 58,
    "fields": {
        "name": "Can add adjudicator feedback",
        "content_type": [
            "adjfeedback",
            "adjudicatorfeedback"
        ],
        "codename": "add_adjudicatorfeedback"
    }
},
{
    "model": "auth.permission",
    "pk": 59,
    "fields": {
        "name": "Can change adjudicator feedback",
        "content_type": [
            "adjfeedback",
            "adjudicatorfeedback"
        ],
        "codename": "change_adjudicatorfeedback"
    }
},
{
    "model": "auth.permission",
    "pk": 60,
    "fields": {
        "name": "Can delete adjudicator feedback",
        "content_type": [
            "adjfeedback",
            "adjudicatorfeedback"
        ],
        "codename": "delete_adjudicatorfeedback"
    }
},
{
    "model": "auth.permission",
    "pk": 61,
    "fields": {
        "name": "Can add round availability",
        "content_type": [
            "availability",
            "roundavailability"
        ],
        "codename": "add_roundavailability"
    }
},
{
    "model": "auth.permission",
    "pk": 62,
    "fields": {
        "name": "Can change round availability",
        "content_type": [
            "availability",
            "roundavailability"
        ],
        "codename": "change_roundavailability"
    }
},
{
    "model": "auth.permission",
    "pk": 63,
    "fields": {
        "name": "Can delete round availability",
        "content_type": [
            "availability",
            "roundavailability"
        ],
        "codename": "delete_roundavailability"
    }
},
{
    "model": "auth.permission",
    "pk": 64,
    "fields": {
        "name": "Can add break category",
        "content_type": [
            "breakqual",
            "breakcategory"
        ],
        "codename": "add_breakcategory"
    }
},
{
    "model": "auth.permission",
    "pk": 65,
    "fields": {
        "name": "Can change break category",
        "content_type": [
            "breakqual",
            "breakcategory"
        ],
        "codename": "change_breakcategory"
    }
},
{
    "model": "auth.permission",
    "pk": 66,
    "fields": {
        "name": "Can delete break category",
        "content_type": [
            "breakqual",
            "breakcategory"
        ],
        "codename": "delete_breakcategory"
    }
},
{
    "model": "auth.permission",
    "pk": 67,
    "fields": {
        "name": "Can add breaking team",
        "content_type": [
            "breakqual",
            "breakingteam"
        ],
        "codename": "add_breakingteam"
    }
},
{
    "model": "auth.permission",
    "pk": 68,
    "fields": {
        "name": "Can change breaking team",
        "content_type": [
            "breakqual",
            "breakingteam"
        ],
        "codename": "change_breakingteam"
    }
},
{
    "model": "auth.permission",
    "pk": 69,
    "fields": {
        "name": "Can delete breaking team",
        "content_type": [
            "breakqual",
            "breakingteam"
        ],
        "codename": "delete_breakingteam"
    }
},
{
    "model": "auth.permission",
    "pk": 70,
    "fields": {
        "name": "Can add division",
        "content_type": [
            "divisions",
            "division"
        ],
        "codename": "add_division"
    }
},
{
    "model": "auth.permission",
    "pk": 71,
    "fields": {
        "name": "Can change division",
        "content_type": [
            "divisions",
            "division"
        ],
        "codename": "change_division"
    }
},
{
    "model": "auth.permission",
    "pk": 72,
    "fields": {
        "name": "Can delete division",
        "content_type": [
            "divisions",
            "division"
        ],
        "codename": "delete_division"
    }
},
{
    "model": "auth.permission",
    "pk": 73,
    "fields": {
        "name": "Can add debate",
        "content_type": [
            "draw",
            "debate"
        ],
        "codename": "add_debate"
    }
},
{
    "model": "auth.permission",
    "pk": 74,
    "fields": {
        "name": "Can change debate",
        "content_type": [
            "draw",
            "debate"
        ],
        "codename": "change_debate"
    }
},
{
    "model": "auth.permission",
    "pk": 75,
    "fields": {
        "name": "Can delete debate",
        "content_type": [
            "draw",
            "debate"
        ],
        "codename": "delete_debate"
    }
},
{
    "model": "auth.permission",
    "pk": 76,
    "fields": {
        "name": "Can add debate team",
        "content_type": [
            "draw",
            "debateteam"
        ],
        "codename": "add_debateteam"
    }
},
{
    "model": "auth.permission",
    "pk": 77,
    "fields": {
        "name": "Can change debate team",
        "content_type": [
            "draw",
            "debateteam"
        ],
        "codename": "change_debateteam"
    }
},
{
    "model": "auth.permission",
    "pk": 78,
    "fields": {
        "name": "Can delete debate team",
        "content_type": [
            "draw",
            "debateteam"
        ],
        "codename": "delete_debateteam"
    }
},
{
    "model": "auth.permission",
    "pk": 79,
    "fields": {
        "name": "Can add team side allocation",
        "content_type": [
            "draw",
            "teamsideallocation"
        ],
        "codename": "add_teamsideallocation"
    }
},
{
    "model": "auth.permission",
    "pk": 80,
    "fields": {
        "name": "Can change team side allocation",
        "content_type": [
            "draw",
            "teamsideallocation"
        ],
        "codename": "change_teamsideallocation"
    }
},
{
    "model": "auth.permission",
    "pk": 81,
    "fields": {
        "name": "Can delete team side allocation",
        "content_type": [
            "draw",
            "teamsideallocation"
        ],
        "codename": "delete_teamsideallocation"
    }
},
{
    "model": "auth.permission",
    "pk": 82,
    "fields": {
        "name": "Can add motion",
        "content_type": [
            "motions",
            "motion"
        ],
        "codename": "add_motion"
    }
},
{
    "model": "auth.permission",
    "pk": 83,
    "fields": {
        "name": "Can change motion",
        "content_type": [
            "motions",
            "motion"
        ],
        "codename": "change_motion"
    }
},
{
    "model": "auth.permission",
    "pk": 84,
    "fields": {
        "name": "Can delete motion",
        "content_type": [
            "motions",
            "motion"
        ],
        "codename": "delete_motion"
    }
},
{
    "model": "auth.permission",
    "pk": 85,
    "fields": {
        "name": "Can add debate team motion preference",
        "content_type": [
            "motions",
            "debateteammotionpreference"
        ],
        "codename": "add_debateteammotionpreference"
    }
},
{
    "model": "auth.permission",
    "pk": 86,
    "fields": {
        "name": "Can change debate team motion preference",
        "content_type": [
            "motions",
            "debateteammotionpreference"
        ],
        "codename": "change_debateteammotionpreference"
    }
},
{
    "model": "auth.permission",
    "pk": 87,
    "fields": {
        "name": "Can delete debate team motion preference",
        "content_type": [
            "motions",
            "debateteammotionpreference"
        ],
        "codename": "delete_debateteammotionpreference"
    }
},
{
    "model": "auth.permission",
    "pk": 88,
    "fields": {
        "name": "Can add tournament preference",
        "content_type": [
            "options",
            "tournamentpreferencemodel"
        ],
        "codename": "add_tournamentpreferencemodel"
    }
},
{
    "model": "auth.permission",
    "pk": 89,
    "fields": {
        "name": "Can change tournament preference",
        "content_type": [
            "options",
            "tournamentpreferencemodel"
        ],
        "codename": "change_tournamentpreferencemodel"
    }
},
{
    "model": "auth.permission",
    "pk": 90,
    "fields": {
        "name": "Can delete tournament preference",
        "content_type": [
            "options",
            "tournamentpreferencemodel"
        ],
        "codename": "delete_tournamentpreferencemodel"
    }
},
{
    "model": "auth.permission",
    "pk": 91,
    "fields": {
        "name": "Can add region",
        "content_type": [
            "participants",
            "region"
        ],
        "codename": "add_region"
    }
},
{
    "model": "auth.permission",
    "pk": 92,
    "fields": {
        "name": "Can change region",
        "content_type": [
            "participants",
            "region"
        ],
        "codename": "change_region"
    }
},
{
    "model": "auth.permission",
    "pk": 93,
    "fields": {
        "name": "Can delete region",
        "content_type": [
            "participants",
            "region"
        ],
        "codename": "delete_region"
    }
},
{
    "model": "auth.permission",
    "pk": 94,
    "fields": {
        "name": "Can add institution",
        "content_type": [
            "participants",
            "institution"
        ],
        "codename": "add_institution"
    }
},
{
    "model": "auth.permission",
    "pk": 95,
    "fields": {
        "name": "Can change institution",
        "content_type": [
            "participants",
            "institution"
        ],
        "codename": "change_institution"
    }
},
{
    "model": "auth.permission",
    "pk": 96,
    "fields": {
        "name": "Can delete institution",
        "content_type": [
            "participants",
            "institution"
        ],
        "codename": "delete_institution"
    }
},
{
    "model": "auth.permission",
    "pk": 97,
    "fields": {
        "name": "Can add person",
        "content_type": [
            "participants",
            "person"
        ],
        "codename": "add_person"
    }
},
{
    "model": "auth.permission",
    "pk": 98,
    "fields": {
        "name": "Can change person",
        "content_type": [
            "participants",
            "person"
        ],
        "codename": "change_person"
    }
},
{
    "model": "auth.permission",
    "pk": 99,
    "fields": {
        "name": "Can delete person",
        "content_type": [
            "participants",
            "person"
        ],
        "codename": "delete_person"
    }
},
{
    "model": "auth.permission",
    "pk": 100,
    "fields": {
        "name": "Can add team",
        "content_type": [
            "participants",
            "team"
        ],
        "codename": "add_team"
    }
},
{
    "model": "auth.permission",
    "pk": 101,
    "fields": {
        "name": "Can change team",
        "content_type": [
            "participants",
            "team"
        ],
        "codename": "change_team"
    }
},
{
    "model": "auth.permission",
    "pk": 102,
    "fields": {
        "name": "Can delete team",
        "content_type": [
            "participants",
            "team"
        ],
        "codename": "delete_team"
    }
},
{
    "model": "auth.permission",
    "pk": 103,
    "fields": {
        "name": "Can add speaker",
        "content_type": [
            "participants",
            "speaker"
        ],
        "codename": "add_speaker"
    }
},
{
    "model": "auth.permission",
    "pk": 104,
    "fields": {
        "name": "Can change speaker",
        "content_type": [
            "participants",
            "speaker"
        ],
        "codename": "change_speaker"
    }
},
{
    "model": "auth.permission",
    "pk": 105,
    "fields": {
        "name": "Can delete speaker",
        "content_type": [
            "participants",
            "speaker"
        ],
        "codename": "delete_speaker"
    }
},
{
    "model": "auth.permission",
    "pk": 106,
    "fields": {
        "name": "Can add adjudicator",
        "content_type": [
            "participants",
            "adjudicator"
        ],
        "codename": "add_adjudicator"
    }
},
{
    "model": "auth.permission",
    "pk": 107,
    "fields": {
        "name": "Can change adjudicator",
        "content_type": [
            "participants",
            "adjudicator"
        ],
        "codename": "change_adjudicator"
    }
},
{
    "model": "auth.permission",
    "pk": 108,
    "fields": {
        "name": "Can delete adjudicator",
        "content_type": [
            "participants",
            "adjudicator"
        ],
        "codename": "delete_adjudicator"
    }
},
{
    "model": "auth.permission",
    "pk": 109,
    "fields": {
        "name": "Can add ballot submission",
        "content_type": [
            "results",
            "ballotsubmission"
        ],
        "codename": "add_ballotsubmission"
    }
},
{
    "model": "auth.permission",
    "pk": 110,
    "fields": {
        "name": "Can change ballot submission",
        "content_type": [
            "results",
            "ballotsubmission"
        ],
        "codename": "change_ballotsubmission"
    }
},
{
    "model": "auth.permission",
    "pk": 111,
    "fields": {
        "name": "Can delete ballot submission",
        "content_type": [
            "results",
            "ballotsubmission"
        ],
        "codename": "delete_ballotsubmission"
    }
},
{
    "model": "auth.permission",
    "pk": 112,
    "fields": {
        "name": "Can add speaker score by adjudicator",
        "content_type": [
            "results",
            "speakerscorebyadj"
        ],
        "codename": "add_speakerscorebyadj"
    }
},
{
    "model": "auth.permission",
    "pk": 113,
    "fields": {
        "name": "Can change speaker score by adjudicator",
        "content_type": [
            "results",
            "speakerscorebyadj"
        ],
        "codename": "change_speakerscorebyadj"
    }
},
{
    "model": "auth.permission",
    "pk": 114,
    "fields": {
        "name": "Can delete speaker score by adjudicator",
        "content_type": [
            "results",
            "speakerscorebyadj"
        ],
        "codename": "delete_speakerscorebyadj"
    }
},
{
    "model": "auth.permission",
    "pk": 115,
    "fields": {
        "name": "Can add team score",
        "content_type": [
            "results",
            "teamscore"
        ],
        "codename": "add_teamscore"
    }
},
{
    "model": "auth.permission",
    "pk": 116,
    "fields": {
        "name": "Can change team score",
        "content_type": [
            "results",
            "teamscore"
        ],
        "codename": "change_teamscore"
    }
},
{
    "model": "auth.permission",
    "pk": 117,
    "fields": {
        "name": "Can delete team score",
        "content_type": [
            "results",
            "teamscore"
        ],
        "codename": "delete_teamscore"
    }
},
{
    "model": "auth.permission",
    "pk": 118,
    "fields": {
        "name": "Can add speaker score",
        "content_type": [
            "results",
            "speakerscore"
        ],
        "codename": "add_speakerscore"
    }
},
{
    "model": "auth.permission",
    "pk": 119,
    "fields": {
        "name": "Can change speaker score",
        "content_type": [
            "results",
            "speakerscore"
        ],
        "codename": "change_speakerscore"
    }
},
{
    "model": "auth.permission",
    "pk": 120,
    "fields": {
        "name": "Can delete speaker score",
        "content_type": [
            "results",
            "speakerscore"
        ],
        "codename": "delete_speakerscore"
    }
},
{
    "model": "auth.permission",
    "pk": 121,
    "fields": {
        "name": "Can add tournament",
        "content_type": [
            "tournaments",
            "tournament"
        ],
        "codename": "add_tournament"
    }
},
{
    "model": "auth.permission",
    "pk": 122,
    "fields": {
        "name": "Can change tournament",
        "content_type": [
            "tournaments",
            "tournament"
        ],
        "codename": "change_tournament"
    }
},
{
    "model": "auth.permission",
    "pk": 123,
    "fields": {
        "name": "Can delete tournament",
        "content_type": [
            "tournaments",
            "tournament"
        ],
        "codename": "delete_tournament"
    }
},
{
    "model": "auth.permission",
    "pk": 124,
    "fields": {
        "name": "Can add round",
        "content_type": [
            "tournaments",
            "round"
        ],
        "codename": "add_round"
    }
},
{
    "model": "auth.permission",
    "pk": 125,
    "fields": {
        "name": "Can change round",
        "content_type": [
            "tournaments",
            "round"
        ],
        "codename": "change_round"
    }
},
{
    "model": "auth.permission",
    "pk": 126,
    "fields": {
        "name": "Can delete round",
        "content_type": [
            "tournaments",
            "round"
        ],
        "codename": "delete_round"
    }
},
{
    "model": "auth.permission",
    "pk": 127,
    "fields": {
        "name": "Can add venue",
        "content_type": [
            "venues",
            "venue"
        ],
        "codename": "add_venue"
    }
},
{
    "model": "auth.permission",
    "pk": 128,
    "fields": {
        "name": "Can change venue",
        "content_type": [
            "venues",
            "venue"
        ],
        "codename": "change_venue"
    }
},
{
    "model": "auth.permission",
    "pk": 129,
    "fields": {
        "name": "Can delete venue",
        "content_type": [
            "venues",
            "venue"
        ],
        "codename": "delete_venue"
    }
},
{
    "model": "auth.permission",
    "pk": 130,
    "fields": {
        "name": "Can add venue category",
        "content_type": [
            "venues",
            "venuecategory"
        ],
        "codename": "add_venuecategory"
    }
},
{
    "model": "auth.permission",
    "pk": 131,
    "fields": {
        "name": "Can change venue category",
        "content_type": [
            "venues",
            "venuecategory"
        ],
        "codename": "change_venuecategory"
    }
},
{
    "model": "auth.permission",
    "pk": 132,
    "fields": {
        "name": "Can delete venue category",
        "content_type": [
            "venues",
            "venuecategory"
        ],
        "codename": "delete_venuecategory"
    }
},
{
    "model": "auth.permission",
    "pk": 133,
    "fields": {
        "name": "Can add venue constraint",
        "content_type": [
            "venues",
            "venueconstraint"
        ],
        "codename": "add_venueconstraint"
    }
},
{
    "model": "auth.permission",
    "pk": 134,
    "fields": {
        "name": "Can change venue constraint",
        "content_type": [
            "venues",
            "venueconstraint"
        ],
        "codename": "change_venueconstraint"
    }
},
{
    "model": "auth.permission",
    "pk": 135,
    "fields": {
        "name": "Can delete venue constraint",
        "content_type": [
            "venues",
            "venueconstraint"
        ],
        "codename": "delete_venueconstraint"
    }
},
{
    "model": "auth.permission",
    "pk": 136,
    "fields": {
        "name": "Can add global preference",
        "content_type": [
            "dynamic_preferences",
            "globalpreferencemodel"
        ],
        "codename": "add_globalpreferencemodel"
    }
},
{
    "model": "auth.permission",
    "pk": 137,
    "fields": {
        "name": "Can change global preference",
        "content_type": [
            "dynamic_preferences",
            "globalpreferencemodel"
        ],
        "codename": "change_globalpreferencemodel"
    }
},
{
    "model": "auth.permission",
    "pk": 138,
    "fields": {
        "name": "Can delete global preference",
        "content_type": [
            "dynamic_preferences",
            "globalpreferencemodel"
        ],
        "codename": "delete_globalpreferencemodel"
    }
},
{
    "model": "auth.permission",
    "pk": 139,
    "fields": {
        "name": "Can add user preference",
        "content_type": [
            "dynamic_preferences_users",
            "userpreferencemodel"
        ],
        "codename": "add_userpreferencemodel"
    }
},
{
    "model": "auth.permission",
    "pk": 140,
    "fields": {
        "name": "Can change user preference",
        "content_type": [
            "dynamic_preferences_users",
            "userpreferencemodel"
        ],
        "codename": "change_userpreferencemodel"
    }
},
{
    "model": "auth.permission",
    "pk": 141,
    "fields": {
        "name": "Can delete user preference",
        "content_type": [
            "dynamic_preferences_users",
            "userpreferencemodel"
        ],
        "codename": "delete_userpreferencemodel"
    }
},
{
    "model": "auth.user",
    "pk": 1,
    "fields": {
        "password": "pbkdf2_sha256$36000$f00yaa5Z3Eza$AnqRaKZ+KAob8JBZdEiSGR4VaxTKP58Z+LwiPbCtww4=",
        "last_login": "2017-09-08T09:52:47.027",
        "is_superuser": true,
        "username": "test",
        "first_name": "",
        "last_name": "",
        "email": "",
        "is_staff": true,
        "is_active": true,
        "date_joined": "2017-09-08T09:51:42.635",
        "groups": [],
        "user_permissions": []
    }
},
{
    "model": "auth.user",
    "pk": 2,
    "fields": {
        "password": "pbkdf2_sha256$36000$lYl0JONrOTsr$jYdXUD/JN+cDxqBvAPLHqSY4Lqa5j0sCC5ZYjYq8Qmw=",
        "last_login": null,
        "is_superuser": false,
        "username": "random",
        "first_name": "",
        "last_name": "",
        "email": "",
        "is_staff": false,
        "is_active": true,
        "date_joined": "2017-09-08T09:52:25.640",
        "groups": [],
        "user_permissions": []
    }
},
{
    "model": "actionlog.actionlogentry",
    "pk": 1,
    "fields": {
        "type": "rd.adva",
        "timestamp": "2017-09-08T09:52:52.407",
        "user": [
            "test"
        ],
        "ip_address": "0.0.0.0",
        "tournament": 1,
        "round": 2,
        "content_type": [
            "tournaments",
            "round"
        ],
        "object_id": 2
    }
},
{
    "model": "results.ballotsubmission",
    "pk": 1,
    "fields": {
        "timestamp": "2017-09-08T09:52:25.692",
        "version": 1,
        "submitter_type": "T",
        "confirmed": true,
        "submitter": [
            "random"
        ],
        "confirmer": null,
        "confirm_timestamp": null,
        "ip_address": null,
        "debate": 1,
        "motion": 3,
        "copied_from": null,
        "discarded": false,
        "forfeit": null
    }
},
{
    "model": "results.ballotsubmission",
    "pk": 2,
    "fields": {
        "timestamp": "2017-09-08T09:52:25.898",
        "version": 1,
        "submitter_type": "T",
        "confirmed": true,
        "submitter": [
            "random"
        ],
        "confirmer": null,
        "confirm_timestamp": null,
        "ip_address": null,
        "debate": 2,
        "motion": 1,
        "copied_from": null,
        "discarded": false,
        "forfeit": null
    }
},
{
    "model": "results.ballotsubmission",
    "pk": 3,
    "fields": {
        "timestamp": "2017-09-08T09:52:26.042",
        "version": 1,
        "submitter_type": "T",
        "confirmed": true,
        "submitter": [
            "random"
        ],
        "confirmer": null,
        "confirm_timestamp": null,
        "ip_address": null,
        "debate": 3,
        "motion": 2,
        "copied_from": null,
        "discarded": false,
        "forfeit": null
    }
},
{
    "model": "results.ballotsubmission",
    "pk": 4,
    "fields": {
        "timestamp": "2017-09-08T09:52:26.188",
        "version": 1,
        "submitter_type": "T",
        "confirmed": true,
        "submitter": [
            "random"
        ],
        "confirmer": null,
        "confirm_timestamp": null,
        "ip_address": null,
        "debate": 4,
        "motion": 1,
        "copied_from": null,
        "discarded": false,
        "forfeit": null
    }
},
{
    "model": "results.ballotsubmission",
    "pk": 5,
    "fields": {
        "timestamp": "2017-09-08T09:52:26.356",
        "version": 1,
        "submitter_type": "T",
        "confirmed": true,
        "submitter": [
            "random"
        ],
        "confirmer": null,
        "confirm_timestamp": null,
        "ip_address": null,
        "debate": 5,
        "motion": 3,
        "copied_from": null,
        "discarded": false,
        "forfeit": null
    }
},
{
    "model": "results.ballotsubmission",
    "pk": 6,
    "fields": {
        "timestamp": "2017-09-08T09:52:26.529",
        "version": 1,
        "submitter_type": "T",
        "confirmed": true,
        "submitter": [
            "random"
        ],
        "confirmer": null,
        "confirm_timestamp": null,
        "ip_address": null,
        "debate": 6,
        "motion": 2,
        "copied_from": null,
        "discarded": false,
        "forfeit": null
    }
},
{
    "model": "results.ballotsubmission",
    "pk": 7,
    "fields": {
        "timestamp": "2017-09-08T09:52:26.681",
        "version": 1,
        "submitter_type": "T",
        "confirmed": true,
        "submitter": [
            "random"
        ],
        "confirmer": null,
        "confirm_timestamp": null,
        "ip_address": null,
        "debate": 7,
        "motion": 3,
        "copied_from": null,
        "discarded": false,
        "forfeit": null
    }
},
{
    "model": "results.ballotsubmission",
    "pk": 8,
    "fields": {
        "timestamp": "2017-09-08T09:52:26.826",
        "version": 1,
        "submitter_type": "T",
        "confirmed": true,
        "submitter": [
            "random"
        ],
        "confirmer": null,
        "confirm_timestamp": null,
        "ip_address": null,
        "debate": 8,
        "motion": 1,
        "copied_from": null,
        "discarded": false,
        "forfeit": null
    }
},
{
    "model": "results.ballotsubmission",
    "pk": 9,
    "fields": {
        "timestamp": "2017-09-08T09:52:26.970",
        "version": 1,
        "submitter_type": "T",
        "confirmed": true,
        "submitter": [
            "random"
        ],
        "confirmer": null,
        "confirm_timestamp": null,
        "ip_address": null,
        "debate": 9,
        "motion": 2,
        "copied_from": null,
        "discarded": false,
        "forfeit": null
    }
},
{
    "model": "results.ballotsubmission",
    "pk": 10,
    "fields": {
        "timestamp": "2017-09-08T09:52:27.120",
        "version": 1,
        "submitter_type": "T",
        "confirmed": true,
        "submitter": [
            "random"
        ],
        "confirmer": null,
        "confirm_timestamp": null,
        "ip_address": null,
        "debate": 10,
        "motion": 1,
        "copied_from": null,
        "discarded": false,
        "forfeit": null
    }
},
{
    "model": "results.ballotsubmission",
    "pk": 11,
    "fields": {
        "timestamp": "2017-09-08T09:52:27.337",
        "version": 1,
        "submitter_type": "T",
        "confirmed": true,
        "submitter": [
            "random"
        ],
        "confirmer": null,
        "confirm_timestamp": null,
        "ip_address": null,
        "debate": 11,
        "motion": 1,
        "copied_from": null,
        "discarded": false,
        "forfeit": null
    }
},
{
    "model": "results.ballotsubmission",
    "pk": 12,
    "fields": {
        "timestamp": "2017-09-08T09:52:27.568",
        "version": 1,
        "submitter_type": "T",
        "confirmed": true,
        "submitter": [
            "random"
        ],
        "confirmer": null,
        "confirm_timestamp": null,
        "ip_address": null,
        "debate": 12,
        "motion": 2,
        "copied_from": null,
        "discarded": false,
        "forfeit": null
    }
}
]
