[
{
    "model": "auth.user",
    "fields": {
        "password": "pbkdf2_sha256$36000$qmC2Cn9aIXt7$mEQwGXDmVNxcYqQFInOSI7JYFlQhv9fNVbF1+Tuz0Js=",
        "last_login": "2017-07-13T05:33:21Z",
        "is_superuser": true,
        "username": "admin",
        "first_name": "",
        "last_name": "",
        "email": "",
        "is_staff": true,
        "is_active": true,
        "date_joined": "2016-04-14T03:17:48Z",
        "groups": [],
        "user_permissions": []
    }
},
{
    "model": "adjallocation.debateadjudicator",
    "pk": 1,
    "fields": {
        "debate": 12,
        "adjudicator": 77,
        "type": "C",
        "timing_confirmed": null
    }
},
{
    "model": "adjallocation.debateadjudicator",
    "pk": 2,
    "fields": {
        "debate": 11,
        "adjudicator": 79,
        "type": "C",
        "timing_confirmed": null
    }
},
{
    "model": "adjallocation.debateadjudicator",
    "pk": 3,
    "fields": {
        "debate": 10,
        "adjudicator": 75,
        "type": "C",
        "timing_confirmed": null
    }
},
{
    "model": "adjallocation.debateadjudicator",
    "pk": 4,
    "fields": {
        "debate": 9,
        "adjudicator": 82,
        "type": "C",
        "timing_confirmed": null
    }
},
{
    "model": "adjallocation.debateadjudicator",
    "pk": 5,
    "fields": {
        "debate": 8,
        "adjudicator": 88,
        "type": "C",
        "timing_confirmed": null
    }
},
{
    "model": "adjallocation.debateadjudicator",
    "pk": 6,
    "fields": {
        "debate": 7,
        "adjudicator": 74,
        "type": "C",
        "timing_confirmed": null
    }
},
{
    "model": "adjallocation.debateadjudicator",
    "pk": 7,
    "fields": {
        "debate": 6,
        "adjudicator": 99,
        "type": "C",
        "timing_confirmed": null
    }
},
{
    "model": "adjallocation.debateadjudicator",
    "pk": 8,
    "fields": {
        "debate": 5,
        "adjudicator": 93,
        "type": "C",
        "timing_confirmed": null
    }
},
{
    "model": "adjallocation.debateadjudicator",
    "pk": 9,
    "fields": {
        "debate": 5,
        "adjudicator": 83,
        "type": "P",
        "timing_confirmed": null
    }
},
{
    "model": "adjallocation.debateadjudicator",
    "pk": 10,
    "fields": {
        "debate": 5,
        "adjudicator": 96,
        "type": "P",
        "timing_confirmed": null
    }
},
{
    "model": "adjallocation.debateadjudicator",
    "pk": 11,
    "fields": {
        "debate": 4,
        "adjudicator": 95,
        "type": "C",
        "timing_confirmed": null
    }
},
{
    "model": "adjallocation.debateadjudicator",
    "pk": 12,
    "fields": {
        "debate": 4,
        "adjudicator": 87,
        "type": "P",
        "timing_confirmed": null
    }
},
{
    "model": "adjallocation.debateadjudicator",
    "pk": 13,
    "fields": {
        "debate": 4,
        "adjudicator": 94,
        "type": "P",
        "timing_confirmed": null
    }
},
{
    "model": "adjallocation.debateadjudicator",
    "pk": 14,
    "fields": {
        "debate": 3,
        "adjudicator": 73,
        "type": "C",
        "timing_confirmed": null
    }
},
{
    "model": "adjallocation.debateadjudicator",
    "pk": 15,
    "fields": {
        "debate": 3,
        "adjudicator": 80,
        "type": "P",
        "timing_confirmed": null
    }
},
{
    "model": "adjallocation.debateadjudicator",
    "pk": 16,
    "fields": {
        "debate": 3,
        "adjudicator": 78,
        "type": "P",
        "timing_confirmed": null
    }
},
{
    "model": "adjallocation.debateadjudicator",
    "pk": 17,
    "fields": {
        "debate": 2,
        "adjudicator": 81,
        "type": "C",
        "timing_confirmed": null
    }
},
{
    "model": "adjallocation.debateadjudicator",
    "pk": 18,
    "fields": {
        "debate": 2,
        "adjudicator": 97,
        "type": "P",
        "timing_confirmed": null
    }
},
{
    "model": "adjallocation.debateadjudicator",
    "pk": 19,
    "fields": {
        "debate": 2,
        "adjudicator": 90,
        "type": "P",
        "timing_confirmed": null
    }
},
{
    "model": "adjallocation.debateadjudicator",
    "pk": 20,
    "fields": {
        "debate": 1,
        "adjudicator": 98,
        "type": "C",
        "timing_confirmed": null
    }
},
{
    "model": "adjallocation.debateadjudicator",
    "pk": 21,
    "fields": {
        "debate": 1,
        "adjudicator": 89,
        "type": "P",
        "timing_confirmed": null
    }
},
{
    "model": "adjallocation.debateadjudicator",
    "pk": 22,
    "fields": {
        "debate": 1,
        "adjudicator": 92,
        "type": "P",
        "timing_confirmed": null
    }
},
{
    "model": "adjallocation.debateadjudicator",
    "pk": 23,
    "fields": {
        "debate": 19,
        "adjudicator": 74,
        "type": "C",
        "timing_confirmed": null
    }
},
{
    "model": "adjallocation.debateadjudicator",
    "pk": 24,
    "fields": {
        "debate": 23,
        "adjudicator": 75,
        "type": "C",
        "timing_confirmed": null
    }
},
{
    "model": "adjallocation.debateadjudicator",
    "pk": 25,
    "fields": {
        "debate": 13,
        "adjudicator": 99,
        "type": "C",
        "timing_confirmed": null
    }
},
{
    "model": "adjallocation.debateadjudicator",
    "pk": 26,
    "fields": {
        "debate": 17,
        "adjudicator": 79,
        "type": "C",
        "timing_confirmed": null
    }
},
{
    "model": "adjallocation.debateadjudicator",
    "pk": 27,
    "fields": {
        "debate": 18,
        "adjudicator": 88,
        "type": "C",
        "timing_confirmed": null
    }
},
{
    "model": "adjallocation.debateadjudicator",
    "pk": 28,
    "fields": {
        "debate": 15,
        "adjudicator": 73,
        "type": "C",
        "timing_confirmed": null
    }
},
{
    "model": "adjallocation.debateadjudicator",
    "pk": 29,
    "fields": {
        "debate": 16,
        "adjudicator": 77,
        "type": "C",
        "timing_confirmed": null
    }
},
{
    "model": "adjallocation.debateadjudicator",
    "pk": 30,
    "fields": {
        "debate": 20,
        "adjudicator": 81,
        "type": "C",
        "timing_confirmed": null
    }
},
{
    "model": "adjallocation.debateadjudicator",
    "pk": 31,
    "fields": {
        "debate": 20,
        "adjudicator": 82,
        "type": "P",
        "timing_confirmed": null
    }
},
{
    "model": "adjallocation.debateadjudicator",
    "pk": 32,
    "fields": {
        "debate": 20,
        "adjudicator": 78,
        "type": "P",
        "timing_confirmed": null
    }
},
{
    "model": "adjallocation.debateadjudicator",
    "pk": 33,
    "fields": {
        "debate": 24,
        "adjudicator": 97,
        "type": "C",
        "timing_confirmed": null
    }
},
{
    "model": "adjallocation.debateadjudicator",
    "pk": 34,
    "fields": {
        "debate": 24,
        "adjudicator": 90,
        "type": "P",
        "timing_confirmed": null
    }
},
{
    "model": "adjallocation.debateadjudicator",
    "pk": 35,
    "fields": {
        "debate": 24,
        "adjudicator": 92,
        "type": "P",
        "timing_confirmed": null
    }
},
{
    "model": "adjallocation.debateadjudicator",
    "pk": 36,
    "fields": {
        "debate": 22,
        "adjudicator": 93,
        "type": "C",
        "timing_confirmed": null
    }
},
{
    "model": "adjallocation.debateadjudicator",
    "pk": 37,
    "fields": {
        "debate": 22,
        "adjudicator": 95,
        "type": "P",
        "timing_confirmed": null
    }
},
{
    "model": "adjallocation.debateadjudicator",
    "pk": 38,
    "fields": {
        "debate": 22,
        "adjudicator": 89,
        "type": "P",
        "timing_confirmed": null
    }
},
{
    "model": "adjallocation.debateadjudicator",
    "pk": 39,
    "fields": {
        "debate": 21,
        "adjudicator": 80,
        "type": "C",
        "timing_confirmed": null
    }
},
{
    "model": "adjallocation.debateadjudicator",
    "pk": 40,
    "fields": {
        "debate": 21,
        "adjudicator": 83,
        "type": "P",
        "timing_confirmed": null
    }
},
{
    "model": "adjallocation.debateadjudicator",
    "pk": 41,
    "fields": {
        "debate": 21,
        "adjudicator": 96,
        "type": "P",
        "timing_confirmed": null
    }
},
{
    "model": "adjallocation.debateadjudicator",
    "pk": 42,
    "fields": {
        "debate": 14,
        "adjudicator": 98,
        "type": "C",
        "timing_confirmed": null
    }
},
{
    "model": "adjallocation.debateadjudicator",
    "pk": 43,
    "fields": {
        "debate": 14,
        "adjudicator": 94,
        "type": "P",
        "timing_confirmed": null
    }
},
{
    "model": "adjallocation.debateadjudicator",
    "pk": 44,
    "fields": {
        "debate": 14,
        "adjudicator": 87,
        "type": "P",
        "timing_confirmed": null
    }
},
{
    "model": "adjallocation.debateadjudicator",
    "pk": 45,
    "fields": {
        "debate": 31,
        "adjudicator": 77,
        "type": "C",
        "timing_confirmed": null
    }
},
{
    "model": "adjallocation.debateadjudicator",
    "pk": 46,
    "fields": {
        "debate": 33,
        "adjudicator": 81,
        "type": "C",
        "timing_confirmed": null
    }
},
{
    "model": "adjallocation.debateadjudicator",
    "pk": 47,
    "fields": {
        "debate": 26,
        "adjudicator": 74,
        "type": "C",
        "timing_confirmed": null
    }
},
{
    "model": "adjallocation.debateadjudicator",
    "pk": 48,
    "fields": {
        "debate": 25,
        "adjudicator": 99,
        "type": "C",
        "timing_confirmed": null
    }
},
{
    "model": "adjallocation.debateadjudicator",
    "pk": 49,
    "fields": {
        "debate": 32,
        "adjudicator": 73,
        "type": "C",
        "timing_confirmed": null
    }
},
{
    "model": "adjallocation.debateadjudicator",
    "pk": 50,
    "fields": {
        "debate": 30,
        "adjudicator": 82,
        "type": "C",
        "timing_confirmed": null
    }
},
{
    "model": "adjallocation.debateadjudicator",
    "pk": 51,
    "fields": {
        "debate": 36,
        "adjudicator": 88,
        "type": "C",
        "timing_confirmed": null
    }
},
{
    "model": "adjallocation.debateadjudicator",
    "pk": 52,
    "fields": {
        "debate": 27,
        "adjudicator": 97,
        "type": "C",
        "timing_confirmed": null
    }
},
{
    "model": "adjallocation.debateadjudicator",
    "pk": 53,
    "fields": {
        "debate": 27,
        "adjudicator": 98,
        "type": "P",
        "timing_confirmed": null
    }
},
{
    "model": "adjallocation.debateadjudicator",
    "pk": 54,
    "fields": {
        "debate": 27,
        "adjudicator": 87,
        "type": "P",
        "timing_confirmed": null
    }
},
{
    "model": "adjallocation.debateadjudicator",
    "pk": 55,
    "fields": {
        "debate": 28,
        "adjudicator": 83,
        "type": "C",
        "timing_confirmed": null
    }
},
{
    "model": "adjallocation.debateadjudicator",
    "pk": 56,
    "fields": {
        "debate": 28,
        "adjudicator": 93,
        "type": "P",
        "timing_confirmed": null
    }
},
{
    "model": "adjallocation.debateadjudicator",
    "pk": 57,
    "fields": {
        "debate": 28,
        "adjudicator": 92,
        "type": "P",
        "timing_confirmed": null
    }
},
{
    "model": "adjallocation.debateadjudicator",
    "pk": 58,
    "fields": {
        "debate": 35,
        "adjudicator": 75,
        "type": "C",
        "timing_confirmed": null
    }
},
{
    "model": "adjallocation.debateadjudicator",
    "pk": 59,
    "fields": {
        "debate": 35,
        "adjudicator": 95,
        "type": "P",
        "timing_confirmed": null
    }
},
{
    "model": "adjallocation.debateadjudicator",
    "pk": 60,
    "fields": {
        "debate": 35,
        "adjudicator": 90,
        "type": "P",
        "timing_confirmed": null
    }
},
{
    "model": "adjallocation.debateadjudicator",
    "pk": 61,
    "fields": {
        "debate": 34,
        "adjudicator": 79,
        "type": "C",
        "timing_confirmed": null
    }
},
{
    "model": "adjallocation.debateadjudicator",
    "pk": 62,
    "fields": {
        "debate": 34,
        "adjudicator": 78,
        "type": "P",
        "timing_confirmed": null
    }
},
{
    "model": "adjallocation.debateadjudicator",
    "pk": 63,
    "fields": {
        "debate": 34,
        "adjudicator": 94,
        "type": "P",
        "timing_confirmed": null
    }
},
{
    "model": "adjallocation.debateadjudicator",
    "pk": 64,
    "fields": {
        "debate": 29,
        "adjudicator": 80,
        "type": "C",
        "timing_confirmed": null
    }
},
{
    "model": "adjallocation.debateadjudicator",
    "pk": 65,
    "fields": {
        "debate": 29,
        "adjudicator": 96,
        "type": "P",
        "timing_confirmed": null
    }
},
{
    "model": "adjallocation.debateadjudicator",
    "pk": 66,
    "fields": {
        "debate": 29,
        "adjudicator": 89,
        "type": "P",
        "timing_confirmed": null
    }
},
{
    "model": "adjallocation.debateadjudicator",
    "pk": 67,
    "fields": {
        "debate": 38,
        "adjudicator": 88,
        "type": "C",
        "timing_confirmed": null
    }
},
{
    "model": "adjallocation.debateadjudicator",
    "pk": 68,
    "fields": {
        "debate": 46,
        "adjudicator": 81,
        "type": "C",
        "timing_confirmed": null
    }
},
{
    "model": "adjallocation.debateadjudicator",
    "pk": 69,
    "fields": {
        "debate": 48,
        "adjudicator": 79,
        "type": "C",
        "timing_confirmed": null
    }
},
{
    "model": "adjallocation.debateadjudicator",
    "pk": 70,
    "fields": {
        "debate": 47,
        "adjudicator": 99,
        "type": "C",
        "timing_confirmed": null
    }
},
{
    "model": "adjallocation.debateadjudicator",
    "pk": 71,
    "fields": {
        "debate": 44,
        "adjudicator": 82,
        "type": "C",
        "timing_confirmed": null
    }
},
{
    "model": "adjallocation.debateadjudicator",
    "pk": 72,
    "fields": {
        "debate": 45,
        "adjudicator": 73,
        "type": "C",
        "timing_confirmed": null
    }
},
{
    "model": "adjallocation.debateadjudicator",
    "pk": 73,
    "fields": {
        "debate": 37,
        "adjudicator": 74,
        "type": "C",
        "timing_confirmed": null
    }
},
{
    "model": "adjallocation.debateadjudicator",
    "pk": 74,
    "fields": {
        "debate": 40,
        "adjudicator": 95,
        "type": "C",
        "timing_confirmed": null
    }
},
{
    "model": "adjallocation.debateadjudicator",
    "pk": 75,
    "fields": {
        "debate": 40,
        "adjudicator": 87,
        "type": "P",
        "timing_confirmed": null
    }
},
{
    "model": "adjallocation.debateadjudicator",
    "pk": 76,
    "fields": {
        "debate": 40,
        "adjudicator": 90,
        "type": "P",
        "timing_confirmed": null
    }
},
{
    "model": "adjallocation.debateadjudicator",
    "pk": 77,
    "fields": {
        "debate": 39,
        "adjudicator": 98,
        "type": "C",
        "timing_confirmed": null
    }
},
{
    "model": "adjallocation.debateadjudicator",
    "pk": 78,
    "fields": {
        "debate": 39,
        "adjudicator": 96,
        "type": "P",
        "timing_confirmed": null
    }
},
{
    "model": "adjallocation.debateadjudicator",
    "pk": 79,
    "fields": {
        "debate": 39,
        "adjudicator": 78,
        "type": "P",
        "timing_confirmed": null
    }
},
{
    "model": "adjallocation.debateadjudicator",
    "pk": 80,
    "fields": {
        "debate": 41,
        "adjudicator": 77,
        "type": "C",
        "timing_confirmed": null
    }
},
{
    "model": "adjallocation.debateadjudicator",
    "pk": 81,
    "fields": {
        "debate": 41,
        "adjudicator": 80,
        "type": "P",
        "timing_confirmed": null
    }
},
{
    "model": "adjallocation.debateadjudicator",
    "pk": 82,
    "fields": {
        "debate": 41,
        "adjudicator": 94,
        "type": "P",
        "timing_confirmed": null
    }
},
{
    "model": "adjallocation.debateadjudicator",
    "pk": 83,
    "fields": {
        "debate": 43,
        "adjudicator": 75,
        "type": "C",
        "timing_confirmed": null
    }
},
{
    "model": "adjallocation.debateadjudicator",
    "pk": 84,
    "fields": {
        "debate": 43,
        "adjudicator": 93,
        "type": "P",
        "timing_confirmed": null
    }
},
{
    "model": "adjallocation.debateadjudicator",
    "pk": 85,
    "fields": {
        "debate": 43,
        "adjudicator": 92,
        "type": "P",
        "timing_confirmed": null
    }
},
{
    "model": "adjallocation.debateadjudicator",
    "pk": 86,
    "fields": {
        "debate": 42,
        "adjudicator": 83,
        "type": "C",
        "timing_confirmed": null
    }
},
{
    "model": "adjallocation.debateadjudicator",
    "pk": 87,
    "fields": {
        "debate": 42,
        "adjudicator": 97,
        "type": "P",
        "timing_confirmed": null
    }
},
{
    "model": "adjallocation.debateadjudicator",
    "pk": 88,
    "fields": {
        "debate": 42,
        "adjudicator": 89,
        "type": "P",
        "timing_confirmed": null
    }
},
{
    "model": "adjallocation.debateadjudicator",
    "pk": 89,
    "fields": {
        "debate": 70,
        "adjudicator": 74,
        "type": "C",
        "timing_confirmed": null
    }
},
{
    "model": "adjallocation.debateadjudicator",
    "pk": 90,
    "fields": {
        "debate": 69,
        "adjudicator": 88,
        "type": "C",
        "timing_confirmed": null
    }
},
{
    "model": "adjallocation.debateadjudicator",
    "pk": 93,
    "fields": {
        "debate": 70,
        "adjudicator": 98,
        "type": "P",
        "timing_confirmed": null
    }
},
{
    "model": "adjallocation.debateadjudicator",
    "pk": 94,
    "fields": {
        "debate": 70,
        "adjudicator": 78,
        "type": "P",
        "timing_confirmed": null
    }
},
{
    "model": "adjallocation.debateadjudicator",
    "pk": 95,
    "fields": {
        "debate": 69,
        "adjudicator": 95,
        "type": "P",
        "timing_confirmed": null
    }
},
{
    "model": "adjallocation.debateadjudicator",
    "pk": 96,
    "fields": {
        "debate": 69,
        "adjudicator": 92,
        "type": "P",
        "timing_confirmed": null
    }
},
{
    "model": "adjallocation.debateadjudicator",
    "pk": 97,
    "fields": {
        "debate": 71,
        "adjudicator": 88,
        "type": "C",
        "timing_confirmed": null
    }
},
{
    "model": "adjallocation.debateadjudicator",
    "pk": 98,
    "fields": {
        "debate": 73,
        "adjudicator": 98,
        "type": "C",
        "timing_confirmed": null
    }
},
{
    "model": "adjallocation.debateadjudicator",
    "pk": 99,
    "fields": {
        "debate": 73,
        "adjudicator": 87,
        "type": "P",
        "timing_confirmed": null
    }
},
{
    "model": "adjallocation.debateadjudicator",
    "pk": 100,
    "fields": {
        "debate": 73,
        "adjudicator": 92,
        "type": "P",
        "timing_confirmed": null
    }
},
{
    "model": "adjallocation.debateadjudicator",
    "pk": 101,
    "fields": {
        "debate": 72,
        "adjudicator": 74,
        "type": "C",
        "timing_confirmed": null
    }
},
{
    "model": "adjallocation.debateadjudicator",
    "pk": 102,
    "fields": {
        "debate": 72,
        "adjudicator": 89,
        "type": "P",
        "timing_confirmed": null
    }
},
{
    "model": "adjallocation.debateadjudicator",
    "pk": 103,
    "fields": {
        "debate": 72,
        "adjudicator": 90,
        "type": "P",
        "timing_confirmed": null
    }
},
{
    "model": "adjallocation.debateadjudicator",
    "pk": 104,
    "fields": {
        "debate": 74,
        "adjudicator": 95,
        "type": "C",
        "timing_confirmed": null
    }
},
{
    "model": "adjallocation.debateadjudicator",
    "pk": 105,
    "fields": {
        "debate": 74,
        "adjudicator": 78,
        "type": "P",
        "timing_confirmed": null
    }
},
{
    "model": "adjallocation.debateadjudicator",
    "pk": 106,
    "fields": {
        "debate": 74,
        "adjudicator": 94,
        "type": "P",
        "timing_confirmed": null
    }
},
{
    "model": "adjallocation.adjudicatorteamconflict",
    "pk": 1,
    "fields": {
        "adjudicator": 77,
        "team": 1
    }
},
{
    "model": "adjallocation.adjudicatorteamconflict",
    "pk": 2,
    "fields": {
        "adjudicator": 81,
        "team": 2
    }
},
{
    "model": "adjallocation.adjudicatorteamconflict",
    "pk": 3,
    "fields": {
        "adjudicator": 84,
        "team": 10
    }
},
{
    "model": "adjallocation.adjudicatorteamconflict",
    "pk": 4,
    "fields": {
        "adjudicator": 87,
        "team": 13
    }
},
{
    "model": "adjallocation.adjudicatorteamconflict",
    "pk": 5,
    "fields": {
        "adjudicator": 89,
        "team": 10
    }
},
{
    "model": "adjallocation.adjudicatorteamconflict",
    "pk": 6,
    "fields": {
        "adjudicator": 91,
        "team": 17
    }
},
{
    "model": "adjallocation.adjudicatorteamconflict",
    "pk": 7,
    "fields": {
        "adjudicator": 93,
        "team": 23
    }
},
{
    "model": "adjallocation.adjudicatorteamconflict",
    "pk": 8,
    "fields": {
        "adjudicator": 89,
        "team": 7
    }
},
{
    "model": "adjallocation.adjudicatorinstitutionconflict",
    "pk": 1,
    "fields": {
        "adjudicator": 73,
        "institution": 13
    }
},
{
    "model": "adjallocation.adjudicatorinstitutionconflict",
    "pk": 2,
    "fields": {
        "adjudicator": 74,
        "institution": 8
    }
},
{
    "model": "adjallocation.adjudicatorinstitutionconflict",
    "pk": 3,
    "fields": {
        "adjudicator": 75,
        "institution": 12
    }
},
{
    "model": "adjallocation.adjudicatorinstitutionconflict",
    "pk": 4,
    "fields": {
        "adjudicator": 76,
        "institution": 1
    }
},
{
    "model": "adjallocation.adjudicatorinstitutionconflict",
    "pk": 5,
    "fields": {
        "adjudicator": 77,
        "institution": 1
    }
},
{
    "model": "adjallocation.adjudicatorinstitutionconflict",
    "pk": 6,
    "fields": {
        "adjudicator": 78,
        "institution": 2
    }
},
{
    "model": "adjallocation.adjudicatorinstitutionconflict",
    "pk": 7,
    "fields": {
        "adjudicator": 79,
        "institution": 3
    }
},
{
    "model": "adjallocation.adjudicatorinstitutionconflict",
    "pk": 8,
    "fields": {
        "adjudicator": 80,
        "institution": 4
    }
},
{
    "model": "adjallocation.adjudicatorinstitutionconflict",
    "pk": 9,
    "fields": {
        "adjudicator": 81,
        "institution": 4
    }
},
{
    "model": "adjallocation.adjudicatorinstitutionconflict",
    "pk": 10,
    "fields": {
        "adjudicator": 82,
        "institution": 12
    }
},
{
    "model": "adjallocation.adjudicatorinstitutionconflict",
    "pk": 11,
    "fields": {
        "adjudicator": 83,
        "institution": 12
    }
},
{
    "model": "adjallocation.adjudicatorinstitutionconflict",
    "pk": 12,
    "fields": {
        "adjudicator": 84,
        "institution": 8
    }
},
{
    "model": "adjallocation.adjudicatorinstitutionconflict",
    "pk": 13,
    "fields": {
        "adjudicator": 85,
        "institution": 5
    }
},
{
    "model": "adjallocation.adjudicatorinstitutionconflict",
    "pk": 14,
    "fields": {
        "adjudicator": 86,
        "institution": 5
    }
},
{
    "model": "adjallocation.adjudicatorinstitutionconflict",
    "pk": 15,
    "fields": {
        "adjudicator": 87,
        "institution": 6
    }
},
{
    "model": "adjallocation.adjudicatorinstitutionconflict",
    "pk": 16,
    "fields": {
        "adjudicator": 88,
        "institution": 6
    }
},
{
    "model": "adjallocation.adjudicatorinstitutionconflict",
    "pk": 17,
    "fields": {
        "adjudicator": 89,
        "institution": 7
    }
},
{
    "model": "adjallocation.adjudicatorinstitutionconflict",
    "pk": 18,
    "fields": {
        "adjudicator": 90,
        "institution": 7
    }
},
{
    "model": "adjallocation.adjudicatorinstitutionconflict",
    "pk": 19,
    "fields": {
        "adjudicator": 91,
        "institution": 8
    }
},
{
    "model": "adjallocation.adjudicatorinstitutionconflict",
    "pk": 20,
    "fields": {
        "adjudicator": 92,
        "institution": 8
    }
},
{
    "model": "adjallocation.adjudicatorinstitutionconflict",
    "pk": 21,
    "fields": {
        "adjudicator": 93,
        "institution": 9
    }
},
{
    "model": "adjallocation.adjudicatorinstitutionconflict",
    "pk": 22,
    "fields": {
        "adjudicator": 94,
        "institution": 10
    }
},
{
    "model": "adjallocation.adjudicatorinstitutionconflict",
    "pk": 23,
    "fields": {
        "adjudicator": 95,
        "institution": 10
    }
},
{
    "model": "adjallocation.adjudicatorinstitutionconflict",
    "pk": 24,
    "fields": {
        "adjudicator": 96,
        "institution": 11
    }
},
{
    "model": "adjallocation.adjudicatorinstitutionconflict",
    "pk": 25,
    "fields": {
        "adjudicator": 97,
        "institution": 13
    }
},
{
    "model": "adjallocation.adjudicatorinstitutionconflict",
    "pk": 26,
    "fields": {
        "adjudicator": 98,
        "institution": 13
    }
},
{
    "model": "adjallocation.adjudicatorinstitutionconflict",
    "pk": 27,
    "fields": {
        "adjudicator": 99,
        "institution": 5
    }
},
{
    "model": "adjallocation.adjudicatorinstitutionconflict",
    "pk": 28,
    "fields": {
        "adjudicator": 76,
        "institution": 7
    }
},
{
    "model": "adjallocation.adjudicatorinstitutionconflict",
    "pk": 29,
    "fields": {
        "adjudicator": 81,
        "institution": 12
    }
},
{
    "model": "adjallocation.adjudicatorinstitutionconflict",
    "pk": 30,
    "fields": {
        "adjudicator": 82,
        "institution": 4
    }
},
{
    "model": "adjallocation.adjudicatorinstitutionconflict",
    "pk": 31,
    "fields": {
        "adjudicator": 87,
        "institution": 3
    }
},
{
    "model": "adjallocation.adjudicatorinstitutionconflict",
    "pk": 32,
    "fields": {
        "adjudicator": 87,
        "institution": 11
    }
},
{
    "model": "adjallocation.adjudicatorinstitutionconflict",
    "pk": 33,
    "fields": {
        "adjudicator": 87,
        "institution": 13
    }
},
{
    "model": "adjallocation.adjudicatorinstitutionconflict",
    "pk": 34,
    "fields": {
        "adjudicator": 88,
        "institution": 9
    }
},
{
    "model": "adjallocation.adjudicatorinstitutionconflict",
    "pk": 35,
    "fields": {
        "adjudicator": 94,
        "institution": 5
    }
},
{
    "model": "adjallocation.adjudicatorinstitutionconflict",
    "pk": 36,
    "fields": {
        "adjudicator": 96,
        "institution": 8
    }
},
{
    "model": "adjallocation.teaminstitutionconflict",
    "pk": 1,
    "fields": {
        "team": 1,
        "institution": 1
    }
},
{
    "model": "adjallocation.teaminstitutionconflict",
    "pk": 2,
    "fields": {
        "team": 2,
        "institution": 1
    }
},
{
    "model": "adjallocation.teaminstitutionconflict",
    "pk": 3,
    "fields": {
        "team": 3,
        "institution": 1
    }
},
{
    "model": "adjallocation.teaminstitutionconflict",
    "pk": 4,
    "fields": {
        "team": 4,
        "institution": 2
    }
},
{
    "model": "adjallocation.teaminstitutionconflict",
    "pk": 5,
    "fields": {
        "team": 5,
        "institution": 3
    }
},
{
    "model": "adjallocation.teaminstitutionconflict",
    "pk": 6,
    "fields": {
        "team": 6,
        "institution": 4
    }
},
{
    "model": "adjallocation.teaminstitutionconflict",
    "pk": 7,
    "fields": {
        "team": 7,
        "institution": 4
    }
},
{
    "model": "adjallocation.teaminstitutionconflict",
    "pk": 8,
    "fields": {
        "team": 8,
        "institution": 5
    }
},
{
    "model": "adjallocation.teaminstitutionconflict",
    "pk": 9,
    "fields": {
        "team": 9,
        "institution": 6
    }
},
{
    "model": "adjallocation.teaminstitutionconflict",
    "pk": 10,
    "fields": {
        "team": 10,
        "institution": 6
    }
},
{
    "model": "adjallocation.teaminstitutionconflict",
    "pk": 11,
    "fields": {
        "team": 11,
        "institution": 7
    }
},
{
    "model": "adjallocation.teaminstitutionconflict",
    "pk": 12,
    "fields": {
        "team": 12,
        "institution": 7
    }
},
{
    "model": "adjallocation.teaminstitutionconflict",
    "pk": 13,
    "fields": {
        "team": 13,
        "institution": 8
    }
},
{
    "model": "adjallocation.teaminstitutionconflict",
    "pk": 14,
    "fields": {
        "team": 14,
        "institution": 8
    }
},
{
    "model": "adjallocation.teaminstitutionconflict",
    "pk": 15,
    "fields": {
        "team": 15,
        "institution": 8
    }
},
{
    "model": "adjallocation.teaminstitutionconflict",
    "pk": 16,
    "fields": {
        "team": 16,
        "institution": 9
    }
},
{
    "model": "adjallocation.teaminstitutionconflict",
    "pk": 17,
    "fields": {
        "team": 17,
        "institution": 10
    }
},
{
    "model": "adjallocation.teaminstitutionconflict",
    "pk": 18,
    "fields": {
        "team": 18,
        "institution": 10
    }
},
{
    "model": "adjallocation.teaminstitutionconflict",
    "pk": 19,
    "fields": {
        "team": 19,
        "institution": 10
    }
},
{
    "model": "adjallocation.teaminstitutionconflict",
    "pk": 20,
    "fields": {
        "team": 20,
        "institution": 11
    }
},
{
    "model": "adjallocation.teaminstitutionconflict",
    "pk": 21,
    "fields": {
        "team": 21,
        "institution": 11
    }
},
{
    "model": "adjallocation.teaminstitutionconflict",
    "pk": 22,
    "fields": {
        "team": 22,
        "institution": 13
    }
},
{
    "model": "adjallocation.teaminstitutionconflict",
    "pk": 23,
    "fields": {
        "team": 23,
        "institution": 13
    }
},
{
    "model": "adjallocation.teaminstitutionconflict",
    "pk": 24,
    "fields": {
        "team": 24,
        "institution": 13
    }
},
{
    "model": "adjfeedback.adjudicatorbasescorehistory",
    "pk": 1,
    "fields": {
        "adjudicator": 73,
        "round": null,
        "score": 5.0,
        "timestamp": "2016-04-14T03:19:04.407Z"
    }
},
{
    "model": "adjfeedback.adjudicatorbasescorehistory",
    "pk": 2,
    "fields": {
        "adjudicator": 74,
        "round": null,
        "score": 5.0,
        "timestamp": "2016-04-14T03:19:04.409Z"
    }
},
{
    "model": "adjfeedback.adjudicatorbasescorehistory",
    "pk": 3,
    "fields": {
        "adjudicator": 75,
        "round": null,
        "score": 5.0,
        "timestamp": "2016-04-14T03:19:04.410Z"
    }
},
{
    "model": "adjfeedback.adjudicatorbasescorehistory",
    "pk": 4,
    "fields": {
        "adjudicator": 76,
        "round": null,
        "score": 1.0,
        "timestamp": "2016-04-14T03:19:04.411Z"
    }
},
{
    "model": "adjfeedback.adjudicatorbasescorehistory",
    "pk": 5,
    "fields": {
        "adjudicator": 77,
        "round": null,
        "score": 5.0,
        "timestamp": "2016-04-14T03:19:04.412Z"
    }
},
{
    "model": "adjfeedback.adjudicatorbasescorehistory",
    "pk": 6,
    "fields": {
        "adjudicator": 78,
        "round": null,
        "score": 2.0,
        "timestamp": "2016-04-14T03:19:04.413Z"
    }
},
{
    "model": "adjfeedback.adjudicatorbasescorehistory",
    "pk": 7,
    "fields": {
        "adjudicator": 79,
        "round": null,
        "score": 5.0,
        "timestamp": "2016-04-14T03:19:04.414Z"
    }
},
{
    "model": "adjfeedback.adjudicatorbasescorehistory",
    "pk": 8,
    "fields": {
        "adjudicator": 80,
        "round": null,
        "score": 4.0,
        "timestamp": "2016-04-14T03:19:04.415Z"
    }
},
{
    "model": "adjfeedback.adjudicatorbasescorehistory",
    "pk": 9,
    "fields": {
        "adjudicator": 81,
        "round": null,
        "score": 5.0,
        "timestamp": "2016-04-14T03:19:04.416Z"
    }
},
{
    "model": "adjfeedback.adjudicatorbasescorehistory",
    "pk": 10,
    "fields": {
        "adjudicator": 82,
        "round": null,
        "score": 5.0,
        "timestamp": "2016-04-14T03:19:04.417Z"
    }
},
{
    "model": "adjfeedback.adjudicatorbasescorehistory",
    "pk": 11,
    "fields": {
        "adjudicator": 83,
        "round": null,
        "score": 4.0,
        "timestamp": "2016-04-14T03:19:04.417Z"
    }
},
{
    "model": "adjfeedback.adjudicatorbasescorehistory",
    "pk": 12,
    "fields": {
        "adjudicator": 84,
        "round": null,
        "score": 4.0,
        "timestamp": "2016-04-14T03:19:04.418Z"
    }
},
{
    "model": "adjfeedback.adjudicatorbasescorehistory",
    "pk": 13,
    "fields": {
        "adjudicator": 85,
        "round": null,
        "score": 4.0,
        "timestamp": "2016-04-14T03:19:04.419Z"
    }
},
{
    "model": "adjfeedback.adjudicatorbasescorehistory",
    "pk": 14,
    "fields": {
        "adjudicator": 86,
        "round": null,
        "score": 2.0,
        "timestamp": "2016-04-14T03:19:04.420Z"
    }
},
{
    "model": "adjfeedback.adjudicatorbasescorehistory",
    "pk": 15,
    "fields": {
        "adjudicator": 87,
        "round": null,
        "score": 2.0,
        "timestamp": "2016-04-14T03:19:04.421Z"
    }
},
{
    "model": "adjfeedback.adjudicatorbasescorehistory",
    "pk": 16,
    "fields": {
        "adjudicator": 88,
        "round": null,
        "score": 5.0,
        "timestamp": "2016-04-14T03:19:04.422Z"
    }
},
{
    "model": "adjfeedback.adjudicatorbasescorehistory",
    "pk": 17,
    "fields": {
        "adjudicator": 89,
        "round": null,
        "score": 2.0,
        "timestamp": "2016-04-14T03:19:04.423Z"
    }
},
{
    "model": "adjfeedback.adjudicatorbasescorehistory",
    "pk": 18,
    "fields": {
        "adjudicator": 90,
        "round": null,
        "score": 2.0,
        "timestamp": "2016-04-14T03:19:04.424Z"
    }
},
{
    "model": "adjfeedback.adjudicatorbasescorehistory",
    "pk": 19,
    "fields": {
        "adjudicator": 91,
        "round": null,
        "score": 1.0,
        "timestamp": "2016-04-14T03:19:04.425Z"
    }
},
{
    "model": "adjfeedback.adjudicatorbasescorehistory",
    "pk": 20,
    "fields": {
        "adjudicator": 92,
        "round": null,
        "score": 2.0,
        "timestamp": "2016-04-14T03:19:04.425Z"
    }
},
{
    "model": "adjfeedback.adjudicatorbasescorehistory",
    "pk": 21,
    "fields": {
        "adjudicator": 93,
        "round": null,
        "score": 4.0,
        "timestamp": "2016-04-14T03:19:04.426Z"
    }
},
{
    "model": "adjfeedback.adjudicatorbasescorehistory",
    "pk": 22,
    "fields": {
        "adjudicator": 94,
        "round": null,
        "score": 2.0,
        "timestamp": "2016-04-14T03:19:04.427Z"
    }
},
{
    "model": "adjfeedback.adjudicatorbasescorehistory",
    "pk": 23,
    "fields": {
        "adjudicator": 95,
        "round": null,
        "score": 3.0,
        "timestamp": "2016-04-14T03:19:04.428Z"
    }
},
{
    "model": "adjfeedback.adjudicatorbasescorehistory",
    "pk": 24,
    "fields": {
        "adjudicator": 96,
        "round": null,
        "score": 2.0,
        "timestamp": "2016-04-14T03:19:04.429Z"
    }
},
{
    "model": "adjfeedback.adjudicatorbasescorehistory",
    "pk": 25,
    "fields": {
        "adjudicator": 97,
        "round": null,
        "score": 4.0,
        "timestamp": "2016-04-14T03:19:04.430Z"
    }
},
{
    "model": "adjfeedback.adjudicatorbasescorehistory",
    "pk": 26,
    "fields": {
        "adjudicator": 98,
        "round": null,
        "score": 3.0,
        "timestamp": "2016-04-14T03:19:04.430Z"
    }
},
{
    "model": "adjfeedback.adjudicatorbasescorehistory",
    "pk": 27,
    "fields": {
        "adjudicator": 99,
        "round": null,
        "score": 5.0,
        "timestamp": "2016-04-14T03:19:04.431Z"
    }
},
{
    "model": "adjfeedback.adjudicatorfeedbackquestion",
    "pk": 1,
    "fields": {
        "tournament": 1,
        "seq": 10,
        "text": "Did you agree with the decision?",
        "name": "Agree",
        "reference": "agree",
        "from_adj": false,
        "from_team": true,
        "answer_type": "bs",
        "required": true,
        "min_value": null,
        "max_value": null,
        "choices": "[]"
    }
},
{
    "model": "adjfeedback.adjudicatorfeedbackquestion",
    "pk": 2,
    "fields": {
        "tournament": 1,
        "seq": 11,
        "text": "Did this judge's decision concur with yours?",
        "name": "Concur",
        "reference": "concur",
        "from_adj": true,
        "from_team": false,
        "answer_type": "bs",
        "required": true,
        "min_value": null,
        "max_value": null,
        "choices": "[]"
    }
},
{
    "model": "adjfeedback.adjudicatorfeedbackquestion",
    "pk": 3,
    "fields": {
        "tournament": 1,
        "seq": 20,
        "text": "What adjustment should be applied to this judge's speaker scores?",
        "name": "Adjustment",
        "reference": "adjustment",
        "from_adj": true,
        "from_team": false,
        "answer_type": "f",
        "required": true,
        "min_value": -20.0,
        "max_value": 20.0,
        "choices": "[]"
    }
},
{
    "model": "adjfeedback.adjudicatorfeedbackquestion",
    "pk": 4,
    "fields": {
        "tournament": 1,
        "seq": 30,
        "text": "Choose one word to describe this adjudicator.",
        "name": "One word",
        "reference": "word",
        "from_adj": true,
        "from_team": true,
        "answer_type": "t",
        "required": true,
        "min_value": null,
        "max_value": null,
        "choices": "[]"
    }
},
{
    "model": "adjfeedback.adjudicatorfeedbackquestion",
    "pk": 5,
    "fields": {
        "tournament": 1,
        "seq": 40,
        "text": "Do you think this adjudicator should be promoted?",
        "name": "Promote",
        "reference": "promote",
        "from_adj": true,
        "from_team": true,
        "answer_type": "bc",
        "required": false,
        "min_value": null,
        "max_value": null,
        "choices": "[]"
    }
},
{
    "model": "adjfeedback.adjudicatorfeedbackquestion",
    "pk": 6,
    "fields": {
        "tournament": 1,
        "seq": 50,
        "text": "Do you think this adjudicator should be demoted?",
        "name": "Demote",
        "reference": "demote",
        "from_adj": true,
        "from_team": true,
        "answer_type": "bc",
        "required": false,
        "min_value": null,
        "max_value": null,
        "choices": "[]"
    }
},
{
    "model": "adjfeedback.adjudicatorfeedbackquestion",
    "pk": 7,
    "fields": {
        "tournament": 1,
        "seq": 60,
        "text": "How well was this adjudicator's reasoning explained?",
        "name": "Explanation",
        "reference": "explanation",
        "from_adj": true,
        "from_team": true,
        "answer_type": "is",
        "required": true,
        "min_value": 0.0,
        "max_value": 10.0,
        "choices": "[]"
    }
},
{
    "model": "adjfeedback.adjudicatorfeedbackquestion",
    "pk": 8,
    "fields": {
        "tournament": 1,
        "seq": 70,
        "text": "How impartial did you think this adjudicator was?",
        "name": "Impartial",
        "reference": "impartial",
        "from_adj": true,
        "from_team": true,
        "answer_type": "is",
        "required": true,
        "min_value": 0.0,
        "max_value": 10.0,
        "choices": "[]"
    }
},
{
    "model": "adjfeedback.adjudicatorfeedbackquestion",
    "pk": 9,
    "fields": {
        "tournament": 1,
        "seq": 80,
        "text": "Would you like to see this adjudicator again?",
        "name": "Again",
        "reference": "again",
        "from_adj": false,
        "from_team": true,
        "answer_type": "ss",
        "required": false,
        "min_value": null,
        "max_value": null,
        "choices": "[\"Absolutely!\", \"Sure, why not\", \"If I have to\", \"Please don't\"]"
    }
},
{
    "model": "adjfeedback.adjudicatorfeedbackquestion",
    "pk": 10,
    "fields": {
        "tournament": 1,
        "seq": 90,
        "text": "How would you describe this adjudicator?",
        "name": "Adjectives",
        "reference": "adjectives",
        "from_adj": false,
        "from_team": true,
        "answer_type": "ms",
        "required": false,
        "min_value": null,
        "max_value": null,
        "choices": "[\"biased\", \"clear\", \"concise\", \"rambly\", \"attentive\", \"inattentive\"]"
    }
},
{
    "model": "adjfeedback.adjudicatorfeedbackquestion",
    "pk": 11,
    "fields": {
        "tournament": 1,
        "seq": 1000,
        "text": "Other comments:",
        "name": "Comments",
        "reference": "comments",
        "from_adj": true,
        "from_team": true,
        "answer_type": "tl",
        "required": false,
        "min_value": null,
        "max_value": null,
        "choices": "[]"
    }
},
{
    "model": "breakqual.breakcategory",
    "pk": 1,
    "fields": {
        "tournament": 1,
        "name": "Open",
        "slug": "open",
        "seq": 10,
        "break_size": 8,
        "is_general": true,
        "priority": 10,
        "limit": 0,
        "rule": "standard"
    }
},
{
    "model": "breakqual.breakcategory",
    "pk": 2,
    "fields": {
        "tournament": 1,
        "name": "ESL",
        "slug": "esl",
        "seq": 20,
        "break_size": 4,
        "is_general": false,
        "priority": 20,
        "limit": 0,
        "rule": "standard"
    }
},
{
    "model": "breakqual.breakcategory",
    "pk": 3,
    "fields": {
        "tournament": 1,
        "name": "Novice",
        "slug": "novice",
        "seq": 30,
        "break_size": 2,
        "is_general": false,
        "priority": 30,
        "limit": 0,
        "rule": "standard"
    }
},
{
    "model": "breakqual.breakingteam",
    "pk": 44,
    "fields": {
        "break_category": 1,
        "team": 7,
        "rank": 1,
        "break_rank": 1,
        "remark": null
    }
},
{
    "model": "breakqual.breakingteam",
    "pk": 45,
    "fields": {
        "break_category": 1,
        "team": 18,
        "rank": 2,
        "break_rank": 2,
        "remark": null
    }
},
{
    "model": "breakqual.breakingteam",
    "pk": 46,
    "fields": {
        "break_category": 1,
        "team": 17,
        "rank": 3,
        "break_rank": 3,
        "remark": null
    }
},
{
    "model": "breakqual.breakingteam",
    "pk": 47,
    "fields": {
        "break_category": 1,
        "team": 1,
        "rank": 4,
        "break_rank": 4,
        "remark": null
    }
},
{
    "model": "breakqual.breakingteam",
    "pk": 48,
    "fields": {
        "break_category": 1,
        "team": 12,
        "rank": 5,
        "break_rank": 5,
        "remark": null
    }
},
{
    "model": "breakqual.breakingteam",
    "pk": 49,
    "fields": {
        "break_category": 1,
        "team": 20,
        "rank": 6,
        "break_rank": 6,
        "remark": null
    }
},
{
    "model": "breakqual.breakingteam",
    "pk": 50,
    "fields": {
        "break_category": 1,
        "team": 11,
        "rank": 7,
        "break_rank": 7,
        "remark": null
    }
},
{
    "model": "breakqual.breakingteam",
    "pk": 51,
    "fields": {
        "break_category": 1,
        "team": 4,
        "rank": 8,
        "break_rank": 8,
        "remark": null
    }
},
{
    "model": "breakqual.breakingteam",
    "pk": 52,
    "fields": {
        "break_category": 2,
        "team": 18,
        "rank": 1,
        "break_rank": null,
        "remark": "D"
    }
},
{
    "model": "breakqual.breakingteam",
    "pk": 53,
    "fields": {
        "break_category": 2,
        "team": 17,
        "rank": 2,
        "break_rank": null,
        "remark": "D"
    }
},
{
    "model": "breakqual.breakingteam",
    "pk": 54,
    "fields": {
        "break_category": 2,
        "team": 4,
        "rank": 3,
        "break_rank": null,
        "remark": "D"
    }
},
{
    "model": "breakqual.breakingteam",
    "pk": 55,
    "fields": {
        "break_category": 2,
        "team": 10,
        "rank": 4,
        "break_rank": 1,
        "remark": null
    }
},
{
    "model": "breakqual.breakingteam",
    "pk": 56,
    "fields": {
        "break_category": 2,
        "team": 6,
        "rank": 5,
        "break_rank": 2,
        "remark": null
    }
},
{
    "model": "breakqual.breakingteam",
    "pk": 57,
    "fields": {
        "break_category": 2,
        "team": 5,
        "rank": 6,
        "break_rank": 3,
        "remark": null
    }
},
{
    "model": "breakqual.breakingteam",
    "pk": 58,
    "fields": {
        "break_category": 2,
        "team": 9,
        "rank": 7,
        "break_rank": 4,
        "remark": null
    }
},
{
    "model": "breakqual.breakingteam",
    "pk": 59,
    "fields": {
        "break_category": 3,
        "team": 4,
        "rank": 1,
        "break_rank": null,
        "remark": "D"
    }
},
{
    "model": "breakqual.breakingteam",
    "pk": 60,
    "fields": {
        "break_category": 3,
        "team": 6,
        "rank": 2,
        "break_rank": null,
        "remark": "D"
    }
},
{
    "model": "breakqual.breakingteam",
    "pk": 61,
    "fields": {
        "break_category": 3,
        "team": 5,
        "rank": 3,
        "break_rank": null,
        "remark": "D"
    }
},
{
    "model": "breakqual.breakingteam",
    "pk": 62,
    "fields": {
        "break_category": 3,
        "team": 19,
        "rank": 4,
        "break_rank": 1,
        "remark": null
    }
},
{
    "model": "draw.debate",
    "pk": 1,
    "fields": {
        "round": 1,
        "venue": 21,
        "bracket": 0.0,
        "room_rank": 0,
        "flags": "[]",
        "importance": 2,
        "result_status": "C",
        "sides_confirmed": true
    }
},
{
    "model": "draw.debate",
    "pk": 2,
    "fields": {
        "round": 1,
        "venue": 23,
        "bracket": 0.0,
        "room_rank": 0,
        "flags": "[]",
        "importance": 2,
        "result_status": "C",
        "sides_confirmed": true
    }
},
{
    "model": "draw.debate",
    "pk": 3,
    "fields": {
        "round": 1,
        "venue": 14,
        "bracket": 0.0,
        "room_rank": 0,
        "flags": "[]",
        "importance": 2,
        "result_status": "C",
        "sides_confirmed": true
    }
},
{
    "model": "draw.debate",
    "pk": 4,
    "fields": {
        "round": 1,
        "venue": 18,
        "bracket": 0.0,
        "room_rank": 0,
        "flags": "[]",
        "importance": 2,
        "result_status": "C",
        "sides_confirmed": true
    }
},
{
    "model": "draw.debate",
    "pk": 5,
    "fields": {
        "round": 1,
        "venue": 1,
        "bracket": 0.0,
        "room_rank": 0,
        "flags": "[]",
        "importance": 2,
        "result_status": "C",
        "sides_confirmed": true
    }
},
{
    "model": "draw.debate",
    "pk": 6,
    "fields": {
        "round": 1,
        "venue": 19,
        "bracket": 0.0,
        "room_rank": 0,
        "flags": "[]",
        "importance": 2,
        "result_status": "C",
        "sides_confirmed": true
    }
},
{
    "model": "draw.debate",
    "pk": 7,
    "fields": {
        "round": 1,
        "venue": 22,
        "bracket": 0.0,
        "room_rank": 0,
        "flags": "[]",
        "importance": 2,
        "result_status": "C",
        "sides_confirmed": true
    }
},
{
    "model": "draw.debate",
    "pk": 8,
    "fields": {
        "round": 1,
        "venue": 17,
        "bracket": 0.0,
        "room_rank": 0,
        "flags": "[]",
        "importance": 2,
        "result_status": "C",
        "sides_confirmed": true
    }
},
{
    "model": "draw.debate",
    "pk": 9,
    "fields": {
        "round": 1,
        "venue": 16,
        "bracket": 0.0,
        "room_rank": 0,
        "flags": "[]",
        "importance": 2,
        "result_status": "C",
        "sides_confirmed": true
    }
},
{
    "model": "draw.debate",
    "pk": 10,
    "fields": {
        "round": 1,
        "venue": 20,
        "bracket": 0.0,
        "room_rank": 0,
        "flags": "[]",
        "importance": 2,
        "result_status": "C",
        "sides_confirmed": true
    }
},
{
    "model": "draw.debate",
    "pk": 11,
    "fields": {
        "round": 1,
        "venue": 13,
        "bracket": 0.0,
        "room_rank": 0,
        "flags": "[]",
        "importance": 2,
        "result_status": "C",
        "sides_confirmed": true
    }
},
{
    "model": "draw.debate",
    "pk": 12,
    "fields": {
        "round": 1,
        "venue": 15,
        "bracket": 0.0,
        "room_rank": 0,
        "flags": "[]",
        "importance": 2,
        "result_status": "C",
        "sides_confirmed": true
    }
},
{
    "model": "draw.debate",
    "pk": 13,
    "fields": {
        "round": 2,
        "venue": 17,
        "bracket": 1.0,
        "room_rank": 3,
        "flags": "[]",
        "importance": 2,
        "result_status": "C",
        "sides_confirmed": true
    }
},
{
    "model": "draw.debate",
    "pk": 14,
    "fields": {
        "round": 2,
        "venue": 20,
        "bracket": 0.0,
        "room_rank": 12,
        "flags": "[]",
        "importance": 2,
        "result_status": "C",
        "sides_confirmed": true
    }
},
{
    "model": "draw.debate",
    "pk": 15,
    "fields": {
        "round": 2,
        "venue": 1,
        "bracket": 1.0,
        "room_rank": 6,
        "flags": "[]",
        "importance": 2,
        "result_status": "C",
        "sides_confirmed": true
    }
},
{
    "model": "draw.debate",
    "pk": 16,
    "fields": {
        "round": 2,
        "venue": 22,
        "bracket": 0.0,
        "room_rank": 7,
        "flags": "[]",
        "importance": 2,
        "result_status": "C",
        "sides_confirmed": true
    }
},
{
    "model": "draw.debate",
    "pk": 17,
    "fields": {
        "round": 2,
        "venue": 23,
        "bracket": 1.0,
        "room_rank": 4,
        "flags": "[\"1u1d_inst\"]",
        "importance": 2,
        "result_status": "C",
        "sides_confirmed": true
    }
},
{
    "model": "draw.debate",
    "pk": 18,
    "fields": {
        "round": 2,
        "venue": 15,
        "bracket": 1.0,
        "room_rank": 5,
        "flags": "[\"1u1d_other\"]",
        "importance": 2,
        "result_status": "C",
        "sides_confirmed": true
    }
},
{
    "model": "draw.debate",
    "pk": 19,
    "fields": {
        "round": 2,
        "venue": 14,
        "bracket": 1.0,
        "room_rank": 1,
        "flags": "[]",
        "importance": 2,
        "result_status": "C",
        "sides_confirmed": true
    }
},
{
    "model": "draw.debate",
    "pk": 20,
    "fields": {
        "round": 2,
        "venue": 19,
        "bracket": 0.0,
        "room_rank": 8,
        "flags": "[]",
        "importance": 2,
        "result_status": "C",
        "sides_confirmed": true
    }
},
{
    "model": "draw.debate",
    "pk": 21,
    "fields": {
        "round": 2,
        "venue": 13,
        "bracket": 0.0,
        "room_rank": 11,
        "flags": "[]",
        "importance": 2,
        "result_status": "C",
        "sides_confirmed": true
    }
},
{
    "model": "draw.debate",
    "pk": 22,
    "fields": {
        "round": 2,
        "venue": 18,
        "bracket": 0.0,
        "room_rank": 10,
        "flags": "[]",
        "importance": 2,
        "result_status": "C",
        "sides_confirmed": true
    }
},
{
    "model": "draw.debate",
    "pk": 23,
    "fields": {
        "round": 2,
        "venue": 16,
        "bracket": 1.0,
        "room_rank": 2,
        "flags": "[]",
        "importance": 2,
        "result_status": "C",
        "sides_confirmed": true
    }
},
{
    "model": "draw.debate",
    "pk": 24,
    "fields": {
        "round": 2,
        "venue": 21,
        "bracket": 0.0,
        "room_rank": 9,
        "flags": "[]",
        "importance": 2,
        "result_status": "C",
        "sides_confirmed": true
    }
},
{
    "model": "draw.debate",
    "pk": 25,
    "fields": {
        "round": 3,
        "venue": 20,
        "bracket": 1.0,
        "room_rank": 4,
        "flags": "[]",
        "importance": 2,
        "result_status": "C",
        "sides_confirmed": true
    }
},
{
    "model": "draw.debate",
    "pk": 26,
    "fields": {
        "round": 3,
        "venue": 14,
        "bracket": 2.0,
        "room_rank": 3,
        "flags": "[]",
        "importance": 2,
        "result_status": "C",
        "sides_confirmed": true
    }
},
{
    "model": "draw.debate",
    "pk": 27,
    "fields": {
        "round": 3,
        "venue": 16,
        "bracket": 1.0,
        "room_rank": 8,
        "flags": "[]",
        "importance": 2,
        "result_status": "C",
        "sides_confirmed": true
    }
},
{
    "model": "draw.debate",
    "pk": 28,
    "fields": {
        "round": 3,
        "venue": 18,
        "bracket": 1.0,
        "room_rank": 9,
        "flags": "[]",
        "importance": 2,
        "result_status": "C",
        "sides_confirmed": true
    }
},
{
    "model": "draw.debate",
    "pk": 29,
    "fields": {
        "round": 3,
        "venue": 21,
        "bracket": 0.0,
        "room_rank": 12,
        "flags": "[\"1u1d_other\"]",
        "importance": 2,
        "result_status": "C",
        "sides_confirmed": true
    }
},
{
    "model": "draw.debate",
    "pk": 30,
    "fields": {
        "round": 3,
        "venue": 17,
        "bracket": 1.0,
        "room_rank": 6,
        "flags": "[]",
        "importance": 2,
        "result_status": "C",
        "sides_confirmed": true
    }
},
{
    "model": "draw.debate",
    "pk": 31,
    "fields": {
        "round": 3,
        "venue": 23,
        "bracket": 2.0,
        "room_rank": 1,
        "flags": "[]",
        "importance": 2,
        "result_status": "C",
        "sides_confirmed": true
    }
},
{
    "model": "draw.debate",
    "pk": 32,
    "fields": {
        "round": 3,
        "venue": 1,
        "bracket": 1.0,
        "room_rank": 5,
        "flags": "[]",
        "importance": 2,
        "result_status": "C",
        "sides_confirmed": true
    }
},
{
    "model": "draw.debate",
    "pk": 33,
    "fields": {
        "round": 3,
        "venue": 19,
        "bracket": 2.0,
        "room_rank": 2,
        "flags": "[]",
        "importance": 2,
        "result_status": "C",
        "sides_confirmed": true
    }
},
{
    "model": "draw.debate",
    "pk": 34,
    "fields": {
        "round": 3,
        "venue": 22,
        "bracket": 0.0,
        "room_rank": 11,
        "flags": "[\"1u1d_inst\"]",
        "importance": 2,
        "result_status": "C",
        "sides_confirmed": true
    }
},
{
    "model": "draw.debate",
    "pk": 35,
    "fields": {
        "round": 3,
        "venue": 13,
        "bracket": 0.0,
        "room_rank": 10,
        "flags": "[]",
        "importance": 2,
        "result_status": "C",
        "sides_confirmed": true
    }
},
{
    "model": "draw.debate",
    "pk": 36,
    "fields": {
        "round": 3,
        "venue": 15,
        "bracket": 1.0,
        "room_rank": 7,
        "flags": "[]",
        "importance": 2,
        "result_status": "C",
        "sides_confirmed": true
    }
},
{
    "model": "draw.debate",
    "pk": 37,
    "fields": {
        "round": 4,
        "venue": 23,
        "bracket": 1.0,
        "room_rank": 7,
        "flags": "[]",
        "importance": 2,
        "result_status": "C",
        "sides_confirmed": true
    }
},
{
    "model": "draw.debate",
    "pk": 38,
    "fields": {
        "round": 4,
        "venue": 16,
        "bracket": 3.0,
        "room_rank": 1,
        "flags": "[]",
        "importance": 2,
        "result_status": "C",
        "sides_confirmed": true
    }
},
{
    "model": "draw.debate",
    "pk": 39,
    "fields": {
        "round": 4,
        "venue": 18,
        "bracket": 1.0,
        "room_rank": 9,
        "flags": "[]",
        "importance": 2,
        "result_status": "C",
        "sides_confirmed": true
    }
},
{
    "model": "draw.debate",
    "pk": 40,
    "fields": {
        "round": 4,
        "venue": 15,
        "bracket": 1.0,
        "room_rank": 8,
        "flags": "[]",
        "importance": 2,
        "result_status": "C",
        "sides_confirmed": true
    }
},
{
    "model": "draw.debate",
    "pk": 41,
    "fields": {
        "round": 4,
        "venue": 21,
        "bracket": 1.0,
        "room_rank": 10,
        "flags": "[]",
        "importance": 2,
        "result_status": "C",
        "sides_confirmed": true
    }
},
{
    "model": "draw.debate",
    "pk": 42,
    "fields": {
        "round": 4,
        "venue": 13,
        "bracket": 0.0,
        "room_rank": 12,
        "flags": "[]",
        "importance": 2,
        "result_status": "C",
        "sides_confirmed": true
    }
},
{
    "model": "draw.debate",
    "pk": 43,
    "fields": {
        "round": 4,
        "venue": 17,
        "bracket": 0.5,
        "room_rank": 11,
        "flags": "[]",
        "importance": 2,
        "result_status": "C",
        "sides_confirmed": true
    }
},
{
    "model": "draw.debate",
    "pk": 44,
    "fields": {
        "round": 4,
        "venue": 1,
        "bracket": 2.0,
        "room_rank": 5,
        "flags": "[]",
        "importance": 2,
        "result_status": "C",
        "sides_confirmed": true
    }
},
{
    "model": "draw.debate",
    "pk": 45,
    "fields": {
        "round": 4,
        "venue": 19,
        "bracket": 2.0,
        "room_rank": 6,
        "flags": "[]",
        "importance": 2,
        "result_status": "C",
        "sides_confirmed": true
    }
},
{
    "model": "draw.debate",
    "pk": 46,
    "fields": {
        "round": 4,
        "venue": 22,
        "bracket": 2.5,
        "room_rank": 2,
        "flags": "[]",
        "importance": 2,
        "result_status": "C",
        "sides_confirmed": true
    }
},
{
    "model": "draw.debate",
    "pk": 47,
    "fields": {
        "round": 4,
        "venue": 14,
        "bracket": 2.0,
        "room_rank": 4,
        "flags": "[]",
        "importance": 2,
        "result_status": "C",
        "sides_confirmed": true
    }
},
{
    "model": "draw.debate",
    "pk": 48,
    "fields": {
        "round": 4,
        "venue": 20,
        "bracket": 2.0,
        "room_rank": 3,
        "flags": "[]",
        "importance": 2,
        "result_status": "C",
        "sides_confirmed": true
    }
},
{
    "model": "draw.debate",
    "pk": 67,
    "fields": {
        "round": 7,
        "venue": 9,
        "bracket": 0.0,
        "room_rank": 2,
        "flags": "[]",
        "importance": 2,
        "result_status": "N",
        "sides_confirmed": true
    }
},
{
    "model": "draw.debate",
    "pk": 68,
    "fields": {
        "round": 7,
        "venue": 16,
        "bracket": 0.0,
        "room_rank": 1,
        "flags": "[]",
        "importance": 2,
        "result_status": "N",
        "sides_confirmed": true
    }
},
{
    "model": "draw.debate",
    "pk": 69,
    "fields": {
        "round": 6,
        "venue": 25,
        "bracket": 0.0,
        "room_rank": 2,
        "flags": "[]",
        "importance": 0,
        "result_status": "N",
        "sides_confirmed": false
    }
},
{
    "model": "draw.debate",
    "pk": 70,
    "fields": {
        "round": 6,
        "venue": 24,
        "bracket": 0.0,
        "room_rank": 1,
        "flags": "[]",
        "importance": 0,
        "result_status": "N",
        "sides_confirmed": false
    }
},
{
    "model": "draw.debate",
    "pk": 71,
    "fields": {
        "round": 5,
        "venue": 27,
        "bracket": 0.0,
        "room_rank": 1,
        "flags": "[]",
        "importance": 0,
        "result_status": "N",
        "sides_confirmed": false
    }
},
{
    "model": "draw.debate",
    "pk": 72,
    "fields": {
        "round": 5,
        "venue": 25,
        "bracket": 0.0,
        "room_rank": 3,
        "flags": "[]",
        "importance": 0,
        "result_status": "N",
        "sides_confirmed": false
    }
},
{
    "model": "draw.debate",
    "pk": 73,
    "fields": {
        "round": 5,
        "venue": 26,
        "bracket": 0.0,
        "room_rank": 2,
        "flags": "[]",
        "importance": 0,
        "result_status": "N",
        "sides_confirmed": false
    }
},
{
    "model": "draw.debate",
    "pk": 74,
    "fields": {
        "round": 5,
        "venue": 24,
        "bracket": 0.0,
        "room_rank": 4,
        "flags": "[]",
        "importance": 0,
        "result_status": "N",
        "sides_confirmed": false
    }
},
{
    "model": "draw.debateteam",
    "pk": 1,
    "fields": {
        "debate": 1,
        "team": 3,
        "side": "aff",
        "flags": "[]"
    }
},
{
    "model": "draw.debateteam",
    "pk": 2,
    "fields": {
        "debate": 1,
        "team": 21,
        "side": "neg",
        "flags": "[]"
    }
},
{
    "model": "draw.debateteam",
    "pk": 3,
    "fields": {
        "debate": 2,
        "team": 20,
        "side": "aff",
        "flags": "[]"
    }
},
{
    "model": "draw.debateteam",
    "pk": 4,
    "fields": {
        "debate": 2,
        "team": 9,
        "side": "neg",
        "flags": "[]"
    }
},
{
    "model": "draw.debateteam",
    "pk": 5,
    "fields": {
        "debate": 3,
        "team": 2,
        "side": "aff",
        "flags": "[]"
    }
},
{
    "model": "draw.debateteam",
    "pk": 6,
    "fields": {
        "debate": 3,
        "team": 13,
        "side": "neg",
        "flags": "[]"
    }
},
{
    "model": "draw.debateteam",
    "pk": 7,
    "fields": {
        "debate": 4,
        "team": 7,
        "side": "aff",
        "flags": "[]"
    }
},
{
    "model": "draw.debateteam",
    "pk": 8,
    "fields": {
        "debate": 4,
        "team": 24,
        "side": "neg",
        "flags": "[]"
    }
},
{
    "model": "draw.debateteam",
    "pk": 9,
    "fields": {
        "debate": 5,
        "team": 6,
        "side": "aff",
        "flags": "[]"
    }
},
{
    "model": "draw.debateteam",
    "pk": 10,
    "fields": {
        "debate": 5,
        "team": 22,
        "side": "neg",
        "flags": "[]"
    }
},
{
    "model": "draw.debateteam",
    "pk": 11,
    "fields": {
        "debate": 6,
        "team": 5,
        "side": "aff",
        "flags": "[]"
    }
},
{
    "model": "draw.debateteam",
    "pk": 12,
    "fields": {
        "debate": 6,
        "team": 10,
        "side": "neg",
        "flags": "[]"
    }
},
{
    "model": "draw.debateteam",
    "pk": 13,
    "fields": {
        "debate": 7,
        "team": 12,
        "side": "aff",
        "flags": "[]"
    }
},
{
    "model": "draw.debateteam",
    "pk": 14,
    "fields": {
        "debate": 7,
        "team": 16,
        "side": "neg",
        "flags": "[]"
    }
},
{
    "model": "draw.debateteam",
    "pk": 15,
    "fields": {
        "debate": 8,
        "team": 19,
        "side": "aff",
        "flags": "[]"
    }
},
{
    "model": "draw.debateteam",
    "pk": 16,
    "fields": {
        "debate": 8,
        "team": 15,
        "side": "neg",
        "flags": "[]"
    }
},
{
    "model": "draw.debateteam",
    "pk": 17,
    "fields": {
        "debate": 9,
        "team": 17,
        "side": "aff",
        "flags": "[]"
    }
},
{
    "model": "draw.debateteam",
    "pk": 18,
    "fields": {
        "debate": 9,
        "team": 1,
        "side": "neg",
        "flags": "[]"
    }
},
{
    "model": "draw.debateteam",
    "pk": 19,
    "fields": {
        "debate": 10,
        "team": 23,
        "side": "aff",
        "flags": "[]"
    }
},
{
    "model": "draw.debateteam",
    "pk": 20,
    "fields": {
        "debate": 10,
        "team": 11,
        "side": "neg",
        "flags": "[]"
    }
},
{
    "model": "draw.debateteam",
    "pk": 21,
    "fields": {
        "debate": 11,
        "team": 4,
        "side": "aff",
        "flags": "[]"
    }
},
{
    "model": "draw.debateteam",
    "pk": 22,
    "fields": {
        "debate": 11,
        "team": 8,
        "side": "neg",
        "flags": "[]"
    }
},
{
    "model": "draw.debateteam",
    "pk": 23,
    "fields": {
        "debate": 12,
        "team": 14,
        "side": "aff",
        "flags": "[]"
    }
},
{
    "model": "draw.debateteam",
    "pk": 24,
    "fields": {
        "debate": 12,
        "team": 18,
        "side": "neg",
        "flags": "[]"
    }
},
{
    "model": "draw.debateteam",
    "pk": 25,
    "fields": {
        "debate": 13,
        "team": 16,
        "side": "aff",
        "flags": "[]"
    }
},
{
    "model": "draw.debateteam",
    "pk": 26,
    "fields": {
        "debate": 13,
        "team": 2,
        "side": "neg",
        "flags": "[]"
    }
},
{
    "model": "draw.debateteam",
    "pk": 27,
    "fields": {
        "debate": 14,
        "team": 13,
        "side": "aff",
        "flags": "[]"
    }
},
{
    "model": "draw.debateteam",
    "pk": 28,
    "fields": {
        "debate": 14,
        "team": 12,
        "side": "neg",
        "flags": "[]"
    }
},
{
    "model": "draw.debateteam",
    "pk": 29,
    "fields": {
        "debate": 15,
        "team": 15,
        "side": "aff",
        "flags": "[]"
    }
},
{
    "model": "draw.debateteam",
    "pk": 30,
    "fields": {
        "debate": 15,
        "team": 7,
        "side": "neg",
        "flags": "[]"
    }
},
{
    "model": "draw.debateteam",
    "pk": 31,
    "fields": {
        "debate": 16,
        "team": 22,
        "side": "aff",
        "flags": "[]"
    }
},
{
    "model": "draw.debateteam",
    "pk": 32,
    "fields": {
        "debate": 16,
        "team": 4,
        "side": "neg",
        "flags": "[]"
    }
},
{
    "model": "draw.debateteam",
    "pk": 33,
    "fields": {
        "debate": 17,
        "team": 18,
        "side": "aff",
        "flags": "[]"
    }
},
{
    "model": "draw.debateteam",
    "pk": 34,
    "fields": {
        "debate": 17,
        "team": 3,
        "side": "neg",
        "flags": "[]"
    }
},
{
    "model": "draw.debateteam",
    "pk": 35,
    "fields": {
        "debate": 18,
        "team": 1,
        "side": "aff",
        "flags": "[]"
    }
},
{
    "model": "draw.debateteam",
    "pk": 36,
    "fields": {
        "debate": 18,
        "team": 6,
        "side": "neg",
        "flags": "[]"
    }
},
{
    "model": "draw.debateteam",
    "pk": 37,
    "fields": {
        "debate": 19,
        "team": 11,
        "side": "aff",
        "flags": "[]"
    }
},
{
    "model": "draw.debateteam",
    "pk": 38,
    "fields": {
        "debate": 19,
        "team": 5,
        "side": "neg",
        "flags": "[]"
    }
},
{
    "model": "draw.debateteam",
    "pk": 39,
    "fields": {
        "debate": 20,
        "team": 24,
        "side": "aff",
        "flags": "[]"
    }
},
{
    "model": "draw.debateteam",
    "pk": 40,
    "fields": {
        "debate": 20,
        "team": 21,
        "side": "neg",
        "flags": "[]"
    }
},
{
    "model": "draw.debateteam",
    "pk": 41,
    "fields": {
        "debate": 21,
        "team": 17,
        "side": "aff",
        "flags": "[]"
    }
},
{
    "model": "draw.debateteam",
    "pk": 42,
    "fields": {
        "debate": 21,
        "team": 23,
        "side": "neg",
        "flags": "[]"
    }
},
{
    "model": "draw.debateteam",
    "pk": 43,
    "fields": {
        "debate": 22,
        "team": 14,
        "side": "aff",
        "flags": "[]"
    }
},
{
    "model": "draw.debateteam",
    "pk": 44,
    "fields": {
        "debate": 22,
        "team": 20,
        "side": "neg",
        "flags": "[]"
    }
},
{
    "model": "draw.debateteam",
    "pk": 45,
    "fields": {
        "debate": 23,
        "team": 9,
        "side": "aff",
        "flags": "[]"
    }
},
{
    "model": "draw.debateteam",
    "pk": 46,
    "fields": {
        "debate": 23,
        "team": 8,
        "side": "neg",
        "flags": "[]"
    }
},
{
    "model": "draw.debateteam",
    "pk": 47,
    "fields": {
        "debate": 24,
        "team": 10,
        "side": "aff",
        "flags": "[]"
    }
},
{
    "model": "draw.debateteam",
    "pk": 48,
    "fields": {
        "debate": 24,
        "team": 19,
        "side": "neg",
        "flags": "[]"
    }
},
{
    "model": "draw.debateteam",
    "pk": 49,
    "fields": {
        "debate": 25,
        "team": 3,
        "side": "aff",
        "flags": "[]"
    }
},
{
    "model": "draw.debateteam",
    "pk": 50,
    "fields": {
        "debate": 25,
        "team": 4,
        "side": "neg",
        "flags": "[]"
    }
},
{
    "model": "draw.debateteam",
    "pk": 51,
    "fields": {
        "debate": 26,
        "team": 1,
        "side": "aff",
        "flags": "[]"
    }
},
{
    "model": "draw.debateteam",
    "pk": 52,
    "fields": {
        "debate": 26,
        "team": 18,
        "side": "neg",
        "flags": "[]"
    }
},
{
    "model": "draw.debateteam",
    "pk": 53,
    "fields": {
        "debate": 27,
        "team": 15,
        "side": "aff",
        "flags": "[]"
    }
},
{
    "model": "draw.debateteam",
    "pk": 54,
    "fields": {
        "debate": 27,
        "team": 6,
        "side": "neg",
        "flags": "[]"
    }
},
{
    "model": "draw.debateteam",
    "pk": 55,
    "fields": {
        "debate": 28,
        "team": 21,
        "side": "aff",
        "flags": "[]"
    }
},
{
    "model": "draw.debateteam",
    "pk": 56,
    "fields": {
        "debate": 28,
        "team": 12,
        "side": "neg",
        "flags": "[]"
    }
},
{
    "model": "draw.debateteam",
    "pk": 57,
    "fields": {
        "debate": 29,
        "team": 24,
        "side": "aff",
        "flags": "[]"
    }
},
{
    "model": "draw.debateteam",
    "pk": 58,
    "fields": {
        "debate": 29,
        "team": 19,
        "side": "neg",
        "flags": "[]"
    }
},
{
    "model": "draw.debateteam",
    "pk": 59,
    "fields": {
        "debate": 30,
        "team": 10,
        "side": "aff",
        "flags": "[]"
    }
},
{
    "model": "draw.debateteam",
    "pk": 60,
    "fields": {
        "debate": 30,
        "team": 2,
        "side": "neg",
        "flags": "[]"
    }
},
{
    "model": "draw.debateteam",
    "pk": 61,
    "fields": {
        "debate": 31,
        "team": 9,
        "side": "aff",
        "flags": "[]"
    }
},
{
    "model": "draw.debateteam",
    "pk": 62,
    "fields": {
        "debate": 31,
        "team": 7,
        "side": "neg",
        "flags": "[]"
    }
},
{
    "model": "draw.debateteam",
    "pk": 63,
    "fields": {
        "debate": 32,
        "team": 20,
        "side": "aff",
        "flags": "[]"
    }
},
{
    "model": "draw.debateteam",
    "pk": 64,
    "fields": {
        "debate": 32,
        "team": 5,
        "side": "neg",
        "flags": "[]"
    }
},
{
    "model": "draw.debateteam",
    "pk": 65,
    "fields": {
        "debate": 33,
        "team": 16,
        "side": "aff",
        "flags": "[]"
    }
},
{
    "model": "draw.debateteam",
    "pk": 66,
    "fields": {
        "debate": 33,
        "team": 11,
        "side": "neg",
        "flags": "[]"
    }
},
{
    "model": "draw.debateteam",
    "pk": 67,
    "fields": {
        "debate": 34,
        "team": 23,
        "side": "aff",
        "flags": "[]"
    }
},
{
    "model": "draw.debateteam",
    "pk": 68,
    "fields": {
        "debate": 34,
        "team": 14,
        "side": "neg",
        "flags": "[]"
    }
},
{
    "model": "draw.debateteam",
    "pk": 69,
    "fields": {
        "debate": 35,
        "team": 22,
        "side": "aff",
        "flags": "[]"
    }
},
{
    "model": "draw.debateteam",
    "pk": 70,
    "fields": {
        "debate": 35,
        "team": 13,
        "side": "neg",
        "flags": "[]"
    }
},
{
    "model": "draw.debateteam",
    "pk": 71,
    "fields": {
        "debate": 36,
        "team": 8,
        "side": "aff",
        "flags": "[]"
    }
},
{
    "model": "draw.debateteam",
    "pk": 72,
    "fields": {
        "debate": 36,
        "team": 17,
        "side": "neg",
        "flags": "[]"
    }
},
{
    "model": "draw.debateteam",
    "pk": 73,
    "fields": {
        "debate": 37,
        "team": 19,
        "side": "aff",
        "flags": "[]"
    }
},
{
    "model": "draw.debateteam",
    "pk": 74,
    "fields": {
        "debate": 37,
        "team": 22,
        "side": "neg",
        "flags": "[]"
    }
},
{
    "model": "draw.debateteam",
    "pk": 75,
    "fields": {
        "debate": 38,
        "team": 11,
        "side": "aff",
        "flags": "[]"
    }
},
{
    "model": "draw.debateteam",
    "pk": 76,
    "fields": {
        "debate": 38,
        "team": 7,
        "side": "neg",
        "flags": "[]"
    }
},
{
    "model": "draw.debateteam",
    "pk": 77,
    "fields": {
        "debate": 39,
        "team": 8,
        "side": "aff",
        "flags": "[]"
    }
},
{
    "model": "draw.debateteam",
    "pk": 78,
    "fields": {
        "debate": 39,
        "team": 5,
        "side": "neg",
        "flags": "[]"
    }
},
{
    "model": "draw.debateteam",
    "pk": 79,
    "fields": {
        "debate": 40,
        "team": 3,
        "side": "aff",
        "flags": "[]"
    }
},
{
    "model": "draw.debateteam",
    "pk": 80,
    "fields": {
        "debate": 40,
        "team": 23,
        "side": "neg",
        "flags": "[]"
    }
},
{
    "model": "draw.debateteam",
    "pk": 81,
    "fields": {
        "debate": 41,
        "team": 21,
        "side": "aff",
        "flags": "[]"
    }
},
{
    "model": "draw.debateteam",
    "pk": 82,
    "fields": {
        "debate": 41,
        "team": 15,
        "side": "neg",
        "flags": "[]"
    }
},
{
    "model": "draw.debateteam",
    "pk": 83,
    "fields": {
        "debate": 42,
        "team": 13,
        "side": "aff",
        "flags": "[]"
    }
},
{
    "model": "draw.debateteam",
    "pk": 84,
    "fields": {
        "debate": 42,
        "team": 14,
        "side": "neg",
        "flags": "[]"
    }
},
{
    "model": "draw.debateteam",
    "pk": 85,
    "fields": {
        "debate": 43,
        "team": 2,
        "side": "aff",
        "flags": "[]"
    }
},
{
    "model": "draw.debateteam",
    "pk": 86,
    "fields": {
        "debate": 43,
        "team": 24,
        "side": "neg",
        "flags": "[]"
    }
},
{
    "model": "draw.debateteam",
    "pk": 87,
    "fields": {
        "debate": 44,
        "team": 12,
        "side": "aff",
        "flags": "[]"
    }
},
{
    "model": "draw.debateteam",
    "pk": 88,
    "fields": {
        "debate": 44,
        "team": 9,
        "side": "neg",
        "flags": "[]"
    }
},
{
    "model": "draw.debateteam",
    "pk": 89,
    "fields": {
        "debate": 45,
        "team": 16,
        "side": "aff",
        "flags": "[]"
    }
},
{
    "model": "draw.debateteam",
    "pk": 90,
    "fields": {
        "debate": 45,
        "team": 1,
        "side": "neg",
        "flags": "[]"
    }
},
{
    "model": "draw.debateteam",
    "pk": 91,
    "fields": {
        "debate": 46,
        "team": 4,
        "side": "aff",
        "flags": "[]"
    }
},
{
    "model": "draw.debateteam",
    "pk": 92,
    "fields": {
        "debate": 46,
        "team": 18,
        "side": "neg",
        "flags": "[]"
    }
},
{
    "model": "draw.debateteam",
    "pk": 93,
    "fields": {
        "debate": 47,
        "team": 6,
        "side": "aff",
        "flags": "[]"
    }
},
{
    "model": "draw.debateteam",
    "pk": 94,
    "fields": {
        "debate": 47,
        "team": 20,
        "side": "neg",
        "flags": "[]"
    }
},
{
    "model": "draw.debateteam",
    "pk": 95,
    "fields": {
        "debate": 48,
        "team": 17,
        "side": "aff",
        "flags": "[]"
    }
},
{
    "model": "draw.debateteam",
    "pk": 96,
    "fields": {
        "debate": 48,
        "team": 10,
        "side": "neg",
        "flags": "[]"
    }
},
{
    "model": "draw.debateteam",
    "pk": 133,
    "fields": {
        "debate": 67,
        "team": 12,
        "side": "aff",
        "flags": "[]"
    }
},
{
    "model": "draw.debateteam",
    "pk": 134,
    "fields": {
        "debate": 67,
        "team": 20,
        "side": "neg",
        "flags": "[]"
    }
},
{
    "model": "draw.debateteam",
    "pk": 135,
    "fields": {
        "debate": 68,
        "team": 18,
        "side": "aff",
        "flags": "[]"
    }
},
{
    "model": "draw.debateteam",
    "pk": 136,
    "fields": {
        "debate": 68,
        "team": 4,
        "side": "neg",
        "flags": "[]"
    }
},
{
    "model": "draw.debateteam",
    "pk": 137,
    "fields": {
        "debate": 69,
        "team": 5,
        "side": "aff",
        "flags": "[]"
    }
},
{
    "model": "draw.debateteam",
    "pk": 138,
    "fields": {
        "debate": 69,
        "team": 6,
        "side": "neg",
        "flags": "[]"
    }
},
{
    "model": "draw.debateteam",
    "pk": 139,
    "fields": {
        "debate": 70,
        "team": 10,
        "side": "aff",
        "flags": "[]"
    }
},
{
    "model": "draw.debateteam",
    "pk": 140,
    "fields": {
        "debate": 70,
        "team": 9,
        "side": "neg",
        "flags": "[]"
    }
},
{
    "model": "draw.debateteam",
    "pk": 141,
    "fields": {
        "debate": 71,
        "team": 4,
        "side": "aff",
        "flags": "[]"
    }
},
{
    "model": "draw.debateteam",
    "pk": 142,
    "fields": {
        "debate": 71,
        "team": 7,
        "side": "neg",
        "flags": "[]"
    }
},
{
    "model": "draw.debateteam",
    "pk": 143,
    "fields": {
        "debate": 72,
        "team": 20,
        "side": "aff",
        "flags": "[]"
    }
},
{
    "model": "draw.debateteam",
    "pk": 144,
    "fields": {
        "debate": 72,
        "team": 17,
        "side": "neg",
        "flags": "[]"
    }
},
{
    "model": "draw.debateteam",
    "pk": 145,
    "fields": {
        "debate": 73,
        "team": 11,
        "side": "aff",
        "flags": "[]"
    }
},
{
    "model": "draw.debateteam",
    "pk": 146,
    "fields": {
        "debate": 73,
        "team": 18,
        "side": "neg",
        "flags": "[]"
    }
},
{
    "model": "draw.debateteam",
    "pk": 147,
    "fields": {
        "debate": 74,
        "team": 1,
        "side": "aff",
        "flags": "[]"
    }
},
{
    "model": "draw.debateteam",
    "pk": 148,
    "fields": {
        "debate": 74,
        "team": 12,
        "side": "neg",
        "flags": "[]"
    }
},
{
    "model": "motions.motion",
    "pk": 1,
    "fields": {
        "seq": 1,
        "text": "This House would abolish national days",
        "reference": "National days",
        "info_slide": "",
        "round": 1
    }
},
{
    "model": "motions.motion",
    "pk": 2,
    "fields": {
        "seq": 2,
        "text": "This House regrets the existence of Valentine's Day",
        "reference": "Valentines Day",
        "info_slide": "",
        "round": 1
    }
},
{
    "model": "motions.motion",
    "pk": 3,
    "fields": {
        "seq": 3,
        "text": "This House would rename Christmas with a name that is religiously neutral",
        "reference": "Christmas",
        "info_slide": "",
        "round": 1
    }
},
{
    "model": "motions.motion",
    "pk": 4,
    "fields": {
        "seq": 1,
        "text": "This House would not buy Apple",
        "reference": "Apple",
        "info_slide": "",
        "round": 2
    }
},
{
    "model": "motions.motion",
    "pk": 5,
    "fields": {
        "seq": 2,
        "text": "This House would end all research and development tax credits for highly profitable technology companies",
        "reference": "R&D tax credit",
        "info_slide": "",
        "round": 2
    }
},
{
    "model": "motions.motion",
    "pk": 6,
    "fields": {
        "seq": 3,
        "text": "This House regrets the rise of computer science at the expense of the humanities",
        "reference": "Computer science",
        "info_slide": "",
        "round": 2
    }
},
{
    "model": "motions.motion",
    "pk": 7,
    "fields": {
        "seq": 1,
        "text": "This House would favour creativity over intelligence",
        "reference": "Creativity and intelligence",
        "info_slide": "",
        "round": 3
    }
},
{
    "model": "motions.motion",
    "pk": 8,
    "fields": {
        "seq": 2,
        "text": "This House believes that field hockey is better than ice hockey",
        "reference": "Hockey",
        "info_slide": "",
        "round": 3
    }
},
{
    "model": "motions.motion",
    "pk": 9,
    "fields": {
        "seq": 3,
        "text": "This House would rather play with Lego than Barbie",
        "reference": "Lego and Barbie",
        "info_slide": "",
        "round": 3
    }
},
{
    "model": "motions.motion",
    "pk": 10,
    "fields": {
        "seq": 1,
        "text": "This House would stop importing bananas from Latin America",
        "reference": "Bananas",
        "info_slide": "",
        "round": 4
    }
},
{
    "model": "motions.motion",
    "pk": 11,
    "fields": {
        "seq": 2,
        "text": "This House believes that tomatoes are a fruit",
        "reference": "Tomatoes",
        "info_slide": "",
        "round": 4
    }
},
{
    "model": "motions.motion",
    "pk": 12,
    "fields": {
        "seq": 3,
        "text": "This House would require all fruit to carry labels noting what pesticides are used on them",
        "reference": "Pesticide labelling",
        "info_slide": "",
        "round": 4
    }
},
{
    "model": "motions.motion",
    "pk": 13,
    "fields": {
        "seq": 1,
        "text": "This House would make an exception to laws forbidding indecent exposure for days with hot temperatures",
        "reference": "Indecent exposure",
        "info_slide": "",
        "round": 7
    }
},
{
    "model": "motions.motion",
    "pk": 14,
    "fields": {
        "seq": 2,
        "text": "This House regrets the development of different fashion lines for men and women",
        "reference": "Gender and fashion",
        "info_slide": "",
        "round": 7
    }
},
{
    "model": "motions.motion",
    "pk": 15,
    "fields": {
        "seq": 3,
        "text": "This House believes that it is unprofessional to wear flip-flops (jandals, thongs) to work",
        "reference": "Flip-flops",
        "info_slide": "",
        "round": 7
    }
},
{
    "model": "motions.motion",
    "pk": 16,
    "fields": {
        "seq": 1,
        "text": "This House would stop using cash",
        "reference": "Cash",
        "info_slide": "",
        "round": 10
    }
},
{
    "model": "motions.motion",
    "pk": 17,
    "fields": {
        "seq": 2,
        "text": "This House supports Bitcoin",
        "reference": "Bitcoin",
        "info_slide": "",
        "round": 10
    }
},
{
    "model": "motions.motion",
    "pk": 18,
    "fields": {
        "seq": 3,
        "text": "This House would allow private organisations to compete in providing currency",
        "reference": "Private currency",
        "info_slide": "",
        "round": 10
    }
},
{
    "model": "participants.region",
    "pk": 1,
    "fields": {
        "name": "NY"
    }
},
{
    "model": "participants.region",
    "pk": 2,
    "fields": {
        "name": "MA"
    }
},
{
    "model": "participants.region",
    "pk": 3,
    "fields": {
        "name": "MD"
    }
},
{
    "model": "participants.region",
    "pk": 4,
    "fields": {
        "name": "CT"
    }
},
{
    "model": "participants.region",
    "pk": 5,
    "fields": {
        "name": "PA"
    }
},
{
    "model": "participants.region",
    "pk": 6,
    "fields": {
        "name": "CA"
    }
},
{
    "model": "participants.region",
    "pk": 7,
    "fields": {
        "name": "Other"
    }
},
{
    "model": "participants.institution",
    "pk": 1,
    "fields": {
        "name": "California Institute of Technology",
        "code": "Caltech",
        "region": 6
    }
},
{
    "model": "participants.institution",
    "pk": 2,
    "fields": {
        "name": "Columbia University",
        "code": "Columbia",
        "region": 1
    }
},
{
    "model": "participants.institution",
    "pk": 3,
    "fields": {
        "name": "Cornell University",
        "code": "Cornell",
        "region": 1
    }
},
{
    "model": "participants.institution",
    "pk": 4,
    "fields": {
        "name": "Harvard University",
        "code": "Harvard",
        "region": 2
    }
},
{
    "model": "participants.institution",
    "pk": 5,
    "fields": {
        "name": "Johns Hopkins University",
        "code": "Johns Hopkins",
        "region": 3
    }
},
{
    "model": "participants.institution",
    "pk": 6,
    "fields": {
        "name": "Massachusetts Institute of Technology",
        "code": "MIT",
        "region": 2
    }
},
{
    "model": "participants.institution",
    "pk": 7,
    "fields": {
        "name": "Princeton University",
        "code": "Princeton",
        "region": null
    }
},
{
    "model": "participants.institution",
    "pk": 8,
    "fields": {
        "name": "Stanford University",
        "code": "Stanford",
        "region": 6
    }
},
{
    "model": "participants.institution",
    "pk": 9,
    "fields": {
        "name": "University of California, Berkeley",
        "code": "Berkeley",
        "region": 6
    }
},
{
    "model": "participants.institution",
    "pk": 10,
    "fields": {
        "name": "University of Chicago",
        "code": "Chicago",
        "region": null
    }
},
{
    "model": "participants.institution",
    "pk": 11,
    "fields": {
        "name": "University of Pennsylvania",
        "code": "Pennsylvania",
        "region": 5
    }
},
{
    "model": "participants.institution",
    "pk": 12,
    "fields": {
        "name": "University of Toronto",
        "code": "Toronto",
        "region": null
    }
},
{
    "model": "participants.institution",
    "pk": 13,
    "fields": {
        "name": "Yale University",
        "code": "Yale",
        "region": 4
    }
},
{
    "model": "participants.person",
    "pk": 1,
    "fields": {
        "name": "Georgia Crawford",
        "email": null,
        "phone": "",
        "anonymous": false,
        "url_key": null,
        "gender": "F",
        "pronoun": "she"
    }
},
{
    "model": "participants.person",
    "pk": 2,
    "fields": {
        "name": "Wanda Griffin",
        "email": null,
        "phone": "",
        "anonymous": false,
        "url_key": null,
        "gender": "F",
        "pronoun": "she"
    }
},
{
    "model": "participants.person",
    "pk": 3,
    "fields": {
        "name": "Helen Keller",
        "email": null,
        "phone": "",
        "anonymous": false,
        "url_key": null,
        "gender": "F",
        "pronoun": "she"
    }
},
{
    "model": "participants.person",
    "pk": 4,
    "fields": {
        "name": "Russell Warren",
        "email": null,
        "phone": "",
        "anonymous": false,
        "url_key": null,
        "gender": "M",
        "pronoun": "he"
    }
},
{
    "model": "participants.person",
    "pk": 5,
    "fields": {
        "name": "Angel Rhodes",
        "email": null,
        "phone": "",
        "anonymous": false,
        "url_key": null,
        "gender": "",
        "pronoun": "they"
    }
},
{
    "model": "participants.person",
    "pk": 6,
    "fields": {
        "name": "Terry Henderson",
        "email": null,
        "phone": "",
        "anonymous": false,
        "url_key": null,
        "gender": "M",
        "pronoun": "he"
    }
},
{
    "model": "participants.person",
    "pk": 7,
    "fields": {
        "name": "Kyle Ruiz",
        "email": null,
        "phone": "",
        "anonymous": false,
        "url_key": null,
        "gender": "M",
        "pronoun": "he"
    }
},
{
    "model": "participants.person",
    "pk": 8,
    "fields": {
        "name": "Randolph Lambert",
        "email": null,
        "phone": "",
        "anonymous": false,
        "url_key": null,
        "gender": "M",
        "pronoun": ""
    }
},
{
    "model": "participants.person",
    "pk": 9,
    "fields": {
        "name": "Sergio Pittman",
        "email": null,
        "phone": "",
        "anonymous": false,
        "url_key": null,
        "gender": "M",
        "pronoun": "he"
    }
},
{
    "model": "participants.person",
    "pk": 10,
    "fields": {
        "name": "Earnest Becker",
        "email": null,
        "phone": "",
        "anonymous": false,
        "url_key": null,
        "gender": "M",
        "pronoun": "he"
    }
},
{
    "model": "participants.person",
    "pk": 11,
    "fields": {
        "name": "Ellis Rowe",
        "email": null,
        "phone": "",
        "anonymous": false,
        "url_key": null,
        "gender": "M",
        "pronoun": "he"
    }
},
{
    "model": "participants.person",
    "pk": 12,
    "fields": {
        "name": "Robin Roberson",
        "email": null,
        "phone": "",
        "anonymous": false,
        "url_key": null,
        "gender": "M",
        "pronoun": "he"
    }
},
{
    "model": "participants.person",
    "pk": 13,
    "fields": {
        "name": "Gwen Newman",
        "email": null,
        "phone": "",
        "anonymous": false,
        "url_key": null,
        "gender": "F",
        "pronoun": "she"
    }
},
{
    "model": "participants.person",
    "pk": 14,
    "fields": {
        "name": "Robyn Caldwell",
        "email": null,
        "phone": "",
        "anonymous": false,
        "url_key": null,
        "gender": "F",
        "pronoun": ""
    }
},
{
    "model": "participants.person",
    "pk": 15,
    "fields": {
        "name": "Angie Holt",
        "email": null,
        "phone": "",
        "anonymous": false,
        "url_key": null,
        "gender": "F",
        "pronoun": "she"
    }
},
{
    "model": "participants.person",
    "pk": 16,
    "fields": {
        "name": "Melvin Jordan",
        "email": null,
        "phone": "",
        "anonymous": false,
        "url_key": null,
        "gender": "M",
        "pronoun": "he"
    }
},
{
    "model": "participants.person",
    "pk": 17,
    "fields": {
        "name": "Gladys Burke",
        "email": null,
        "phone": "",
        "anonymous": false,
        "url_key": null,
        "gender": "F",
        "pronoun": ""
    }
},
{
    "model": "participants.person",
    "pk": 18,
    "fields": {
        "name": "Patty Saunders",
        "email": null,
        "phone": "",
        "anonymous": false,
        "url_key": null,
        "gender": "M",
        "pronoun": "he"
    }
},
{
    "model": "participants.person",
    "pk": 19,
    "fields": {
        "name": "Thomas Pierce",
        "email": null,
        "phone": "",
        "anonymous": false,
        "url_key": null,
        "gender": "M",
        "pronoun": "he"
    }
},
{
    "model": "participants.person",
    "pk": 20,
    "fields": {
        "name": "Stella Lindsey",
        "email": null,
        "phone": "",
        "anonymous": false,
        "url_key": null,
        "gender": "F",
        "pronoun": "she"
    }
},
{
    "model": "participants.person",
    "pk": 21,
    "fields": {
        "name": "Adrian May",
        "email": null,
        "phone": "",
        "anonymous": false,
        "url_key": null,
        "gender": "M",
        "pronoun": "he"
    }
},
{
    "model": "participants.person",
    "pk": 22,
    "fields": {
        "name": "Taylor Brown",
        "email": null,
        "phone": "",
        "anonymous": false,
        "url_key": null,
        "gender": "M",
        "pronoun": ""
    }
},
{
    "model": "participants.person",
    "pk": 23,
    "fields": {
        "name": "Bethany Chambers",
        "email": null,
        "phone": "",
        "anonymous": false,
        "url_key": null,
        "gender": "M",
        "pronoun": "he"
    }
},
{
    "model": "participants.person",
    "pk": 24,
    "fields": {
        "name": "Pamela Bryan",
        "email": null,
        "phone": "",
        "anonymous": false,
        "url_key": null,
        "gender": "F",
        "pronoun": "she"
    }
},
{
    "model": "participants.person",
    "pk": 25,
    "fields": {
        "name": "Janet Nunez",
        "email": null,
        "phone": "",
        "anonymous": false,
        "url_key": null,
        "gender": "F",
        "pronoun": "she"
    }
},
{
    "model": "participants.person",
    "pk": 26,
    "fields": {
        "name": "Owen Chandler",
        "email": null,
        "phone": "",
        "anonymous": false,
        "url_key": null,
        "gender": "M",
        "pronoun": ""
    }
},
{
    "model": "participants.person",
    "pk": 27,
    "fields": {
        "name": "Lillie Rodriquez",
        "email": null,
        "phone": "",
        "anonymous": false,
        "url_key": null,
        "gender": "F",
        "pronoun": "she"
    }
},
{
    "model": "participants.person",
    "pk": 28,
    "fields": {
        "name": "Rufus Dennis",
        "email": null,
        "phone": "",
        "anonymous": false,
        "url_key": null,
        "gender": "M",
        "pronoun": "he"
    }
},
{
    "model": "participants.person",
    "pk": 29,
    "fields": {
        "name": "Marty Love",
        "email": null,
        "phone": "",
        "anonymous": false,
        "url_key": null,
        "gender": "M",
        "pronoun": "he"
    }
},
{
    "model": "participants.person",
    "pk": 30,
    "fields": {
        "name": "Shelia Wright",
        "email": null,
        "phone": "",
        "anonymous": false,
        "url_key": null,
        "gender": "F",
        "pronoun": "she"
    }
},
{
    "model": "participants.person",
    "pk": 31,
    "fields": {
        "name": "Clark Mills",
        "email": null,
        "phone": "",
        "anonymous": false,
        "url_key": null,
        "gender": "M",
        "pronoun": "he"
    }
},
{
    "model": "participants.person",
    "pk": 32,
    "fields": {
        "name": "Randy Carroll",
        "email": null,
        "phone": "",
        "anonymous": false,
        "url_key": null,
        "gender": "M",
        "pronoun": "he"
    }
},
{
    "model": "participants.person",
    "pk": 33,
    "fields": {
        "name": "Casey Sparks",
        "email": null,
        "phone": "",
        "anonymous": false,
        "url_key": null,
        "gender": "M",
        "pronoun": "he"
    }
},
{
    "model": "participants.person",
    "pk": 34,
    "fields": {
        "name": "Candace Bowen",
        "email": null,
        "phone": "",
        "anonymous": false,
        "url_key": null,
        "gender": "F",
        "pronoun": "she"
    }
},
{
    "model": "participants.person",
    "pk": 35,
    "fields": {
        "name": "Jaime Long",
        "email": null,
        "phone": "",
        "anonymous": false,
        "url_key": null,
        "gender": "M",
        "pronoun": "he"
    }
},
{
    "model": "participants.person",
    "pk": 36,
    "fields": {
        "name": "Leon Hall",
        "email": null,
        "phone": "",
        "anonymous": false,
        "url_key": null,
        "gender": "M",
        "pronoun": "he"
    }
},
{
    "model": "participants.person",
    "pk": 37,
    "fields": {
        "name": "Morris Nichols",
        "email": null,
        "phone": "",
        "anonymous": false,
        "url_key": null,
        "gender": "M",
        "pronoun": "he"
    }
},
{
    "model": "participants.person",
    "pk": 38,
    "fields": {
        "name": "Benjamin Padilla",
        "email": null,
        "phone": "",
        "anonymous": false,
        "url_key": null,
        "gender": "M",
        "pronoun": "he"
    }
},
{
    "model": "participants.person",
    "pk": 39,
    "fields": {
        "name": "Phil Lyons",
        "email": null,
        "phone": "",
        "anonymous": false,
        "url_key": null,
        "gender": "M",
        "pronoun": "he"
    }
},
{
    "model": "participants.person",
    "pk": 40,
    "fields": {
        "name": "Clay Holland",
        "email": null,
        "phone": "",
        "anonymous": false,
        "url_key": null,
        "gender": "M",
        "pronoun": "he"
    }
},
{
    "model": "participants.person",
    "pk": 41,
    "fields": {
        "name": "Elena Cobb",
        "email": null,
        "phone": "",
        "anonymous": false,
        "url_key": null,
        "gender": "F",
        "pronoun": "she"
    }
},
{
    "model": "participants.person",
    "pk": 42,
    "fields": {
        "name": "Shawn Torres",
        "email": null,
        "phone": "",
        "anonymous": false,
        "url_key": null,
        "gender": "M",
        "pronoun": "he"
    }
},
{
    "model": "participants.person",
    "pk": 43,
    "fields": {
        "name": "Willis Carson",
        "email": null,
        "phone": "",
        "anonymous": false,
        "url_key": null,
        "gender": "M",
        "pronoun": "he"
    }
},
{
    "model": "participants.person",
    "pk": 44,
    "fields": {
        "name": "Wendell Nelson",
        "email": null,
        "phone": "",
        "anonymous": false,
        "url_key": null,
        "gender": "F",
        "pronoun": "she"
    }
},
{
    "model": "participants.person",
    "pk": 45,
    "fields": {
        "name": "Felicia Welch",
        "email": null,
        "phone": "",
        "anonymous": false,
        "url_key": null,
        "gender": "F",
        "pronoun": "she"
    }
},
{
    "model": "participants.person",
    "pk": 46,
    "fields": {
        "name": "Cory Meyer",
        "email": null,
        "phone": "",
        "anonymous": false,
        "url_key": null,
        "gender": "M",
        "pronoun": "he"
    }
},
{
    "model": "participants.person",
    "pk": 47,
    "fields": {
        "name": "Stacy Frazier",
        "email": null,
        "phone": "",
        "anonymous": false,
        "url_key": null,
        "gender": "F",
        "pronoun": "she"
    }
},
{
    "model": "participants.person",
    "pk": 48,
    "fields": {
        "name": "Claire Dunn",
        "email": null,
        "phone": "",
        "anonymous": false,
        "url_key": null,
        "gender": "F",
        "pronoun": "she"
    }
},
{
    "model": "participants.person",
    "pk": 49,
    "fields": {
        "name": "Eloise Munoz",
        "email": null,
        "phone": "",
        "anonymous": false,
        "url_key": null,
        "gender": "M",
        "pronoun": "he"
    }
},
{
    "model": "participants.person",
    "pk": 50,
    "fields": {
        "name": "Patricia Palmer",
        "email": null,
        "phone": "",
        "anonymous": false,
        "url_key": null,
        "gender": "M",
        "pronoun": "he"
    }
},
{
    "model": "participants.person",
    "pk": 51,
    "fields": {
        "name": "Stewart Day",
        "email": null,
        "phone": "",
        "anonymous": false,
        "url_key": null,
        "gender": "M",
        "pronoun": "he"
    }
},
{
    "model": "participants.person",
    "pk": 52,
    "fields": {
        "name": "Timmy Craig",
        "email": null,
        "phone": "",
        "anonymous": false,
        "url_key": null,
        "gender": "M",
        "pronoun": "he"
    }
},
{
    "model": "participants.person",
    "pk": 53,
    "fields": {
        "name": "Patrick Kelly",
        "email": null,
        "phone": "",
        "anonymous": false,
        "url_key": null,
        "gender": "M",
        "pronoun": "he"
    }
},
{
    "model": "participants.person",
    "pk": 54,
    "fields": {
        "name": "Kristopher Hayes",
        "email": null,
        "phone": "",
        "anonymous": false,
        "url_key": null,
        "gender": "M",
        "pronoun": "he"
    }
},
{
    "model": "participants.person",
    "pk": 55,
    "fields": {
        "name": "Andy Lane",
        "email": null,
        "phone": "",
        "anonymous": false,
        "url_key": null,
        "gender": "M",
        "pronoun": "he"
    }
},
{
    "model": "participants.person",
    "pk": 56,
    "fields": {
        "name": "Scott Mcdonald",
        "email": null,
        "phone": "",
        "anonymous": false,
        "url_key": null,
        "gender": "M",
        "pronoun": "he"
    }
},
{
    "model": "participants.person",
    "pk": 57,
    "fields": {
        "name": "Charlene Cortez",
        "email": null,
        "phone": "",
        "anonymous": false,
        "url_key": null,
        "gender": "M",
        "pronoun": "he"
    }
},
{
    "model": "participants.person",
    "pk": 58,
    "fields": {
        "name": "Leigh Holmes",
        "email": null,
        "phone": "",
        "anonymous": false,
        "url_key": null,
        "gender": "F",
        "pronoun": ""
    }
},
{
    "model": "participants.person",
    "pk": 59,
    "fields": {
        "name": "Alma Spencer",
        "email": null,
        "phone": "",
        "anonymous": false,
        "url_key": null,
        "gender": "F",
        "pronoun": "she"
    }
},
{
    "model": "participants.person",
    "pk": 60,
    "fields": {
        "name": "Winston Castro",
        "email": null,
        "phone": "",
        "anonymous": false,
        "url_key": null,
        "gender": "M",
        "pronoun": "he"
    }
},
{
    "model": "participants.person",
    "pk": 61,
    "fields": {
        "name": "Emilio Simmons",
        "email": null,
        "phone": "",
        "anonymous": false,
        "url_key": null,
        "gender": "M",
        "pronoun": "he"
    }
},
{
    "model": "participants.person",
    "pk": 62,
    "fields": {
        "name": "Ron Delgado",
        "email": null,
        "phone": "",
        "anonymous": false,
        "url_key": null,
        "gender": "",
        "pronoun": "he"
    }
},
{
    "model": "participants.person",
    "pk": 63,
    "fields": {
        "name": "Nadine Barber",
        "email": null,
        "phone": "",
        "anonymous": false,
        "url_key": null,
        "gender": "M",
        "pronoun": "he"
    }
},
{
    "model": "participants.person",
    "pk": 64,
    "fields": {
        "name": "Gail Adkins",
        "email": null,
        "phone": "",
        "anonymous": false,
        "url_key": null,
        "gender": "",
        "pronoun": "he"
    }
},
{
    "model": "participants.person",
    "pk": 65,
    "fields": {
        "name": "Willard Walton",
        "email": null,
        "phone": "",
        "anonymous": false,
        "url_key": null,
        "gender": "M",
        "pronoun": ""
    }
},
{
    "model": "participants.person",
    "pk": 66,
    "fields": {
        "name": "Jackie Peterson",
        "email": null,
        "phone": "",
        "anonymous": false,
        "url_key": null,
        "gender": "M",
        "pronoun": "he"
    }
},
{
    "model": "participants.person",
    "pk": 67,
    "fields": {
        "name": "Terry Thornton",
        "email": null,
        "phone": "",
        "anonymous": false,
        "url_key": null,
        "gender": "",
        "pronoun": "they"
    }
},
{
    "model": "participants.person",
    "pk": 68,
    "fields": {
        "name": "Norman Rodgers",
        "email": null,
        "phone": "",
        "anonymous": false,
        "url_key": null,
        "gender": "M",
        "pronoun": "he"
    }
},
{
    "model": "participants.person",
    "pk": 69,
    "fields": {
        "name": "Mattie Lee",
        "email": null,
        "phone": "",
        "anonymous": false,
        "url_key": null,
        "gender": "",
        "pronoun": "they"
    }
},
{
    "model": "participants.person",
    "pk": 70,
    "fields": {
        "name": "Woodrow Harvey",
        "email": null,
        "phone": "",
        "anonymous": false,
        "url_key": null,
        "gender": "M",
        "pronoun": "he"
    }
},
{
    "model": "participants.person",
    "pk": 71,
    "fields": {
        "name": "Javier Chavez",
        "email": null,
        "phone": "",
        "anonymous": false,
        "url_key": null,
        "gender": "",
        "pronoun": ""
    }
},
{
    "model": "participants.person",
    "pk": 72,
    "fields": {
        "name": "Janie Daniels",
        "email": null,
        "phone": "",
        "anonymous": false,
        "url_key": null,
        "gender": "F",
        "pronoun": "she"
    }
},
{
    "model": "participants.person",
    "pk": 73,
    "fields": {
        "name": "Levi Flores",
        "email": "leviflores@gmail.com",
        "phone": "(400) 258-4262",
        "anonymous": false,
        "url_key": null,
        "gender": "M",
        "pronoun": "he"
    }
},
{
    "model": "participants.person",
    "pk": 74,
    "fields": {
        "name": "Boyd Pierce",
        "email": "boydpierce@yahoo.com",
        "phone": "(645) 106-7743",
        "anonymous": false,
        "url_key": null,
        "gender": "M",
        "pronoun": "he"
    }
},
{
    "model": "participants.person",
    "pk": 75,
    "fields": {
        "name": "Eunice Mcbride",
        "email": "eunicemcbride@outlook.com",
        "phone": "(549) 309-9187",
        "anonymous": false,
        "url_key": null,
        "gender": "F",
        "pronoun": "she"
    }
},
{
    "model": "participants.person",
    "pk": 76,
    "fields": {
        "name": "Ramona Cobb",
        "email": "ramonacobb@yahoo.com",
        "phone": "(440) 487-5776",
        "anonymous": false,
        "url_key": null,
        "gender": "F",
        "pronoun": "she"
    }
},
{
    "model": "participants.person",
    "pk": 77,
    "fields": {
        "name": "Justin Ford",
        "email": "justinford@outlook.com",
        "phone": "(618) 921-9188",
        "anonymous": false,
        "url_key": null,
        "gender": "M",
        "pronoun": "he"
    }
},
{
    "model": "participants.person",
    "pk": 78,
    "fields": {
        "name": "Luis Bennett",
        "email": "luisbennett@gmail.com",
        "phone": "(730) 097-8797",
        "anonymous": false,
        "url_key": null,
        "gender": "M",
        "pronoun": "he"
    }
},
{
    "model": "participants.person",
    "pk": 79,
    "fields": {
        "name": "Mandy Estrada",
        "email": "mandyestrada@gmail.com",
        "phone": "(559) 299-0471",
        "anonymous": false,
        "url_key": null,
        "gender": "F",
        "pronoun": "she"
    }
},
{
    "model": "participants.person",
    "pk": 80,
    "fields": {
        "name": "Leigh Mcgee",
        "email": "leighmcgee@gmail.com",
        "phone": "(844) 760-9302",
        "anonymous": false,
        "url_key": null,
        "gender": "F",
        "pronoun": "she"
    }
},
{
    "model": "participants.person",
    "pk": 81,
    "fields": {
        "name": "Jacqueline Freeman",
        "email": "jacquelinefreeman@yahoo.com",
        "phone": "(297) 916-1716",
        "anonymous": false,
        "url_key": null,
        "gender": "F",
        "pronoun": "she"
    }
},
{
    "model": "participants.person",
    "pk": 82,
    "fields": {
        "name": "Holly Howard",
        "email": "hollyhoward@gmail.com",
        "phone": "(958) 783-2610",
        "anonymous": false,
        "url_key": null,
        "gender": "F",
        "pronoun": "she"
    }
},
{
    "model": "participants.person",
    "pk": 83,
    "fields": {
        "name": "Pedro Burgess",
        "email": "pedroburgess@yahoo.com",
        "phone": "(854) 441-0104",
        "anonymous": false,
        "url_key": null,
        "gender": "",
        "pronoun": ""
    }
},
{
    "model": "participants.person",
    "pk": 84,
    "fields": {
        "name": "Kristy Carr",
        "email": "kristycarr@yahoo.com",
        "phone": "(644) 607-3297",
        "anonymous": false,
        "url_key": null,
        "gender": "M",
        "pronoun": "he"
    }
},
{
    "model": "participants.person",
    "pk": 85,
    "fields": {
        "name": "Wilma Vaughn",
        "email": "wilmavaughn@outlook.com",
        "phone": "(398) 759-9537",
        "anonymous": false,
        "url_key": null,
        "gender": "F",
        "pronoun": "she"
    }
},
{
    "model": "participants.person",
    "pk": 86,
    "fields": {
        "name": "Virginia Mccarthy",
        "email": "virginiamccarthy@gmail.com",
        "phone": "(455) 177-0459",
        "anonymous": false,
        "url_key": null,
        "gender": "F",
        "pronoun": "she"
    }
},
{
    "model": "participants.person",
    "pk": 87,
    "fields": {
        "name": "Tasha Jenkins",
        "email": "tashajenkins@outlook.com",
        "phone": "(875) 519-9891",
        "anonymous": false,
        "url_key": null,
        "gender": "",
        "pronoun": ""
    }
},
{
    "model": "participants.person",
    "pk": 88,
    "fields": {
        "name": "Toby Wong",
        "email": "tobywong@gmail.com",
        "phone": "(404) 641-5999",
        "anonymous": false,
        "url_key": null,
        "gender": "M",
        "pronoun": "he"
    }
},
{
    "model": "participants.person",
    "pk": 89,
    "fields": {
        "name": "Jo Allen",
        "email": "joallen@yahoo.com",
        "phone": "(761) 993-2983",
        "anonymous": false,
        "url_key": null,
        "gender": "M",
        "pronoun": "he"
    }
},
{
    "model": "participants.person",
    "pk": 90,
    "fields": {
        "name": "Billy Griffin",
        "email": "billygriffin@outlook.com",
        "phone": "(430) 532-2939",
        "anonymous": false,
        "url_key": null,
        "gender": "M",
        "pronoun": "he"
    }
},
{
    "model": "participants.person",
    "pk": 91,
    "fields": {
        "name": "Angela Reed",
        "email": "angelareed@yahoo.com",
        "phone": "(936) 500-1228",
        "anonymous": false,
        "url_key": null,
        "gender": "F",
        "pronoun": "she"
    }
},
{
    "model": "participants.person",
    "pk": 92,
    "fields": {
        "name": "Hugo Lewis",
        "email": "hugolewis@outlook.com",
        "phone": "(422) 585-9609",
        "anonymous": false,
        "url_key": null,
        "gender": "M",
        "pronoun": "they"
    }
},
{
    "model": "participants.person",
    "pk": 93,
    "fields": {
        "name": "Cassandra Wilson",
        "email": "cassandrawilson@gmail.com",
        "phone": "(604) 306-2084",
        "anonymous": false,
        "url_key": null,
        "gender": "F",
        "pronoun": "she"
    }
},
{
    "model": "participants.person",
    "pk": 94,
    "fields": {
        "name": "George Willis",
        "email": "georgewillis@yahoo.com",
        "phone": "(222) 204-5944",
        "anonymous": false,
        "url_key": null,
        "gender": "M",
        "pronoun": "he"
    }
},
{
    "model": "participants.person",
    "pk": 95,
    "fields": {
        "name": "Jamie Hodges",
        "email": "jamiehodges@outlook.com",
        "phone": "(737) 122-6102",
        "anonymous": false,
        "url_key": null,
        "gender": "F",
        "pronoun": "she"
    }
},
{
    "model": "participants.person",
    "pk": 96,
    "fields": {
        "name": "Bennie Rodriguez",
        "email": "bennierodriguez@gmail.com",
        "phone": "(537) 641-2175",
        "anonymous": false,
        "url_key": null,
        "gender": "F",
        "pronoun": "she"
    }
},
{
    "model": "participants.person",
    "pk": 97,
    "fields": {
        "name": "Allison Martin",
        "email": "allisonmartin@outlook.com",
        "phone": "(525) 384-2715",
        "anonymous": false,
        "url_key": null,
        "gender": "F",
        "pronoun": "she"
    }
},
{
    "model": "participants.person",
    "pk": 98,
    "fields": {
        "name": "Kristi Elliott",
        "email": "kristielliott@gmail.com",
        "phone": "(790) 289-5430",
        "anonymous": false,
        "url_key": null,
        "gender": "F",
        "pronoun": "she"
    }
},
{
    "model": "participants.person",
    "pk": 99,
    "fields": {
        "name": "Pearl Graves",
        "email": "pearlgraves@outlook.com",
        "phone": "(317) 721-2439",
        "anonymous": false,
        "url_key": null,
        "gender": "F",
        "pronoun": "she"
    }
},
{
    "model": "participants.person",
    "pk": 159,
    "fields": {
        "name": "New Adjudicator Shared",
        "email": null,
        "phone": "",
        "anonymous": false,
        "url_key": null,
        "gender": "",
        "pronoun": ""
    }
},
{
    "model": "participants.person",
    "pk": 160,
    "fields": {
        "name": "New Adjudicator Shared",
        "email": null,
        "phone": "",
        "anonymous": false,
        "url_key": null,
        "gender": "",
        "pronoun": ""
    }
},
{
    "model": "participants.team",
    "pk": 1,
    "fields": {
        "reference": "1",
        "short_reference": "1",
        "code_name": "",
        "short_name": "Caltech 1",
        "long_name": "California Institute of Technology 1",
        "institution": 1,
        "tournament": 1,
        "use_institution_prefix": true,
        "type": "N",
        "emoji": "",
        "break_categories": [
            1
        ]
    }
},
{
    "model": "participants.team",
    "pk": 2,
    "fields": {
        "reference": "2",
        "short_reference": "2",
        "code_name": "",
        "short_name": "Caltech 2",
        "long_name": "California Institute of Technology 2",
        "institution": 1,
        "tournament": 1,
        "use_institution_prefix": true,
        "type": "N",
        "emoji": "",
        "break_categories": [
            1
        ]
    }
},
{
    "model": "participants.team",
    "pk": 3,
    "fields": {
        "reference": "3",
        "short_reference": "3",
        "code_name": "",
        "short_name": "Caltech 3",
        "long_name": "California Institute of Technology 3",
        "institution": 1,
        "tournament": 1,
        "use_institution_prefix": true,
        "type": "N",
        "emoji": "",
        "break_categories": [
            1
        ]
    }
},
{
    "model": "participants.team",
    "pk": 4,
    "fields": {
        "reference": "1",
        "short_reference": "1",
        "code_name": "",
        "short_name": "Columbia 1",
        "long_name": "Columbia University 1",
        "institution": 2,
        "tournament": 1,
        "use_institution_prefix": true,
        "type": "N",
        "emoji": "",
        "break_categories": [
            1,
            2,
            3
        ]
    }
},
{
    "model": "participants.team",
    "pk": 5,
    "fields": {
        "reference": "1",
        "short_reference": "1",
        "code_name": "",
        "short_name": "Cornell 1",
        "long_name": "Cornell University 1",
        "institution": 3,
        "tournament": 1,
        "use_institution_prefix": true,
        "type": "N",
        "emoji": "",
        "break_categories": [
            1,
            2,
            3
        ]
    }
},
{
    "model": "participants.team",
    "pk": 6,
    "fields": {
        "reference": "1",
        "short_reference": "1",
        "code_name": "",
        "short_name": "Harvard 1",
        "long_name": "Harvard University 1",
        "institution": 4,
        "tournament": 1,
        "use_institution_prefix": true,
        "type": "N",
        "emoji": "",
        "break_categories": [
            1,
            2,
            3
        ]
    }
},
{
    "model": "participants.team",
    "pk": 7,
    "fields": {
        "reference": "2",
        "short_reference": "2",
        "code_name": "",
        "short_name": "Harvard 2",
        "long_name": "Harvard University 2",
        "institution": 4,
        "tournament": 1,
        "use_institution_prefix": true,
        "type": "N",
        "emoji": "",
        "break_categories": [
            1
        ]
    }
},
{
    "model": "participants.team",
    "pk": 8,
    "fields": {
        "reference": "1",
        "short_reference": "1",
        "code_name": "",
        "short_name": "Johns Hopkins 1",
        "long_name": "Johns Hopkins University 1",
        "institution": 5,
        "tournament": 1,
        "use_institution_prefix": true,
        "type": "N",
        "emoji": "",
        "break_categories": [
            1
        ]
    }
},
{
    "model": "participants.team",
    "pk": 9,
    "fields": {
        "reference": "1",
        "short_reference": "1",
        "code_name": "",
        "short_name": "MIT 1",
        "long_name": "Massachusetts Institute of Technology 1",
        "institution": 6,
        "tournament": 1,
        "use_institution_prefix": true,
        "type": "N",
        "emoji": "",
        "break_categories": [
            1,
            2
        ]
    }
},
{
    "model": "participants.team",
    "pk": 10,
    "fields": {
        "reference": "2",
        "short_reference": "2",
        "code_name": "",
        "short_name": "MIT 2",
        "long_name": "Massachusetts Institute of Technology 2",
        "institution": 6,
        "tournament": 1,
        "use_institution_prefix": true,
        "type": "N",
        "emoji": "",
        "break_categories": [
            1,
            2
        ]
    }
},
{
    "model": "participants.team",
    "pk": 11,
    "fields": {
        "reference": "1",
        "short_reference": "1",
        "code_name": "",
        "short_name": "Princeton 1",
        "long_name": "Princeton University 1",
        "institution": 7,
        "tournament": 1,
        "use_institution_prefix": true,
        "type": "N",
        "emoji": "",
        "break_categories": [
            1
        ]
    }
},
{
    "model": "participants.team",
    "pk": 12,
    "fields": {
        "reference": "2",
        "short_reference": "2",
        "code_name": "",
        "short_name": "Princeton 2",
        "long_name": "Princeton University 2",
        "institution": 7,
        "tournament": 1,
        "use_institution_prefix": true,
        "type": "N",
        "emoji": "",
        "break_categories": [
            1
        ]
    }
},
{
    "model": "participants.team",
    "pk": 13,
    "fields": {
        "reference": "1",
        "short_reference": "1",
        "code_name": "",
        "short_name": "Stanford 1",
        "long_name": "Stanford University 1",
        "institution": 8,
        "tournament": 1,
        "use_institution_prefix": true,
        "type": "N",
        "emoji": "",
        "break_categories": [
            1
        ]
    }
},
{
    "model": "participants.team",
    "pk": 14,
    "fields": {
        "reference": "2",
        "short_reference": "2",
        "code_name": "",
        "short_name": "Stanford 2",
        "long_name": "Stanford University 2",
        "institution": 8,
        "tournament": 1,
        "use_institution_prefix": true,
        "type": "N",
        "emoji": "",
        "break_categories": [
            1
        ]
    }
},
{
    "model": "participants.team",
    "pk": 15,
    "fields": {
        "reference": "3",
        "short_reference": "3",
        "code_name": "",
        "short_name": "Stanford 3",
        "long_name": "Stanford University 3",
        "institution": 8,
        "tournament": 1,
        "use_institution_prefix": true,
        "type": "N",
        "emoji": "",
        "break_categories": [
            1
        ]
    }
},
{
    "model": "participants.team",
    "pk": 16,
    "fields": {
        "reference": "1",
        "short_reference": "1",
        "code_name": "",
        "short_name": "Berkeley 1",
        "long_name": "University of California, Berkeley 1",
        "institution": 9,
        "tournament": 1,
        "use_institution_prefix": true,
        "type": "N",
        "emoji": "",
        "break_categories": [
            1
        ]
    }
},
{
    "model": "participants.team",
    "pk": 17,
    "fields": {
        "reference": "1",
        "short_reference": "1",
        "code_name": "",
        "short_name": "Chicago 1",
        "long_name": "University of Chicago 1",
        "institution": 10,
        "tournament": 1,
        "use_institution_prefix": true,
        "type": "N",
        "emoji": "",
        "break_categories": [
            1,
            2
        ]
    }
},
{
    "model": "participants.team",
    "pk": 18,
    "fields": {
        "reference": "2",
        "short_reference": "2",
        "code_name": "",
        "short_name": "Chicago 2",
        "long_name": "University of Chicago 2",
        "institution": 10,
        "tournament": 1,
        "use_institution_prefix": true,
        "type": "N",
        "emoji": "",
        "break_categories": [
            1,
            2
        ]
    }
},
{
    "model": "participants.team",
    "pk": 19,
    "fields": {
        "reference": "3",
        "short_reference": "3",
        "code_name": "",
        "short_name": "Chicago 3",
        "long_name": "University of Chicago 3",
        "institution": 10,
        "tournament": 1,
        "use_institution_prefix": true,
        "type": "N",
        "emoji": "",
        "break_categories": [
            1,
            2,
            3
        ]
    }
},
{
    "model": "participants.team",
    "pk": 20,
    "fields": {
        "reference": "1",
        "short_reference": "1",
        "code_name": "",
        "short_name": "Pennsylvania 1",
        "long_name": "University of Pennsylvania 1",
        "institution": 11,
        "tournament": 1,
        "use_institution_prefix": true,
        "type": "N",
        "emoji": "",
        "break_categories": [
            1
        ]
    }
},
{
    "model": "participants.team",
    "pk": 21,
    "fields": {
        "reference": "2",
        "short_reference": "2",
        "code_name": "",
        "short_name": "Pennsylvania 2",
        "long_name": "University of Pennsylvania 2",
        "institution": 11,
        "tournament": 1,
        "use_institution_prefix": true,
        "type": "N",
        "emoji": "",
        "break_categories": [
            1
        ]
    }
},
{
    "model": "participants.team",
    "pk": 22,
    "fields": {
        "reference": "1",
        "short_reference": "1",
        "code_name": "",
        "short_name": "Yale 1",
        "long_name": "Yale University 1",
        "institution": 13,
        "tournament": 1,
        "use_institution_prefix": true,
        "type": "N",
        "emoji": "",
        "break_categories": [
            1
        ]
    }
},
{
    "model": "participants.team",
    "pk": 23,
    "fields": {
        "reference": "2",
        "short_reference": "2",
        "code_name": "",
        "short_name": "Yale 2",
        "long_name": "Yale University 2",
        "institution": 13,
        "tournament": 1,
        "use_institution_prefix": true,
        "type": "N",
        "emoji": "",
        "break_categories": [
            1
        ]
    }
},
{
    "model": "participants.team",
    "pk": 24,
    "fields": {
        "reference": "3",
        "short_reference": "3",
        "code_name": "",
        "short_name": "Yale 3",
        "long_name": "Yale University 3",
        "institution": 13,
        "tournament": 1,
        "use_institution_prefix": true,
        "type": "N",
        "emoji": "",
        "break_categories": [
            1
        ]
    }
},
{
    "model": "participants.speaker",
    "pk": 1,
    "fields": {
        "person_ptr": 1,
        "team": 1,
        "categories": []
    }
},
{
    "model": "participants.speaker",
    "pk": 2,
    "fields": {
        "person_ptr": 2,
        "team": 1,
        "categories": []
    }
},
{
    "model": "participants.speaker",
    "pk": 3,
    "fields": {
        "person_ptr": 3,
        "team": 1,
        "categories": []
    }
},
{
    "model": "participants.speaker",
    "pk": 4,
    "fields": {
        "person_ptr": 4,
        "team": 2,
        "categories": []
    }
},
{
    "model": "participants.speaker",
    "pk": 5,
    "fields": {
        "person_ptr": 5,
        "team": 2,
        "categories": []
    }
},
{
    "model": "participants.speaker",
    "pk": 6,
    "fields": {
        "person_ptr": 6,
        "team": 2,
        "categories": []
    }
},
{
    "model": "participants.speaker",
    "pk": 7,
    "fields": {
        "person_ptr": 7,
        "team": 3,
        "categories": []
    }
},
{
    "model": "participants.speaker",
    "pk": 8,
    "fields": {
        "person_ptr": 8,
        "team": 3,
        "categories": []
    }
},
{
    "model": "participants.speaker",
    "pk": 9,
    "fields": {
        "person_ptr": 9,
        "team": 3,
        "categories": []
    }
},
{
    "model": "participants.speaker",
    "pk": 10,
    "fields": {
        "person_ptr": 10,
        "team": 4,
        "categories": []
    }
},
{
    "model": "participants.speaker",
    "pk": 11,
    "fields": {
        "person_ptr": 11,
        "team": 4,
        "categories": []
    }
},
{
    "model": "participants.speaker",
    "pk": 12,
    "fields": {
        "person_ptr": 12,
        "team": 4,
        "categories": []
    }
},
{
    "model": "participants.speaker",
    "pk": 13,
    "fields": {
        "person_ptr": 13,
        "team": 5,
        "categories": []
    }
},
{
    "model": "participants.speaker",
    "pk": 14,
    "fields": {
        "person_ptr": 14,
        "team": 5,
        "categories": []
    }
},
{
    "model": "participants.speaker",
    "pk": 15,
    "fields": {
        "person_ptr": 15,
        "team": 5,
        "categories": []
    }
},
{
    "model": "participants.speaker",
    "pk": 16,
    "fields": {
        "person_ptr": 16,
        "team": 6,
        "categories": []
    }
},
{
    "model": "participants.speaker",
    "pk": 17,
    "fields": {
        "person_ptr": 17,
        "team": 6,
        "categories": []
    }
},
{
    "model": "participants.speaker",
    "pk": 18,
    "fields": {
        "person_ptr": 18,
        "team": 6,
        "categories": []
    }
},
{
    "model": "participants.speaker",
    "pk": 19,
    "fields": {
        "person_ptr": 19,
        "team": 7,
        "categories": []
    }
},
{
    "model": "participants.speaker",
    "pk": 20,
    "fields": {
        "person_ptr": 20,
        "team": 7,
        "categories": []
    }
},
{
    "model": "participants.speaker",
    "pk": 21,
    "fields": {
        "person_ptr": 21,
        "team": 7,
        "categories": []
    }
},
{
    "model": "participants.speaker",
    "pk": 22,
    "fields": {
        "person_ptr": 22,
        "team": 8,
        "categories": []
    }
},
{
    "model": "participants.speaker",
    "pk": 23,
    "fields": {
        "person_ptr": 23,
        "team": 8,
        "categories": []
    }
},
{
    "model": "participants.speaker",
    "pk": 24,
    "fields": {
        "person_ptr": 24,
        "team": 8,
        "categories": []
    }
},
{
    "model": "participants.speaker",
    "pk": 25,
    "fields": {
        "person_ptr": 25,
        "team": 9,
        "categories": []
    }
},
{
    "model": "participants.speaker",
    "pk": 26,
    "fields": {
        "person_ptr": 26,
        "team": 9,
        "categories": []
    }
},
{
    "model": "participants.speaker",
    "pk": 27,
    "fields": {
        "person_ptr": 27,
        "team": 9,
        "categories": []
    }
},
{
    "model": "participants.speaker",
    "pk": 28,
    "fields": {
        "person_ptr": 28,
        "team": 10,
        "categories": []
    }
},
{
    "model": "participants.speaker",
    "pk": 29,
    "fields": {
        "person_ptr": 29,
        "team": 10,
        "categories": []
    }
},
{
    "model": "participants.speaker",
    "pk": 30,
    "fields": {
        "person_ptr": 30,
        "team": 10,
        "categories": []
    }
},
{
    "model": "participants.speaker",
    "pk": 31,
    "fields": {
        "person_ptr": 31,
        "team": 11,
        "categories": []
    }
},
{
    "model": "participants.speaker",
    "pk": 32,
    "fields": {
        "person_ptr": 32,
        "team": 11,
        "categories": []
    }
},
{
    "model": "participants.speaker",
    "pk": 33,
    "fields": {
        "person_ptr": 33,
        "team": 11,
        "categories": []
    }
},
{
    "model": "participants.speaker",
    "pk": 34,
    "fields": {
        "person_ptr": 34,
        "team": 12,
        "categories": []
    }
},
{
    "model": "participants.speaker",
    "pk": 35,
    "fields": {
        "person_ptr": 35,
        "team": 12,
        "categories": []
    }
},
{
    "model": "participants.speaker",
    "pk": 36,
    "fields": {
        "person_ptr": 36,
        "team": 12,
        "categories": []
    }
},
{
    "model": "participants.speaker",
    "pk": 37,
    "fields": {
        "person_ptr": 37,
        "team": 13,
        "categories": []
    }
},
{
    "model": "participants.speaker",
    "pk": 38,
    "fields": {
        "person_ptr": 38,
        "team": 13,
        "categories": []
    }
},
{
    "model": "participants.speaker",
    "pk": 39,
    "fields": {
        "person_ptr": 39,
        "team": 13,
        "categories": []
    }
},
{
    "model": "participants.speaker",
    "pk": 40,
    "fields": {
        "person_ptr": 40,
        "team": 14,
        "categories": []
    }
},
{
    "model": "participants.speaker",
    "pk": 41,
    "fields": {
        "person_ptr": 41,
        "team": 14,
        "categories": []
    }
},
{
    "model": "participants.speaker",
    "pk": 42,
    "fields": {
        "person_ptr": 42,
        "team": 14,
        "categories": []
    }
},
{
    "model": "participants.speaker",
    "pk": 43,
    "fields": {
        "person_ptr": 43,
        "team": 15,
        "categories": []
    }
},
{
    "model": "participants.speaker",
    "pk": 44,
    "fields": {
        "person_ptr": 44,
        "team": 15,
        "categories": []
    }
},
{
    "model": "participants.speaker",
    "pk": 45,
    "fields": {
        "person_ptr": 45,
        "team": 15,
        "categories": []
    }
},
{
    "model": "participants.speaker",
    "pk": 46,
    "fields": {
        "person_ptr": 46,
        "team": 16,
        "categories": []
    }
},
{
    "model": "participants.speaker",
    "pk": 47,
    "fields": {
        "person_ptr": 47,
        "team": 16,
        "categories": []
    }
},
{
    "model": "participants.speaker",
    "pk": 48,
    "fields": {
        "person_ptr": 48,
        "team": 16,
        "categories": []
    }
},
{
    "model": "participants.speaker",
    "pk": 49,
    "fields": {
        "person_ptr": 49,
        "team": 17,
        "categories": []
    }
},
{
    "model": "participants.speaker",
    "pk": 50,
    "fields": {
        "person_ptr": 50,
        "team": 17,
        "categories": []
    }
},
{
    "model": "participants.speaker",
    "pk": 51,
    "fields": {
        "person_ptr": 51,
        "team": 17,
        "categories": []
    }
},
{
    "model": "participants.speaker",
    "pk": 52,
    "fields": {
        "person_ptr": 52,
        "team": 18,
        "categories": []
    }
},
{
    "model": "participants.speaker",
    "pk": 53,
    "fields": {
        "person_ptr": 53,
        "team": 18,
        "categories": []
    }
},
{
    "model": "participants.speaker",
    "pk": 54,
    "fields": {
        "person_ptr": 54,
        "team": 18,
        "categories": []
    }
},
{
    "model": "participants.speaker",
    "pk": 55,
    "fields": {
        "person_ptr": 55,
        "team": 19,
        "categories": []
    }
},
{
    "model": "participants.speaker",
    "pk": 56,
    "fields": {
        "person_ptr": 56,
        "team": 19,
        "categories": []
    }
},
{
    "model": "participants.speaker",
    "pk": 57,
    "fields": {
        "person_ptr": 57,
        "team": 19,
        "categories": []
    }
},
{
    "model": "participants.speaker",
    "pk": 58,
    "fields": {
        "person_ptr": 58,
        "team": 20,
        "categories": []
    }
},
{
    "model": "participants.speaker",
    "pk": 59,
    "fields": {
        "person_ptr": 59,
        "team": 20,
        "categories": []
    }
},
{
    "model": "participants.speaker",
    "pk": 60,
    "fields": {
        "person_ptr": 60,
        "team": 20,
        "categories": []
    }
},
{
    "model": "participants.speaker",
    "pk": 61,
    "fields": {
        "person_ptr": 61,
        "team": 21,
        "categories": []
    }
},
{
    "model": "participants.speaker",
    "pk": 62,
    "fields": {
        "person_ptr": 62,
        "team": 21,
        "categories": []
    }
},
{
    "model": "participants.speaker",
    "pk": 63,
    "fields": {
        "person_ptr": 63,
        "team": 21,
        "categories": []
    }
},
{
    "model": "participants.speaker",
    "pk": 64,
    "fields": {
        "person_ptr": 64,
        "team": 22,
        "categories": []
    }
},
{
    "model": "participants.speaker",
    "pk": 65,
    "fields": {
        "person_ptr": 65,
        "team": 22,
        "categories": []
    }
},
{
    "model": "participants.speaker",
    "pk": 66,
    "fields": {
        "person_ptr": 66,
        "team": 22,
        "categories": []
    }
},
{
    "model": "participants.speaker",
    "pk": 67,
    "fields": {
        "person_ptr": 67,
        "team": 23,
        "categories": []
    }
},
{
    "model": "participants.speaker",
    "pk": 68,
    "fields": {
        "person_ptr": 68,
        "team": 23,
        "categories": []
    }
},
{
    "model": "participants.speaker",
    "pk": 69,
    "fields": {
        "person_ptr": 69,
        "team": 23,
        "categories": []
    }
},
{
    "model": "participants.speaker",
    "pk": 70,
    "fields": {
        "person_ptr": 70,
        "team": 24,
        "categories": []
    }
},
{
    "model": "participants.speaker",
    "pk": 71,
    "fields": {
        "person_ptr": 71,
        "team": 24,
        "categories": []
    }
},
{
    "model": "participants.speaker",
    "pk": 72,
    "fields": {
        "person_ptr": 72,
        "team": 24,
        "categories": []
    }
},
{
    "model": "participants.adjudicator",
    "pk": 73,
    "fields": {
        "person_ptr": 73,
        "institution": 13,
        "tournament": 1,
        "base_score": 5.0,
        "trainee": false,
        "breaking": false,
        "independent": false,
        "adj_core": false
    }
},
{
    "model": "participants.adjudicator",
    "pk": 74,
    "fields": {
        "person_ptr": 74,
        "institution": 8,
        "tournament": 1,
        "base_score": 5.0,
        "trainee": false,
        "breaking": true,
        "independent": true,
        "adj_core": false
    }
},
{
    "model": "participants.adjudicator",
    "pk": 75,
    "fields": {
        "person_ptr": 75,
        "institution": 12,
        "tournament": 1,
        "base_score": 5.0,
        "trainee": false,
        "breaking": false,
        "independent": false,
        "adj_core": false
    }
},
{
    "model": "participants.adjudicator",
    "pk": 76,
    "fields": {
        "person_ptr": 76,
        "institution": 1,
        "tournament": 1,
        "base_score": 1.0,
        "trainee": false,
        "breaking": false,
        "independent": true,
        "adj_core": false
    }
},
{
    "model": "participants.adjudicator",
    "pk": 77,
    "fields": {
        "person_ptr": 77,
        "institution": 1,
        "tournament": 1,
        "base_score": 5.0,
        "trainee": false,
        "breaking": false,
        "independent": false,
        "adj_core": false
    }
},
{
    "model": "participants.adjudicator",
    "pk": 78,
    "fields": {
        "person_ptr": 78,
        "institution": 2,
        "tournament": 1,
        "base_score": 2.0,
        "trainee": false,
        "breaking": true,
        "independent": false,
        "adj_core": false
    }
},
{
    "model": "participants.adjudicator",
    "pk": 79,
    "fields": {
        "person_ptr": 79,
        "institution": 3,
        "tournament": 1,
        "base_score": 5.0,
        "trainee": false,
        "breaking": false,
        "independent": true,
        "adj_core": false
    }
},
{
    "model": "participants.adjudicator",
    "pk": 80,
    "fields": {
        "person_ptr": 80,
        "institution": 4,
        "tournament": 1,
        "base_score": 4.0,
        "trainee": false,
        "breaking": false,
        "independent": false,
        "adj_core": false
    }
},
{
    "model": "participants.adjudicator",
    "pk": 81,
    "fields": {
        "person_ptr": 81,
        "institution": 4,
        "tournament": 1,
        "base_score": 5.0,
        "trainee": false,
        "breaking": false,
        "independent": true,
        "adj_core": false
    }
},
{
    "model": "participants.adjudicator",
    "pk": 82,
    "fields": {
        "person_ptr": 82,
        "institution": 12,
        "tournament": 1,
        "base_score": 5.0,
        "trainee": false,
        "breaking": false,
        "independent": true,
        "adj_core": false
    }
},
{
    "model": "participants.adjudicator",
    "pk": 83,
    "fields": {
        "person_ptr": 83,
        "institution": 12,
        "tournament": 1,
        "base_score": 4.0,
        "trainee": false,
        "breaking": false,
        "independent": false,
        "adj_core": false
    }
},
{
    "model": "participants.adjudicator",
    "pk": 84,
    "fields": {
        "person_ptr": 84,
        "institution": 8,
        "tournament": 1,
        "base_score": 4.0,
        "trainee": false,
        "breaking": false,
        "independent": false,
        "adj_core": false
    }
},
{
    "model": "participants.adjudicator",
    "pk": 85,
    "fields": {
        "person_ptr": 85,
        "institution": 5,
        "tournament": 1,
        "base_score": 4.0,
        "trainee": false,
        "breaking": false,
        "independent": true,
        "adj_core": false
    }
},
{
    "model": "participants.adjudicator",
    "pk": 86,
    "fields": {
        "person_ptr": 86,
        "institution": 5,
        "tournament": 1,
        "base_score": 2.0,
        "trainee": false,
        "breaking": false,
        "independent": false,
        "adj_core": false
    }
},
{
    "model": "participants.adjudicator",
    "pk": 87,
    "fields": {
        "person_ptr": 87,
        "institution": 6,
        "tournament": 1,
        "base_score": 2.0,
        "trainee": false,
        "breaking": true,
        "independent": true,
        "adj_core": false
    }
},
{
    "model": "participants.adjudicator",
    "pk": 88,
    "fields": {
        "person_ptr": 88,
        "institution": 6,
        "tournament": 1,
        "base_score": 5.0,
        "trainee": false,
        "breaking": true,
        "independent": false,
        "adj_core": false
    }
},
{
    "model": "participants.adjudicator",
    "pk": 89,
    "fields": {
        "person_ptr": 89,
        "institution": 7,
        "tournament": 1,
        "base_score": 2.0,
        "trainee": false,
        "breaking": true,
        "independent": false,
        "adj_core": false
    }
},
{
    "model": "participants.adjudicator",
    "pk": 90,
    "fields": {
        "person_ptr": 90,
        "institution": 7,
        "tournament": 1,
        "base_score": 2.0,
        "trainee": false,
        "breaking": true,
        "independent": false,
        "adj_core": false
    }
},
{
    "model": "participants.adjudicator",
    "pk": 91,
    "fields": {
        "person_ptr": 91,
        "institution": 8,
        "tournament": 1,
        "base_score": 1.0,
        "trainee": false,
        "breaking": false,
        "independent": false,
        "adj_core": false
    }
},
{
    "model": "participants.adjudicator",
    "pk": 92,
    "fields": {
        "person_ptr": 92,
        "institution": 8,
        "tournament": 1,
        "base_score": 2.0,
        "trainee": false,
        "breaking": true,
        "independent": false,
        "adj_core": false
    }
},
{
    "model": "participants.adjudicator",
    "pk": 93,
    "fields": {
        "person_ptr": 93,
        "institution": 9,
        "tournament": 1,
        "base_score": 4.0,
        "trainee": false,
        "breaking": false,
        "independent": false,
        "adj_core": false
    }
},
{
    "model": "participants.adjudicator",
    "pk": 94,
    "fields": {
        "person_ptr": 94,
        "institution": 10,
        "tournament": 1,
        "base_score": 2.0,
        "trainee": false,
        "breaking": true,
        "independent": false,
        "adj_core": false
    }
},
{
    "model": "participants.adjudicator",
    "pk": 95,
    "fields": {
        "person_ptr": 95,
        "institution": 10,
        "tournament": 1,
        "base_score": 3.0,
        "trainee": false,
        "breaking": true,
        "independent": false,
        "adj_core": false
    }
},
{
    "model": "participants.adjudicator",
    "pk": 96,
    "fields": {
        "person_ptr": 96,
        "institution": 11,
        "tournament": 1,
        "base_score": 2.0,
        "trainee": false,
        "breaking": false,
        "independent": false,
        "adj_core": false
    }
},
{
    "model": "participants.adjudicator",
    "pk": 97,
    "fields": {
        "person_ptr": 97,
        "institution": 13,
        "tournament": 1,
        "base_score": 4.0,
        "trainee": false,
        "breaking": false,
        "independent": false,
        "adj_core": false
    }
},
{
    "model": "participants.adjudicator",
    "pk": 98,
    "fields": {
        "person_ptr": 98,
        "institution": 13,
        "tournament": 1,
        "base_score": 3.0,
        "trainee": false,
        "breaking": true,
        "independent": false,
        "adj_core": false
    }
},
{
    "model": "participants.adjudicator",
    "pk": 99,
    "fields": {
        "person_ptr": 99,
        "institution": 5,
        "tournament": 1,
        "base_score": 5.0,
        "trainee": false,
        "breaking": false,
        "independent": false,
        "adj_core": false
    }
},
{
    "model": "participants.adjudicator",
    "pk": 159,
    "fields": {
        "person_ptr": 159,
        "institution": 1,
        "tournament": null,
        "base_score": 2.5,
        "trainee": false,
        "breaking": false,
        "independent": false,
        "adj_core": false
    }
},
{
    "model": "participants.adjudicator",
    "pk": 160,
    "fields": {
        "person_ptr": 160,
        "institution": 2,
        "tournament": null,
        "base_score": 2.5,
        "trainee": false,
        "breaking": false,
        "independent": false,
        "adj_core": false
    }
},
{
    "model": "results.ballotsubmission",
    "pk": 1,
    "fields": {
        "timestamp": "2016-04-14T03:21:34.759Z",
        "version": 1,
        "submitter_type": "T",
        "confirmed": true,
        "participant_submitter": null,
        "submitter": [
            "admin"
        ],
        "confirmer": null,
        "confirm_timestamp": null,
        "ip_address": null,
        "debate": 12,
        "motion": 3,
        "discarded": false
    }
},
{
    "model": "results.ballotsubmission",
    "pk": 2,
    "fields": {
        "timestamp": "2016-04-14T03:21:34.841Z",
        "version": 1,
        "submitter_type": "T",
        "confirmed": true,
        "participant_submitter": null,
        "submitter": [
            "admin"
        ],
        "confirmer": null,
        "confirm_timestamp": null,
        "ip_address": null,
        "debate": 11,
        "motion": 2,
        "discarded": false
    }
},
{
    "model": "results.ballotsubmission",
    "pk": 3,
    "fields": {
        "timestamp": "2016-04-14T03:21:34.914Z",
        "version": 1,
        "submitter_type": "T",
        "confirmed": true,
        "participant_submitter": null,
        "submitter": [
            "admin"
        ],
        "confirmer": null,
        "confirm_timestamp": null,
        "ip_address": null,
        "debate": 10,
        "motion": 2,
        "discarded": false
    }
},
{
    "model": "results.ballotsubmission",
    "pk": 4,
    "fields": {
        "timestamp": "2016-04-14T03:21:34.987Z",
        "version": 1,
        "submitter_type": "T",
        "confirmed": true,
        "participant_submitter": null,
        "submitter": [
            "admin"
        ],
        "confirmer": null,
        "confirm_timestamp": null,
        "ip_address": null,
        "debate": 9,
        "motion": 1,
        "discarded": false
    }
},
{
    "model": "results.ballotsubmission",
    "pk": 5,
    "fields": {
        "timestamp": "2016-04-14T03:21:35.057Z",
        "version": 1,
        "submitter_type": "T",
        "confirmed": true,
        "participant_submitter": null,
        "submitter": [
            "admin"
        ],
        "confirmer": null,
        "confirm_timestamp": null,
        "ip_address": null,
        "debate": 8,
        "motion": 3,
        "discarded": false
    }
},
{
    "model": "results.ballotsubmission",
    "pk": 6,
    "fields": {
        "timestamp": "2016-04-14T03:21:35.127Z",
        "version": 1,
        "submitter_type": "T",
        "confirmed": true,
        "participant_submitter": null,
        "submitter": [
            "admin"
        ],
        "confirmer": null,
        "confirm_timestamp": null,
        "ip_address": null,
        "debate": 7,
        "motion": 2,
        "discarded": false
    }
},
{
    "model": "results.ballotsubmission",
    "pk": 7,
    "fields": {
        "timestamp": "2016-04-14T03:21:35.198Z",
        "version": 1,
        "submitter_type": "T",
        "confirmed": true,
        "participant_submitter": null,
        "submitter": [
            "admin"
        ],
        "confirmer": null,
        "confirm_timestamp": null,
        "ip_address": null,
        "debate": 6,
        "motion": 2,
        "discarded": false
    }
},
{
    "model": "results.ballotsubmission",
    "pk": 8,
    "fields": {
        "timestamp": "2016-04-14T03:21:35.268Z",
        "version": 1,
        "submitter_type": "T",
        "confirmed": true,
        "participant_submitter": null,
        "submitter": [
            "admin"
        ],
        "confirmer": null,
        "confirm_timestamp": null,
        "ip_address": null,
        "debate": 5,
        "motion": 3,
        "discarded": false
    }
},
{
    "model": "results.ballotsubmission",
    "pk": 9,
    "fields": {
        "timestamp": "2016-04-14T03:21:35.398Z",
        "version": 1,
        "submitter_type": "T",
        "confirmed": true,
        "participant_submitter": null,
        "submitter": [
            "admin"
        ],
        "confirmer": null,
        "confirm_timestamp": null,
        "ip_address": null,
        "debate": 4,
        "motion": 1,
        "discarded": false
    }
},
{
    "model": "results.ballotsubmission",
    "pk": 10,
    "fields": {
        "timestamp": "2016-04-14T03:21:35.503Z",
        "version": 1,
        "submitter_type": "T",
        "confirmed": true,
        "participant_submitter": null,
        "submitter": [
            "admin"
        ],
        "confirmer": null,
        "confirm_timestamp": null,
        "ip_address": null,
        "debate": 3,
        "motion": 3,
        "discarded": false
    }
},
{
    "model": "results.ballotsubmission",
    "pk": 11,
    "fields": {
        "timestamp": "2016-04-14T03:21:35.654Z",
        "version": 1,
        "submitter_type": "T",
        "confirmed": true,
        "participant_submitter": null,
        "submitter": [
            "admin"
        ],
        "confirmer": null,
        "confirm_timestamp": null,
        "ip_address": null,
        "debate": 2,
        "motion": 1,
        "discarded": false
    }
},
{
    "model": "results.ballotsubmission",
    "pk": 12,
    "fields": {
        "timestamp": "2016-04-14T03:21:35.757Z",
        "version": 1,
        "submitter_type": "T",
        "confirmed": true,
        "participant_submitter": null,
        "submitter": [
            "admin"
        ],
        "confirmer": null,
        "confirm_timestamp": null,
        "ip_address": null,
        "debate": 1,
        "motion": 2,
        "discarded": false
    }
},
{
    "model": "results.ballotsubmission",
    "pk": 13,
    "fields": {
        "timestamp": "2016-04-14T03:22:17.975Z",
        "version": 1,
        "submitter_type": "T",
        "confirmed": true,
        "participant_submitter": null,
        "submitter": [
            "admin"
        ],
        "confirmer": null,
        "confirm_timestamp": null,
        "ip_address": null,
        "debate": 24,
        "motion": 4,
        "discarded": false
    }
},
{
    "model": "results.ballotsubmission",
    "pk": 14,
    "fields": {
        "timestamp": "2016-04-14T03:22:18.113Z",
        "version": 1,
        "submitter_type": "T",
        "confirmed": true,
        "participant_submitter": null,
        "submitter": [
            "admin"
        ],
        "confirmer": null,
        "confirm_timestamp": null,
        "ip_address": null,
        "debate": 23,
        "motion": 6,
        "discarded": false
    }
},
{
    "model": "results.ballotsubmission",
    "pk": 15,
    "fields": {
        "timestamp": "2016-04-14T03:22:18.193Z",
        "version": 1,
        "submitter_type": "T",
        "confirmed": true,
        "participant_submitter": null,
        "submitter": [
            "admin"
        ],
        "confirmer": null,
        "confirm_timestamp": null,
        "ip_address": null,
        "debate": 22,
        "motion": 5,
        "discarded": false
    }
},
{
    "model": "results.ballotsubmission",
    "pk": 16,
    "fields": {
        "timestamp": "2016-04-14T03:22:18.319Z",
        "version": 1,
        "submitter_type": "T",
        "confirmed": true,
        "participant_submitter": null,
        "submitter": [
            "admin"
        ],
        "confirmer": null,
        "confirm_timestamp": null,
        "ip_address": null,
        "debate": 21,
        "motion": 4,
        "discarded": false
    }
},
{
    "model": "results.ballotsubmission",
    "pk": 17,
    "fields": {
        "timestamp": "2016-04-14T03:22:18.475Z",
        "version": 1,
        "submitter_type": "T",
        "confirmed": true,
        "participant_submitter": null,
        "submitter": [
            "admin"
        ],
        "confirmer": null,
        "confirm_timestamp": null,
        "ip_address": null,
        "debate": 20,
        "motion": 4,
        "discarded": false
    }
},
{
    "model": "results.ballotsubmission",
    "pk": 18,
    "fields": {
        "timestamp": "2016-04-14T03:22:18.592Z",
        "version": 1,
        "submitter_type": "T",
        "confirmed": true,
        "participant_submitter": null,
        "submitter": [
            "admin"
        ],
        "confirmer": null,
        "confirm_timestamp": null,
        "ip_address": null,
        "debate": 19,
        "motion": 6,
        "discarded": false
    }
},
{
    "model": "results.ballotsubmission",
    "pk": 19,
    "fields": {
        "timestamp": "2016-04-14T03:22:18.666Z",
        "version": 1,
        "submitter_type": "T",
        "confirmed": true,
        "participant_submitter": null,
        "submitter": [
            "admin"
        ],
        "confirmer": null,
        "confirm_timestamp": null,
        "ip_address": null,
        "debate": 18,
        "motion": 6,
        "discarded": false
    }
},
{
    "model": "results.ballotsubmission",
    "pk": 20,
    "fields": {
        "timestamp": "2016-04-14T03:22:18.789Z",
        "version": 1,
        "submitter_type": "T",
        "confirmed": true,
        "participant_submitter": null,
        "submitter": [
            "admin"
        ],
        "confirmer": null,
        "confirm_timestamp": null,
        "ip_address": null,
        "debate": 17,
        "motion": 4,
        "discarded": false
    }
},
{
    "model": "results.ballotsubmission",
    "pk": 21,
    "fields": {
        "timestamp": "2016-04-14T03:22:18.909Z",
        "version": 1,
        "submitter_type": "T",
        "confirmed": true,
        "participant_submitter": null,
        "submitter": [
            "admin"
        ],
        "confirmer": null,
        "confirm_timestamp": null,
        "ip_address": null,
        "debate": 16,
        "motion": 4,
        "discarded": false
    }
},
{
    "model": "results.ballotsubmission",
    "pk": 22,
    "fields": {
        "timestamp": "2016-04-14T03:22:18.986Z",
        "version": 1,
        "submitter_type": "T",
        "confirmed": true,
        "participant_submitter": null,
        "submitter": [
            "admin"
        ],
        "confirmer": null,
        "confirm_timestamp": null,
        "ip_address": null,
        "debate": 15,
        "motion": 4,
        "discarded": false
    }
},
{
    "model": "results.ballotsubmission",
    "pk": 23,
    "fields": {
        "timestamp": "2016-04-14T03:22:19.061Z",
        "version": 1,
        "submitter_type": "T",
        "confirmed": true,
        "participant_submitter": null,
        "submitter": [
            "admin"
        ],
        "confirmer": null,
        "confirm_timestamp": null,
        "ip_address": null,
        "debate": 14,
        "motion": 5,
        "discarded": false
    }
},
{
    "model": "results.ballotsubmission",
    "pk": 24,
    "fields": {
        "timestamp": "2016-04-14T03:22:19.183Z",
        "version": 1,
        "submitter_type": "T",
        "confirmed": true,
        "participant_submitter": null,
        "submitter": [
            "admin"
        ],
        "confirmer": null,
        "confirm_timestamp": null,
        "ip_address": null,
        "debate": 13,
        "motion": 4,
        "discarded": false
    }
},
{
    "model": "results.ballotsubmission",
    "pk": 25,
    "fields": {
        "timestamp": "2016-04-14T03:23:01.130Z",
        "version": 1,
        "submitter_type": "T",
        "confirmed": true,
        "participant_submitter": null,
        "submitter": [
            "admin"
        ],
        "confirmer": null,
        "confirm_timestamp": null,
        "ip_address": null,
        "debate": 25,
        "motion": 9,
        "discarded": false
    }
},
{
    "model": "results.ballotsubmission",
    "pk": 26,
    "fields": {
        "timestamp": "2016-04-14T03:23:01.211Z",
        "version": 1,
        "submitter_type": "T",
        "confirmed": true,
        "participant_submitter": null,
        "submitter": [
            "admin"
        ],
        "confirmer": null,
        "confirm_timestamp": null,
        "ip_address": null,
        "debate": 26,
        "motion": 9,
        "discarded": false
    }
},
{
    "model": "results.ballotsubmission",
    "pk": 27,
    "fields": {
        "timestamp": "2016-04-14T03:23:01.279Z",
        "version": 1,
        "submitter_type": "T",
        "confirmed": true,
        "participant_submitter": null,
        "submitter": [
            "admin"
        ],
        "confirmer": null,
        "confirm_timestamp": null,
        "ip_address": null,
        "debate": 27,
        "motion": 9,
        "discarded": false
    }
},
{
    "model": "results.ballotsubmission",
    "pk": 28,
    "fields": {
        "timestamp": "2016-04-14T03:23:01.382Z",
        "version": 1,
        "submitter_type": "T",
        "confirmed": true,
        "participant_submitter": null,
        "submitter": [
            "admin"
        ],
        "confirmer": null,
        "confirm_timestamp": null,
        "ip_address": null,
        "debate": 28,
        "motion": 9,
        "discarded": false
    }
},
{
    "model": "results.ballotsubmission",
    "pk": 29,
    "fields": {
        "timestamp": "2016-04-14T03:23:01.490Z",
        "version": 1,
        "submitter_type": "T",
        "confirmed": true,
        "participant_submitter": null,
        "submitter": [
            "admin"
        ],
        "confirmer": null,
        "confirm_timestamp": null,
        "ip_address": null,
        "debate": 29,
        "motion": 9,
        "discarded": false
    }
},
{
    "model": "results.ballotsubmission",
    "pk": 30,
    "fields": {
        "timestamp": "2016-04-14T03:23:01.595Z",
        "version": 1,
        "submitter_type": "T",
        "confirmed": true,
        "participant_submitter": null,
        "submitter": [
            "admin"
        ],
        "confirmer": null,
        "confirm_timestamp": null,
        "ip_address": null,
        "debate": 30,
        "motion": 8,
        "discarded": false
    }
},
{
    "model": "results.ballotsubmission",
    "pk": 31,
    "fields": {
        "timestamp": "2016-04-14T03:23:01.664Z",
        "version": 1,
        "submitter_type": "T",
        "confirmed": true,
        "participant_submitter": null,
        "submitter": [
            "admin"
        ],
        "confirmer": null,
        "confirm_timestamp": null,
        "ip_address": null,
        "debate": 31,
        "motion": 7,
        "discarded": false
    }
},
{
    "model": "results.ballotsubmission",
    "pk": 32,
    "fields": {
        "timestamp": "2016-04-14T03:23:01.732Z",
        "version": 1,
        "submitter_type": "T",
        "confirmed": true,
        "participant_submitter": null,
        "submitter": [
            "admin"
        ],
        "confirmer": null,
        "confirm_timestamp": null,
        "ip_address": null,
        "debate": 32,
        "motion": 9,
        "discarded": false
    }
},
{
    "model": "results.ballotsubmission",
    "pk": 33,
    "fields": {
        "timestamp": "2016-04-14T03:23:01.800Z",
        "version": 1,
        "submitter_type": "T",
        "confirmed": true,
        "participant_submitter": null,
        "submitter": [
            "admin"
        ],
        "confirmer": null,
        "confirm_timestamp": null,
        "ip_address": null,
        "debate": 33,
        "motion": 9,
        "discarded": false
    }
},
{
    "model": "results.ballotsubmission",
    "pk": 34,
    "fields": {
        "timestamp": "2016-04-14T03:23:01.870Z",
        "version": 1,
        "submitter_type": "T",
        "confirmed": true,
        "participant_submitter": null,
        "submitter": [
            "admin"
        ],
        "confirmer": null,
        "confirm_timestamp": null,
        "ip_address": null,
        "debate": 34,
        "motion": 9,
        "discarded": false
    }
},
{
    "model": "results.ballotsubmission",
    "pk": 35,
    "fields": {
        "timestamp": "2016-04-14T03:23:02.052Z",
        "version": 1,
        "submitter_type": "T",
        "confirmed": true,
        "participant_submitter": null,
        "submitter": [
            "admin"
        ],
        "confirmer": null,
        "confirm_timestamp": null,
        "ip_address": null,
        "debate": 35,
        "motion": 9,
        "discarded": false
    }
},
{
    "model": "results.ballotsubmission",
    "pk": 36,
    "fields": {
        "timestamp": "2016-04-14T03:23:02.157Z",
        "version": 1,
        "submitter_type": "T",
        "confirmed": true,
        "participant_submitter": null,
        "submitter": [
            "admin"
        ],
        "confirmer": null,
        "confirm_timestamp": null,
        "ip_address": null,
        "debate": 36,
        "motion": 7,
        "discarded": false
    }
},
{
    "model": "results.ballotsubmission",
    "pk": 37,
    "fields": {
        "timestamp": "2016-04-14T03:25:54.869Z",
        "version": 1,
        "submitter_type": "T",
        "confirmed": true,
        "participant_submitter": null,
        "submitter": [
            "admin"
        ],
        "confirmer": null,
        "confirm_timestamp": null,
        "ip_address": null,
        "debate": 37,
        "motion": 12,
        "discarded": false
    }
},
{
    "model": "results.ballotsubmission",
    "pk": 38,
    "fields": {
        "timestamp": "2016-04-14T03:25:54.956Z",
        "version": 1,
        "submitter_type": "T",
        "confirmed": true,
        "participant_submitter": null,
        "submitter": [
            "admin"
        ],
        "confirmer": null,
        "confirm_timestamp": null,
        "ip_address": null,
        "debate": 38,
        "motion": 12,
        "discarded": false
    }
},
{
    "model": "results.ballotsubmission",
    "pk": 39,
    "fields": {
        "timestamp": "2016-04-14T03:25:55.027Z",
        "version": 1,
        "submitter_type": "T",
        "confirmed": true,
        "participant_submitter": null,
        "submitter": [
            "admin"
        ],
        "confirmer": null,
        "confirm_timestamp": null,
        "ip_address": null,
        "debate": 39,
        "motion": 12,
        "discarded": false
    }
},
{
    "model": "results.ballotsubmission",
    "pk": 40,
    "fields": {
        "timestamp": "2016-04-14T03:25:55.136Z",
        "version": 1,
        "submitter_type": "T",
        "confirmed": true,
        "participant_submitter": null,
        "submitter": [
            "admin"
        ],
        "confirmer": null,
        "confirm_timestamp": null,
        "ip_address": null,
        "debate": 40,
        "motion": 10,
        "discarded": false
    }
},
{
    "model": "results.ballotsubmission",
    "pk": 41,
    "fields": {
        "timestamp": "2016-04-14T03:25:55.246Z",
        "version": 1,
        "submitter_type": "T",
        "confirmed": true,
        "participant_submitter": null,
        "submitter": [
            "admin"
        ],
        "confirmer": null,
        "confirm_timestamp": null,
        "ip_address": null,
        "debate": 41,
        "motion": 12,
        "discarded": false
    }
},
{
    "model": "results.ballotsubmission",
    "pk": 42,
    "fields": {
        "timestamp": "2016-04-14T03:25:55.351Z",
        "version": 1,
        "submitter_type": "T",
        "confirmed": true,
        "participant_submitter": null,
        "submitter": [
            "admin"
        ],
        "confirmer": null,
        "confirm_timestamp": null,
        "ip_address": null,
        "debate": 42,
        "motion": 12,
        "discarded": false
    }
},
{
    "model": "results.ballotsubmission",
    "pk": 43,
    "fields": {
        "timestamp": "2016-04-14T03:25:55.486Z",
        "version": 1,
        "submitter_type": "T",
        "confirmed": true,
        "participant_submitter": null,
        "submitter": [
            "admin"
        ],
        "confirmer": null,
        "confirm_timestamp": null,
        "ip_address": null,
        "debate": 43,
        "motion": 12,
        "discarded": false
    }
},
{
    "model": "results.ballotsubmission",
    "pk": 44,
    "fields": {
        "timestamp": "2016-04-14T03:25:55.594Z",
        "version": 1,
        "submitter_type": "T",
        "confirmed": true,
        "participant_submitter": null,
        "submitter": [
            "admin"
        ],
        "confirmer": null,
        "confirm_timestamp": null,
        "ip_address": null,
        "debate": 44,
        "motion": 11,
        "discarded": false
    }
},
{
    "model": "results.ballotsubmission",
    "pk": 45,
    "fields": {
        "timestamp": "2016-04-14T03:25:55.665Z",
        "version": 1,
        "submitter_type": "T",
        "confirmed": true,
        "participant_submitter": null,
        "submitter": [
            "admin"
        ],
        "confirmer": null,
        "confirm_timestamp": null,
        "ip_address": null,
        "debate": 45,
        "motion": 12,
        "discarded": false
    }
},
{
    "model": "results.ballotsubmission",
    "pk": 46,
    "fields": {
        "timestamp": "2016-04-14T03:25:55.778Z",
        "version": 1,
        "submitter_type": "T",
        "confirmed": true,
        "participant_submitter": null,
        "submitter": [
            "admin"
        ],
        "confirmer": null,
        "confirm_timestamp": null,
        "ip_address": null,
        "debate": 46,
        "motion": 11,
        "discarded": false
    }
},
{
    "model": "results.ballotsubmission",
    "pk": 47,
    "fields": {
        "timestamp": "2016-04-14T03:25:55.854Z",
        "version": 1,
        "submitter_type": "T",
        "confirmed": true,
        "participant_submitter": null,
        "submitter": [
            "admin"
        ],
        "confirmer": null,
        "confirm_timestamp": null,
        "ip_address": null,
        "debate": 47,
        "motion": 11,
        "discarded": false
    }
},
{
    "model": "results.ballotsubmission",
    "pk": 48,
    "fields": {
        "timestamp": "2016-04-14T03:25:55.933Z",
        "version": 1,
        "submitter_type": "T",
        "confirmed": true,
        "participant_submitter": null,
        "submitter": [
            "admin"
        ],
        "confirmer": null,
        "confirm_timestamp": null,
        "ip_address": null,
        "debate": 48,
        "motion": 12,
        "discarded": false
    }
},
{
    "model": "results.speakerscorebyadj",
    "pk": 1,
    "fields": {
        "ballot_submission": 1,
        "debate_adjudicator": 1,
        "debate_team": 23,
        "score": 73.0,
        "position": 1
    }
},
{
    "model": "results.speakerscorebyadj",
    "pk": 2,
    "fields": {
        "ballot_submission": 1,
        "debate_adjudicator": 1,
        "debate_team": 23,
        "score": 75.0,
        "position": 2
    }
},
{
    "model": "results.speakerscorebyadj",
    "pk": 3,
    "fields": {
        "ballot_submission": 1,
        "debate_adjudicator": 1,
        "debate_team": 23,
        "score": 73.0,
        "position": 3
    }
},
{
    "model": "results.speakerscorebyadj",
    "pk": 4,
    "fields": {
        "ballot_submission": 1,
        "debate_adjudicator": 1,
        "debate_team": 23,
        "score": 38.0,
        "position": 4
    }
},
{
    "model": "results.speakerscorebyadj",
    "pk": 5,
    "fields": {
        "ballot_submission": 1,
        "debate_adjudicator": 1,
        "debate_team": 24,
        "score": 73.0,
        "position": 1
    }
},
{
    "model": "results.speakerscorebyadj",
    "pk": 6,
    "fields": {
        "ballot_submission": 1,
        "debate_adjudicator": 1,
        "debate_team": 24,
        "score": 73.0,
        "position": 2
    }
},
{
    "model": "results.speakerscorebyadj",
    "pk": 7,
    "fields": {
        "ballot_submission": 1,
        "debate_adjudicator": 1,
        "debate_team": 24,
        "score": 78.0,
        "position": 3
    }
},
{
    "model": "results.speakerscorebyadj",
    "pk": 8,
    "fields": {
        "ballot_submission": 1,
        "debate_adjudicator": 1,
        "debate_team": 24,
        "score": 37.5,
        "position": 4
    }
},
{
    "model": "results.speakerscorebyadj",
    "pk": 9,
    "fields": {
        "ballot_submission": 2,
        "debate_adjudicator": 2,
        "debate_team": 21,
        "score": 76.0,
        "position": 1
    }
},
{
    "model": "results.speakerscorebyadj",
    "pk": 10,
    "fields": {
        "ballot_submission": 2,
        "debate_adjudicator": 2,
        "debate_team": 21,
        "score": 77.0,
        "position": 2
    }
},
{
    "model": "results.speakerscorebyadj",
    "pk": 11,
    "fields": {
        "ballot_submission": 2,
        "debate_adjudicator": 2,
        "debate_team": 21,
        "score": 76.0,
        "position": 3
    }
},
{
    "model": "results.speakerscorebyadj",
    "pk": 12,
    "fields": {
        "ballot_submission": 2,
        "debate_adjudicator": 2,
        "debate_team": 21,
        "score": 37.5,
        "position": 4
    }
},
{
    "model": "results.speakerscorebyadj",
    "pk": 13,
    "fields": {
        "ballot_submission": 2,
        "debate_adjudicator": 2,
        "debate_team": 22,
        "score": 77.0,
        "position": 1
    }
},
{
    "model": "results.speakerscorebyadj",
    "pk": 14,
    "fields": {
        "ballot_submission": 2,
        "debate_adjudicator": 2,
        "debate_team": 22,
        "score": 75.0,
        "position": 2
    }
},
{
    "model": "results.speakerscorebyadj",
    "pk": 15,
    "fields": {
        "ballot_submission": 2,
        "debate_adjudicator": 2,
        "debate_team": 22,
        "score": 76.0,
        "position": 3
    }
},
{
    "model": "results.speakerscorebyadj",
    "pk": 16,
    "fields": {
        "ballot_submission": 2,
        "debate_adjudicator": 2,
        "debate_team": 22,
        "score": 39.0,
        "position": 4
    }
},
{
    "model": "results.speakerscorebyadj",
    "pk": 17,
    "fields": {
        "ballot_submission": 3,
        "debate_adjudicator": 3,
        "debate_team": 19,
        "score": 72.0,
        "position": 1
    }
},
{
    "model": "results.speakerscorebyadj",
    "pk": 18,
    "fields": {
        "ballot_submission": 3,
        "debate_adjudicator": 3,
        "debate_team": 19,
        "score": 75.0,
        "position": 2
    }
},
{
    "model": "results.speakerscorebyadj",
    "pk": 19,
    "fields": {
        "ballot_submission": 3,
        "debate_adjudicator": 3,
        "debate_team": 19,
        "score": 77.0,
        "position": 3
    }
},
{
    "model": "results.speakerscorebyadj",
    "pk": 20,
    "fields": {
        "ballot_submission": 3,
        "debate_adjudicator": 3,
        "debate_team": 19,
        "score": 37.5,
        "position": 4
    }
},
{
    "model": "results.speakerscorebyadj",
    "pk": 21,
    "fields": {
        "ballot_submission": 3,
        "debate_adjudicator": 3,
        "debate_team": 20,
        "score": 78.0,
        "position": 1
    }
},
{
    "model": "results.speakerscorebyadj",
    "pk": 22,
    "fields": {
        "ballot_submission": 3,
        "debate_adjudicator": 3,
        "debate_team": 20,
        "score": 74.0,
        "position": 2
    }
},
{
    "model": "results.speakerscorebyadj",
    "pk": 23,
    "fields": {
        "ballot_submission": 3,
        "debate_adjudicator": 3,
        "debate_team": 20,
        "score": 74.0,
        "position": 3
    }
},
{
    "model": "results.speakerscorebyadj",
    "pk": 24,
    "fields": {
        "ballot_submission": 3,
        "debate_adjudicator": 3,
        "debate_team": 20,
        "score": 39.0,
        "position": 4
    }
},
{
    "model": "results.speakerscorebyadj",
    "pk": 25,
    "fields": {
        "ballot_submission": 4,
        "debate_adjudicator": 4,
        "debate_team": 17,
        "score": 74.0,
        "position": 1
    }
},
{
    "model": "results.speakerscorebyadj",
    "pk": 26,
    "fields": {
        "ballot_submission": 4,
        "debate_adjudicator": 4,
        "debate_team": 17,
        "score": 73.0,
        "position": 2
    }
},
{
    "model": "results.speakerscorebyadj",
    "pk": 27,
    "fields": {
        "ballot_submission": 4,
        "debate_adjudicator": 4,
        "debate_team": 17,
        "score": 73.0,
        "position": 3
    }
},
{
    "model": "results.speakerscorebyadj",
    "pk": 28,
    "fields": {
        "ballot_submission": 4,
        "debate_adjudicator": 4,
        "debate_team": 17,
        "score": 37.5,
        "position": 4
    }
},
{
    "model": "results.speakerscorebyadj",
    "pk": 29,
    "fields": {
        "ballot_submission": 4,
        "debate_adjudicator": 4,
        "debate_team": 18,
        "score": 77.0,
        "position": 1
    }
},
{
    "model": "results.speakerscorebyadj",
    "pk": 30,
    "fields": {
        "ballot_submission": 4,
        "debate_adjudicator": 4,
        "debate_team": 18,
        "score": 74.0,
        "position": 2
    }
},
{
    "model": "results.speakerscorebyadj",
    "pk": 31,
    "fields": {
        "ballot_submission": 4,
        "debate_adjudicator": 4,
        "debate_team": 18,
        "score": 74.0,
        "position": 3
    }
},
{
    "model": "results.speakerscorebyadj",
    "pk": 32,
    "fields": {
        "ballot_submission": 4,
        "debate_adjudicator": 4,
        "debate_team": 18,
        "score": 37.0,
        "position": 4
    }
},
{
    "model": "results.speakerscorebyadj",
    "pk": 33,
    "fields": {
        "ballot_submission": 5,
        "debate_adjudicator": 5,
        "debate_team": 15,
        "score": 75.0,
        "position": 1
    }
},
{
    "model": "results.speakerscorebyadj",
    "pk": 34,
    "fields": {
        "ballot_submission": 5,
        "debate_adjudicator": 5,
        "debate_team": 15,
        "score": 74.0,
        "position": 2
    }
},
{
    "model": "results.speakerscorebyadj",
    "pk": 35,
    "fields": {
        "ballot_submission": 5,
        "debate_adjudicator": 5,
        "debate_team": 15,
        "score": 74.0,
        "position": 3
    }
},
{
    "model": "results.speakerscorebyadj",
    "pk": 36,
    "fields": {
        "ballot_submission": 5,
        "debate_adjudicator": 5,
        "debate_team": 15,
        "score": 37.5,
        "position": 4
    }
},
{
    "model": "results.speakerscorebyadj",
    "pk": 37,
    "fields": {
        "ballot_submission": 5,
        "debate_adjudicator": 5,
        "debate_team": 16,
        "score": 74.0,
        "position": 1
    }
},
{
    "model": "results.speakerscorebyadj",
    "pk": 38,
    "fields": {
        "ballot_submission": 5,
        "debate_adjudicator": 5,
        "debate_team": 16,
        "score": 76.0,
        "position": 2
    }
},
{
    "model": "results.speakerscorebyadj",
    "pk": 39,
    "fields": {
        "ballot_submission": 5,
        "debate_adjudicator": 5,
        "debate_team": 16,
        "score": 72.0,
        "position": 3
    }
},
{
    "model": "results.speakerscorebyadj",
    "pk": 40,
    "fields": {
        "ballot_submission": 5,
        "debate_adjudicator": 5,
        "debate_team": 16,
        "score": 39.0,
        "position": 4
    }
},
{
    "model": "results.speakerscorebyadj",
    "pk": 41,
    "fields": {
        "ballot_submission": 6,
        "debate_adjudicator": 6,
        "debate_team": 13,
        "score": 72.0,
        "position": 1
    }
},
{
    "model": "results.speakerscorebyadj",
    "pk": 42,
    "fields": {
        "ballot_submission": 6,
        "debate_adjudicator": 6,
        "debate_team": 13,
        "score": 74.0,
        "position": 2
    }
},
{
    "model": "results.speakerscorebyadj",
    "pk": 43,
    "fields": {
        "ballot_submission": 6,
        "debate_adjudicator": 6,
        "debate_team": 13,
        "score": 72.0,
        "position": 3
    }
},
{
    "model": "results.speakerscorebyadj",
    "pk": 44,
    "fields": {
        "ballot_submission": 6,
        "debate_adjudicator": 6,
        "debate_team": 13,
        "score": 37.5,
        "position": 4
    }
},
{
    "model": "results.speakerscorebyadj",
    "pk": 45,
    "fields": {
        "ballot_submission": 6,
        "debate_adjudicator": 6,
        "debate_team": 14,
        "score": 75.0,
        "position": 1
    }
},
{
    "model": "results.speakerscorebyadj",
    "pk": 46,
    "fields": {
        "ballot_submission": 6,
        "debate_adjudicator": 6,
        "debate_team": 14,
        "score": 74.0,
        "position": 2
    }
},
{
    "model": "results.speakerscorebyadj",
    "pk": 47,
    "fields": {
        "ballot_submission": 6,
        "debate_adjudicator": 6,
        "debate_team": 14,
        "score": 78.0,
        "position": 3
    }
},
{
    "model": "results.speakerscorebyadj",
    "pk": 48,
    "fields": {
        "ballot_submission": 6,
        "debate_adjudicator": 6,
        "debate_team": 14,
        "score": 36.0,
        "position": 4
    }
},
{
    "model": "results.speakerscorebyadj",
    "pk": 49,
    "fields": {
        "ballot_submission": 7,
        "debate_adjudicator": 7,
        "debate_team": 11,
        "score": 77.0,
        "position": 1
    }
},
{
    "model": "results.speakerscorebyadj",
    "pk": 50,
    "fields": {
        "ballot_submission": 7,
        "debate_adjudicator": 7,
        "debate_team": 11,
        "score": 78.0,
        "position": 2
    }
},
{
    "model": "results.speakerscorebyadj",
    "pk": 51,
    "fields": {
        "ballot_submission": 7,
        "debate_adjudicator": 7,
        "debate_team": 11,
        "score": 74.0,
        "position": 3
    }
},
{
    "model": "results.speakerscorebyadj",
    "pk": 52,
    "fields": {
        "ballot_submission": 7,
        "debate_adjudicator": 7,
        "debate_team": 11,
        "score": 38.0,
        "position": 4
    }
},
{
    "model": "results.speakerscorebyadj",
    "pk": 53,
    "fields": {
        "ballot_submission": 7,
        "debate_adjudicator": 7,
        "debate_team": 12,
        "score": 75.0,
        "position": 1
    }
},
{
    "model": "results.speakerscorebyadj",
    "pk": 54,
    "fields": {
        "ballot_submission": 7,
        "debate_adjudicator": 7,
        "debate_team": 12,
        "score": 76.0,
        "position": 2
    }
},
{
    "model": "results.speakerscorebyadj",
    "pk": 55,
    "fields": {
        "ballot_submission": 7,
        "debate_adjudicator": 7,
        "debate_team": 12,
        "score": 75.0,
        "position": 3
    }
},
{
    "model": "results.speakerscorebyadj",
    "pk": 56,
    "fields": {
        "ballot_submission": 7,
        "debate_adjudicator": 7,
        "debate_team": 12,
        "score": 38.5,
        "position": 4
    }
},
{
    "model": "results.speakerscorebyadj",
    "pk": 57,
    "fields": {
        "ballot_submission": 8,
        "debate_adjudicator": 10,
        "debate_team": 9,
        "score": 76.0,
        "position": 1
    }
},
{
    "model": "results.speakerscorebyadj",
    "pk": 58,
    "fields": {
        "ballot_submission": 8,
        "debate_adjudicator": 10,
        "debate_team": 9,
        "score": 72.0,
        "position": 2
    }
},
{
    "model": "results.speakerscorebyadj",
    "pk": 59,
    "fields": {
        "ballot_submission": 8,
        "debate_adjudicator": 10,
        "debate_team": 9,
        "score": 78.0,
        "position": 3
    }
},
{
    "model": "results.speakerscorebyadj",
    "pk": 60,
    "fields": {
        "ballot_submission": 8,
        "debate_adjudicator": 10,
        "debate_team": 9,
        "score": 38.0,
        "position": 4
    }
},
{
    "model": "results.speakerscorebyadj",
    "pk": 61,
    "fields": {
        "ballot_submission": 8,
        "debate_adjudicator": 10,
        "debate_team": 10,
        "score": 74.0,
        "position": 1
    }
},
{
    "model": "results.speakerscorebyadj",
    "pk": 62,
    "fields": {
        "ballot_submission": 8,
        "debate_adjudicator": 10,
        "debate_team": 10,
        "score": 77.0,
        "position": 2
    }
},
{
    "model": "results.speakerscorebyadj",
    "pk": 63,
    "fields": {
        "ballot_submission": 8,
        "debate_adjudicator": 10,
        "debate_team": 10,
        "score": 73.0,
        "position": 3
    }
},
{
    "model": "results.speakerscorebyadj",
    "pk": 64,
    "fields": {
        "ballot_submission": 8,
        "debate_adjudicator": 10,
        "debate_team": 10,
        "score": 38.5,
        "position": 4
    }
},
{
    "model": "results.speakerscorebyadj",
    "pk": 65,
    "fields": {
        "ballot_submission": 8,
        "debate_adjudicator": 9,
        "debate_team": 9,
        "score": 78.0,
        "position": 1
    }
},
{
    "model": "results.speakerscorebyadj",
    "pk": 66,
    "fields": {
        "ballot_submission": 8,
        "debate_adjudicator": 9,
        "debate_team": 9,
        "score": 78.0,
        "position": 2
    }
},
{
    "model": "results.speakerscorebyadj",
    "pk": 67,
    "fields": {
        "ballot_submission": 8,
        "debate_adjudicator": 9,
        "debate_team": 9,
        "score": 75.0,
        "position": 3
    }
},
{
    "model": "results.speakerscorebyadj",
    "pk": 68,
    "fields": {
        "ballot_submission": 8,
        "debate_adjudicator": 9,
        "debate_team": 9,
        "score": 38.5,
        "position": 4
    }
},
{
    "model": "results.speakerscorebyadj",
    "pk": 69,
    "fields": {
        "ballot_submission": 8,
        "debate_adjudicator": 9,
        "debate_team": 10,
        "score": 75.0,
        "position": 1
    }
},
{
    "model": "results.speakerscorebyadj",
    "pk": 70,
    "fields": {
        "ballot_submission": 8,
        "debate_adjudicator": 9,
        "debate_team": 10,
        "score": 76.0,
        "position": 2
    }
},
{
    "model": "results.speakerscorebyadj",
    "pk": 71,
    "fields": {
        "ballot_submission": 8,
        "debate_adjudicator": 9,
        "debate_team": 10,
        "score": 78.0,
        "position": 3
    }
},
{
    "model": "results.speakerscorebyadj",
    "pk": 72,
    "fields": {
        "ballot_submission": 8,
        "debate_adjudicator": 9,
        "debate_team": 10,
        "score": 36.0,
        "position": 4
    }
},
{
    "model": "results.speakerscorebyadj",
    "pk": 73,
    "fields": {
        "ballot_submission": 8,
        "debate_adjudicator": 8,
        "debate_team": 9,
        "score": 76.0,
        "position": 1
    }
},
{
    "model": "results.speakerscorebyadj",
    "pk": 74,
    "fields": {
        "ballot_submission": 8,
        "debate_adjudicator": 8,
        "debate_team": 9,
        "score": 77.0,
        "position": 2
    }
},
{
    "model": "results.speakerscorebyadj",
    "pk": 75,
    "fields": {
        "ballot_submission": 8,
        "debate_adjudicator": 8,
        "debate_team": 9,
        "score": 75.0,
        "position": 3
    }
},
{
    "model": "results.speakerscorebyadj",
    "pk": 76,
    "fields": {
        "ballot_submission": 8,
        "debate_adjudicator": 8,
        "debate_team": 9,
        "score": 36.5,
        "position": 4
    }
},
{
    "model": "results.speakerscorebyadj",
    "pk": 77,
    "fields": {
        "ballot_submission": 8,
        "debate_adjudicator": 8,
        "debate_team": 10,
        "score": 73.0,
        "position": 1
    }
},
{
    "model": "results.speakerscorebyadj",
    "pk": 78,
    "fields": {
        "ballot_submission": 8,
        "debate_adjudicator": 8,
        "debate_team": 10,
        "score": 75.0,
        "position": 2
    }
},
{
    "model": "results.speakerscorebyadj",
    "pk": 79,
    "fields": {
        "ballot_submission": 8,
        "debate_adjudicator": 8,
        "debate_team": 10,
        "score": 72.0,
        "position": 3
    }
},
{
    "model": "results.speakerscorebyadj",
    "pk": 80,
    "fields": {
        "ballot_submission": 8,
        "debate_adjudicator": 8,
        "debate_team": 10,
        "score": 36.5,
        "position": 4
    }
},
{
    "model": "results.speakerscorebyadj",
    "pk": 81,
    "fields": {
        "ballot_submission": 9,
        "debate_adjudicator": 12,
        "debate_team": 7,
        "score": 77.0,
        "position": 1
    }
},
{
    "model": "results.speakerscorebyadj",
    "pk": 82,
    "fields": {
        "ballot_submission": 9,
        "debate_adjudicator": 12,
        "debate_team": 7,
        "score": 76.0,
        "position": 2
    }
},
{
    "model": "results.speakerscorebyadj",
    "pk": 83,
    "fields": {
        "ballot_submission": 9,
        "debate_adjudicator": 12,
        "debate_team": 7,
        "score": 78.0,
        "position": 3
    }
},
{
    "model": "results.speakerscorebyadj",
    "pk": 84,
    "fields": {
        "ballot_submission": 9,
        "debate_adjudicator": 12,
        "debate_team": 7,
        "score": 37.5,
        "position": 4
    }
},
{
    "model": "results.speakerscorebyadj",
    "pk": 85,
    "fields": {
        "ballot_submission": 9,
        "debate_adjudicator": 12,
        "debate_team": 8,
        "score": 74.0,
        "position": 1
    }
},
{
    "model": "results.speakerscorebyadj",
    "pk": 86,
    "fields": {
        "ballot_submission": 9,
        "debate_adjudicator": 12,
        "debate_team": 8,
        "score": 75.0,
        "position": 2
    }
},
{
    "model": "results.speakerscorebyadj",
    "pk": 87,
    "fields": {
        "ballot_submission": 9,
        "debate_adjudicator": 12,
        "debate_team": 8,
        "score": 75.0,
        "position": 3
    }
},
{
    "model": "results.speakerscorebyadj",
    "pk": 88,
    "fields": {
        "ballot_submission": 9,
        "debate_adjudicator": 12,
        "debate_team": 8,
        "score": 37.0,
        "position": 4
    }
},
{
    "model": "results.speakerscorebyadj",
    "pk": 89,
    "fields": {
        "ballot_submission": 9,
        "debate_adjudicator": 13,
        "debate_team": 7,
        "score": 73.0,
        "position": 1
    }
},
{
    "model": "results.speakerscorebyadj",
    "pk": 90,
    "fields": {
        "ballot_submission": 9,
        "debate_adjudicator": 13,
        "debate_team": 7,
        "score": 73.0,
        "position": 2
    }
},
{
    "model": "results.speakerscorebyadj",
    "pk": 91,
    "fields": {
        "ballot_submission": 9,
        "debate_adjudicator": 13,
        "debate_team": 7,
        "score": 78.0,
        "position": 3
    }
},
{
    "model": "results.speakerscorebyadj",
    "pk": 92,
    "fields": {
        "ballot_submission": 9,
        "debate_adjudicator": 13,
        "debate_team": 7,
        "score": 37.5,
        "position": 4
    }
},
{
    "model": "results.speakerscorebyadj",
    "pk": 93,
    "fields": {
        "ballot_submission": 9,
        "debate_adjudicator": 13,
        "debate_team": 8,
        "score": 75.0,
        "position": 1
    }
},
{
    "model": "results.speakerscorebyadj",
    "pk": 94,
    "fields": {
        "ballot_submission": 9,
        "debate_adjudicator": 13,
        "debate_team": 8,
        "score": 75.0,
        "position": 2
    }
},
{
    "model": "results.speakerscorebyadj",
    "pk": 95,
    "fields": {
        "ballot_submission": 9,
        "debate_adjudicator": 13,
        "debate_team": 8,
        "score": 75.0,
        "position": 3
    }
},
{
    "model": "results.speakerscorebyadj",
    "pk": 96,
    "fields": {
        "ballot_submission": 9,
        "debate_adjudicator": 13,
        "debate_team": 8,
        "score": 37.5,
        "position": 4
    }
},
{
    "model": "results.speakerscorebyadj",
    "pk": 97,
    "fields": {
        "ballot_submission": 9,
        "debate_adjudicator": 11,
        "debate_team": 7,
        "score": 78.0,
        "position": 1
    }
},
{
    "model": "results.speakerscorebyadj",
    "pk": 98,
    "fields": {
        "ballot_submission": 9,
        "debate_adjudicator": 11,
        "debate_team": 7,
        "score": 73.0,
        "position": 2
    }
},
{
    "model": "results.speakerscorebyadj",
    "pk": 99,
    "fields": {
        "ballot_submission": 9,
        "debate_adjudicator": 11,
        "debate_team": 7,
        "score": 75.0,
        "position": 3
    }
},
{
    "model": "results.speakerscorebyadj",
    "pk": 100,
    "fields": {
        "ballot_submission": 9,
        "debate_adjudicator": 11,
        "debate_team": 7,
        "score": 37.5,
        "position": 4
    }
},
{
    "model": "results.speakerscorebyadj",
    "pk": 101,
    "fields": {
        "ballot_submission": 9,
        "debate_adjudicator": 11,
        "debate_team": 8,
        "score": 78.0,
        "position": 1
    }
},
{
    "model": "results.speakerscorebyadj",
    "pk": 102,
    "fields": {
        "ballot_submission": 9,
        "debate_adjudicator": 11,
        "debate_team": 8,
        "score": 72.0,
        "position": 2
    }
},
{
    "model": "results.speakerscorebyadj",
    "pk": 103,
    "fields": {
        "ballot_submission": 9,
        "debate_adjudicator": 11,
        "debate_team": 8,
        "score": 74.0,
        "position": 3
    }
},
{
    "model": "results.speakerscorebyadj",
    "pk": 104,
    "fields": {
        "ballot_submission": 9,
        "debate_adjudicator": 11,
        "debate_team": 8,
        "score": 37.0,
        "position": 4
    }
},
{
    "model": "results.speakerscorebyadj",
    "pk": 105,
    "fields": {
        "ballot_submission": 10,
        "debate_adjudicator": 15,
        "debate_team": 5,
        "score": 78.0,
        "position": 1
    }
},
{
    "model": "results.speakerscorebyadj",
    "pk": 106,
    "fields": {
        "ballot_submission": 10,
        "debate_adjudicator": 15,
        "debate_team": 5,
        "score": 78.0,
        "position": 2
    }
},
{
    "model": "results.speakerscorebyadj",
    "pk": 107,
    "fields": {
        "ballot_submission": 10,
        "debate_adjudicator": 15,
        "debate_team": 5,
        "score": 74.0,
        "position": 3
    }
},
{
    "model": "results.speakerscorebyadj",
    "pk": 108,
    "fields": {
        "ballot_submission": 10,
        "debate_adjudicator": 15,
        "debate_team": 5,
        "score": 37.5,
        "position": 4
    }
},
{
    "model": "results.speakerscorebyadj",
    "pk": 109,
    "fields": {
        "ballot_submission": 10,
        "debate_adjudicator": 15,
        "debate_team": 6,
        "score": 78.0,
        "position": 1
    }
},
{
    "model": "results.speakerscorebyadj",
    "pk": 110,
    "fields": {
        "ballot_submission": 10,
        "debate_adjudicator": 15,
        "debate_team": 6,
        "score": 73.0,
        "position": 2
    }
},
{
    "model": "results.speakerscorebyadj",
    "pk": 111,
    "fields": {
        "ballot_submission": 10,
        "debate_adjudicator": 15,
        "debate_team": 6,
        "score": 74.0,
        "position": 3
    }
},
{
    "model": "results.speakerscorebyadj",
    "pk": 112,
    "fields": {
        "ballot_submission": 10,
        "debate_adjudicator": 15,
        "debate_team": 6,
        "score": 37.5,
        "position": 4
    }
},
{
    "model": "results.speakerscorebyadj",
    "pk": 113,
    "fields": {
        "ballot_submission": 10,
        "debate_adjudicator": 14,
        "debate_team": 5,
        "score": 73.0,
        "position": 1
    }
},
{
    "model": "results.speakerscorebyadj",
    "pk": 114,
    "fields": {
        "ballot_submission": 10,
        "debate_adjudicator": 14,
        "debate_team": 5,
        "score": 77.0,
        "position": 2
    }
},
{
    "model": "results.speakerscorebyadj",
    "pk": 115,
    "fields": {
        "ballot_submission": 10,
        "debate_adjudicator": 14,
        "debate_team": 5,
        "score": 76.0,
        "position": 3
    }
},
{
    "model": "results.speakerscorebyadj",
    "pk": 116,
    "fields": {
        "ballot_submission": 10,
        "debate_adjudicator": 14,
        "debate_team": 5,
        "score": 38.5,
        "position": 4
    }
},
{
    "model": "results.speakerscorebyadj",
    "pk": 117,
    "fields": {
        "ballot_submission": 10,
        "debate_adjudicator": 14,
        "debate_team": 6,
        "score": 74.0,
        "position": 1
    }
},
{
    "model": "results.speakerscorebyadj",
    "pk": 118,
    "fields": {
        "ballot_submission": 10,
        "debate_adjudicator": 14,
        "debate_team": 6,
        "score": 78.0,
        "position": 2
    }
},
{
    "model": "results.speakerscorebyadj",
    "pk": 119,
    "fields": {
        "ballot_submission": 10,
        "debate_adjudicator": 14,
        "debate_team": 6,
        "score": 73.0,
        "position": 3
    }
},
{
    "model": "results.speakerscorebyadj",
    "pk": 120,
    "fields": {
        "ballot_submission": 10,
        "debate_adjudicator": 14,
        "debate_team": 6,
        "score": 36.5,
        "position": 4
    }
},
{
    "model": "results.speakerscorebyadj",
    "pk": 121,
    "fields": {
        "ballot_submission": 10,
        "debate_adjudicator": 16,
        "debate_team": 5,
        "score": 76.0,
        "position": 1
    }
},
{
    "model": "results.speakerscorebyadj",
    "pk": 122,
    "fields": {
        "ballot_submission": 10,
        "debate_adjudicator": 16,
        "debate_team": 5,
        "score": 78.0,
        "position": 2
    }
},
{
    "model": "results.speakerscorebyadj",
    "pk": 123,
    "fields": {
        "ballot_submission": 10,
        "debate_adjudicator": 16,
        "debate_team": 5,
        "score": 77.0,
        "position": 3
    }
},
{
    "model": "results.speakerscorebyadj",
    "pk": 124,
    "fields": {
        "ballot_submission": 10,
        "debate_adjudicator": 16,
        "debate_team": 5,
        "score": 37.5,
        "position": 4
    }
},
{
    "model": "results.speakerscorebyadj",
    "pk": 125,
    "fields": {
        "ballot_submission": 10,
        "debate_adjudicator": 16,
        "debate_team": 6,
        "score": 74.0,
        "position": 1
    }
},
{
    "model": "results.speakerscorebyadj",
    "pk": 126,
    "fields": {
        "ballot_submission": 10,
        "debate_adjudicator": 16,
        "debate_team": 6,
        "score": 72.0,
        "position": 2
    }
},
{
    "model": "results.speakerscorebyadj",
    "pk": 127,
    "fields": {
        "ballot_submission": 10,
        "debate_adjudicator": 16,
        "debate_team": 6,
        "score": 78.0,
        "position": 3
    }
},
{
    "model": "results.speakerscorebyadj",
    "pk": 128,
    "fields": {
        "ballot_submission": 10,
        "debate_adjudicator": 16,
        "debate_team": 6,
        "score": 36.5,
        "position": 4
    }
},
{
    "model": "results.speakerscorebyadj",
    "pk": 129,
    "fields": {
        "ballot_submission": 11,
        "debate_adjudicator": 17,
        "debate_team": 3,
        "score": 75.0,
        "position": 1
    }
},
{
    "model": "results.speakerscorebyadj",
    "pk": 130,
    "fields": {
        "ballot_submission": 11,
        "debate_adjudicator": 17,
        "debate_team": 3,
        "score": 77.0,
        "position": 2
    }
},
{
    "model": "results.speakerscorebyadj",
    "pk": 131,
    "fields": {
        "ballot_submission": 11,
        "debate_adjudicator": 17,
        "debate_team": 3,
        "score": 77.0,
        "position": 3
    }
},
{
    "model": "results.speakerscorebyadj",
    "pk": 132,
    "fields": {
        "ballot_submission": 11,
        "debate_adjudicator": 17,
        "debate_team": 3,
        "score": 36.5,
        "position": 4
    }
},
{
    "model": "results.speakerscorebyadj",
    "pk": 133,
    "fields": {
        "ballot_submission": 11,
        "debate_adjudicator": 17,
        "debate_team": 4,
        "score": 78.0,
        "position": 1
    }
},
{
    "model": "results.speakerscorebyadj",
    "pk": 134,
    "fields": {
        "ballot_submission": 11,
        "debate_adjudicator": 17,
        "debate_team": 4,
        "score": 74.0,
        "position": 2
    }
},
{
    "model": "results.speakerscorebyadj",
    "pk": 135,
    "fields": {
        "ballot_submission": 11,
        "debate_adjudicator": 17,
        "debate_team": 4,
        "score": 78.0,
        "position": 3
    }
},
{
    "model": "results.speakerscorebyadj",
    "pk": 136,
    "fields": {
        "ballot_submission": 11,
        "debate_adjudicator": 17,
        "debate_team": 4,
        "score": 38.0,
        "position": 4
    }
},
{
    "model": "results.speakerscorebyadj",
    "pk": 137,
    "fields": {
        "ballot_submission": 11,
        "debate_adjudicator": 19,
        "debate_team": 3,
        "score": 73.0,
        "position": 1
    }
},
{
    "model": "results.speakerscorebyadj",
    "pk": 138,
    "fields": {
        "ballot_submission": 11,
        "debate_adjudicator": 19,
        "debate_team": 3,
        "score": 72.0,
        "position": 2
    }
},
{
    "model": "results.speakerscorebyadj",
    "pk": 139,
    "fields": {
        "ballot_submission": 11,
        "debate_adjudicator": 19,
        "debate_team": 3,
        "score": 77.0,
        "position": 3
    }
},
{
    "model": "results.speakerscorebyadj",
    "pk": 140,
    "fields": {
        "ballot_submission": 11,
        "debate_adjudicator": 19,
        "debate_team": 3,
        "score": 36.0,
        "position": 4
    }
},
{
    "model": "results.speakerscorebyadj",
    "pk": 141,
    "fields": {
        "ballot_submission": 11,
        "debate_adjudicator": 19,
        "debate_team": 4,
        "score": 75.0,
        "position": 1
    }
},
{
    "model": "results.speakerscorebyadj",
    "pk": 142,
    "fields": {
        "ballot_submission": 11,
        "debate_adjudicator": 19,
        "debate_team": 4,
        "score": 75.0,
        "position": 2
    }
},
{
    "model": "results.speakerscorebyadj",
    "pk": 143,
    "fields": {
        "ballot_submission": 11,
        "debate_adjudicator": 19,
        "debate_team": 4,
        "score": 73.0,
        "position": 3
    }
},
{
    "model": "results.speakerscorebyadj",
    "pk": 144,
    "fields": {
        "ballot_submission": 11,
        "debate_adjudicator": 19,
        "debate_team": 4,
        "score": 38.0,
        "position": 4
    }
},
{
    "model": "results.speakerscorebyadj",
    "pk": 145,
    "fields": {
        "ballot_submission": 11,
        "debate_adjudicator": 18,
        "debate_team": 3,
        "score": 75.0,
        "position": 1
    }
},
{
    "model": "results.speakerscorebyadj",
    "pk": 146,
    "fields": {
        "ballot_submission": 11,
        "debate_adjudicator": 18,
        "debate_team": 3,
        "score": 73.0,
        "position": 2
    }
},
{
    "model": "results.speakerscorebyadj",
    "pk": 147,
    "fields": {
        "ballot_submission": 11,
        "debate_adjudicator": 18,
        "debate_team": 3,
        "score": 76.0,
        "position": 3
    }
},
{
    "model": "results.speakerscorebyadj",
    "pk": 148,
    "fields": {
        "ballot_submission": 11,
        "debate_adjudicator": 18,
        "debate_team": 3,
        "score": 38.5,
        "position": 4
    }
},
{
    "model": "results.speakerscorebyadj",
    "pk": 149,
    "fields": {
        "ballot_submission": 11,
        "debate_adjudicator": 18,
        "debate_team": 4,
        "score": 72.0,
        "position": 1
    }
},
{
    "model": "results.speakerscorebyadj",
    "pk": 150,
    "fields": {
        "ballot_submission": 11,
        "debate_adjudicator": 18,
        "debate_team": 4,
        "score": 78.0,
        "position": 2
    }
},
{
    "model": "results.speakerscorebyadj",
    "pk": 151,
    "fields": {
        "ballot_submission": 11,
        "debate_adjudicator": 18,
        "debate_team": 4,
        "score": 73.0,
        "position": 3
    }
},
{
    "model": "results.speakerscorebyadj",
    "pk": 152,
    "fields": {
        "ballot_submission": 11,
        "debate_adjudicator": 18,
        "debate_team": 4,
        "score": 37.0,
        "position": 4
    }
},
{
    "model": "results.speakerscorebyadj",
    "pk": 153,
    "fields": {
        "ballot_submission": 12,
        "debate_adjudicator": 21,
        "debate_team": 1,
        "score": 77.0,
        "position": 1
    }
},
{
    "model": "results.speakerscorebyadj",
    "pk": 154,
    "fields": {
        "ballot_submission": 12,
        "debate_adjudicator": 21,
        "debate_team": 1,
        "score": 75.0,
        "position": 2
    }
},
{
    "model": "results.speakerscorebyadj",
    "pk": 155,
    "fields": {
        "ballot_submission": 12,
        "debate_adjudicator": 21,
        "debate_team": 1,
        "score": 77.0,
        "position": 3
    }
},
{
    "model": "results.speakerscorebyadj",
    "pk": 156,
    "fields": {
        "ballot_submission": 12,
        "debate_adjudicator": 21,
        "debate_team": 1,
        "score": 36.5,
        "position": 4
    }
},
{
    "model": "results.speakerscorebyadj",
    "pk": 157,
    "fields": {
        "ballot_submission": 12,
        "debate_adjudicator": 21,
        "debate_team": 2,
        "score": 78.0,
        "position": 1
    }
},
{
    "model": "results.speakerscorebyadj",
    "pk": 158,
    "fields": {
        "ballot_submission": 12,
        "debate_adjudicator": 21,
        "debate_team": 2,
        "score": 76.0,
        "position": 2
    }
},
{
    "model": "results.speakerscorebyadj",
    "pk": 159,
    "fields": {
        "ballot_submission": 12,
        "debate_adjudicator": 21,
        "debate_team": 2,
        "score": 73.0,
        "position": 3
    }
},
{
    "model": "results.speakerscorebyadj",
    "pk": 160,
    "fields": {
        "ballot_submission": 12,
        "debate_adjudicator": 21,
        "debate_team": 2,
        "score": 37.0,
        "position": 4
    }
},
{
    "model": "results.speakerscorebyadj",
    "pk": 161,
    "fields": {
        "ballot_submission": 12,
        "debate_adjudicator": 20,
        "debate_team": 1,
        "score": 78.0,
        "position": 1
    }
},
{
    "model": "results.speakerscorebyadj",
    "pk": 162,
    "fields": {
        "ballot_submission": 12,
        "debate_adjudicator": 20,
        "debate_team": 1,
        "score": 75.0,
        "position": 2
    }
},
{
    "model": "results.speakerscorebyadj",
    "pk": 163,
    "fields": {
        "ballot_submission": 12,
        "debate_adjudicator": 20,
        "debate_team": 1,
        "score": 75.0,
        "position": 3
    }
},
{
    "model": "results.speakerscorebyadj",
    "pk": 164,
    "fields": {
        "ballot_submission": 12,
        "debate_adjudicator": 20,
        "debate_team": 1,
        "score": 39.0,
        "position": 4
    }
},
{
    "model": "results.speakerscorebyadj",
    "pk": 165,
    "fields": {
        "ballot_submission": 12,
        "debate_adjudicator": 20,
        "debate_team": 2,
        "score": 77.0,
        "position": 1
    }
},
{
    "model": "results.speakerscorebyadj",
    "pk": 166,
    "fields": {
        "ballot_submission": 12,
        "debate_adjudicator": 20,
        "debate_team": 2,
        "score": 74.0,
        "position": 2
    }
},
{
    "model": "results.speakerscorebyadj",
    "pk": 167,
    "fields": {
        "ballot_submission": 12,
        "debate_adjudicator": 20,
        "debate_team": 2,
        "score": 78.0,
        "position": 3
    }
},
{
    "model": "results.speakerscorebyadj",
    "pk": 168,
    "fields": {
        "ballot_submission": 12,
        "debate_adjudicator": 20,
        "debate_team": 2,
        "score": 37.0,
        "position": 4
    }
},
{
    "model": "results.speakerscorebyadj",
    "pk": 169,
    "fields": {
        "ballot_submission": 12,
        "debate_adjudicator": 22,
        "debate_team": 1,
        "score": 72.0,
        "position": 1
    }
},
{
    "model": "results.speakerscorebyadj",
    "pk": 170,
    "fields": {
        "ballot_submission": 12,
        "debate_adjudicator": 22,
        "debate_team": 1,
        "score": 76.0,
        "position": 2
    }
},
{
    "model": "results.speakerscorebyadj",
    "pk": 171,
    "fields": {
        "ballot_submission": 12,
        "debate_adjudicator": 22,
        "debate_team": 1,
        "score": 72.0,
        "position": 3
    }
},
{
    "model": "results.speakerscorebyadj",
    "pk": 172,
    "fields": {
        "ballot_submission": 12,
        "debate_adjudicator": 22,
        "debate_team": 1,
        "score": 36.5,
        "position": 4
    }
},
{
    "model": "results.speakerscorebyadj",
    "pk": 173,
    "fields": {
        "ballot_submission": 12,
        "debate_adjudicator": 22,
        "debate_team": 2,
        "score": 77.0,
        "position": 1
    }
},
{
    "model": "results.speakerscorebyadj",
    "pk": 174,
    "fields": {
        "ballot_submission": 12,
        "debate_adjudicator": 22,
        "debate_team": 2,
        "score": 76.0,
        "position": 2
    }
},
{
    "model": "results.speakerscorebyadj",
    "pk": 175,
    "fields": {
        "ballot_submission": 12,
        "debate_adjudicator": 22,
        "debate_team": 2,
        "score": 78.0,
        "position": 3
    }
},
{
    "model": "results.speakerscorebyadj",
    "pk": 176,
    "fields": {
        "ballot_submission": 12,
        "debate_adjudicator": 22,
        "debate_team": 2,
        "score": 37.5,
        "position": 4
    }
},
{
    "model": "results.speakerscorebyadj",
    "pk": 177,
    "fields": {
        "ballot_submission": 13,
        "debate_adjudicator": 33,
        "debate_team": 47,
        "score": 73.0,
        "position": 1
    }
},
{
    "model": "results.speakerscorebyadj",
    "pk": 178,
    "fields": {
        "ballot_submission": 13,
        "debate_adjudicator": 33,
        "debate_team": 47,
        "score": 75.0,
        "position": 2
    }
},
{
    "model": "results.speakerscorebyadj",
    "pk": 179,
    "fields": {
        "ballot_submission": 13,
        "debate_adjudicator": 33,
        "debate_team": 47,
        "score": 78.0,
        "position": 3
    }
},
{
    "model": "results.speakerscorebyadj",
    "pk": 180,
    "fields": {
        "ballot_submission": 13,
        "debate_adjudicator": 33,
        "debate_team": 47,
        "score": 36.5,
        "position": 4
    }
},
{
    "model": "results.speakerscorebyadj",
    "pk": 181,
    "fields": {
        "ballot_submission": 13,
        "debate_adjudicator": 33,
        "debate_team": 48,
        "score": 76.0,
        "position": 1
    }
},
{
    "model": "results.speakerscorebyadj",
    "pk": 182,
    "fields": {
        "ballot_submission": 13,
        "debate_adjudicator": 33,
        "debate_team": 48,
        "score": 72.0,
        "position": 2
    }
},
{
    "model": "results.speakerscorebyadj",
    "pk": 183,
    "fields": {
        "ballot_submission": 13,
        "debate_adjudicator": 33,
        "debate_team": 48,
        "score": 74.0,
        "position": 3
    }
},
{
    "model": "results.speakerscorebyadj",
    "pk": 184,
    "fields": {
        "ballot_submission": 13,
        "debate_adjudicator": 33,
        "debate_team": 48,
        "score": 39.0,
        "position": 4
    }
},
{
    "model": "results.speakerscorebyadj",
    "pk": 185,
    "fields": {
        "ballot_submission": 13,
        "debate_adjudicator": 34,
        "debate_team": 47,
        "score": 77.0,
        "position": 1
    }
},
{
    "model": "results.speakerscorebyadj",
    "pk": 186,
    "fields": {
        "ballot_submission": 13,
        "debate_adjudicator": 34,
        "debate_team": 47,
        "score": 78.0,
        "position": 2
    }
},
{
    "model": "results.speakerscorebyadj",
    "pk": 187,
    "fields": {
        "ballot_submission": 13,
        "debate_adjudicator": 34,
        "debate_team": 47,
        "score": 76.0,
        "position": 3
    }
},
{
    "model": "results.speakerscorebyadj",
    "pk": 188,
    "fields": {
        "ballot_submission": 13,
        "debate_adjudicator": 34,
        "debate_team": 47,
        "score": 37.0,
        "position": 4
    }
},
{
    "model": "results.speakerscorebyadj",
    "pk": 189,
    "fields": {
        "ballot_submission": 13,
        "debate_adjudicator": 34,
        "debate_team": 48,
        "score": 76.0,
        "position": 1
    }
},
{
    "model": "results.speakerscorebyadj",
    "pk": 190,
    "fields": {
        "ballot_submission": 13,
        "debate_adjudicator": 34,
        "debate_team": 48,
        "score": 73.0,
        "position": 2
    }
},
{
    "model": "results.speakerscorebyadj",
    "pk": 191,
    "fields": {
        "ballot_submission": 13,
        "debate_adjudicator": 34,
        "debate_team": 48,
        "score": 78.0,
        "position": 3
    }
},
{
    "model": "results.speakerscorebyadj",
    "pk": 192,
    "fields": {
        "ballot_submission": 13,
        "debate_adjudicator": 34,
        "debate_team": 48,
        "score": 37.5,
        "position": 4
    }
},
{
    "model": "results.speakerscorebyadj",
    "pk": 193,
    "fields": {
        "ballot_submission": 13,
        "debate_adjudicator": 35,
        "debate_team": 47,
        "score": 74.0,
        "position": 1
    }
},
{
    "model": "results.speakerscorebyadj",
    "pk": 194,
    "fields": {
        "ballot_submission": 13,
        "debate_adjudicator": 35,
        "debate_team": 47,
        "score": 76.0,
        "position": 2
    }
},
{
    "model": "results.speakerscorebyadj",
    "pk": 195,
    "fields": {
        "ballot_submission": 13,
        "debate_adjudicator": 35,
        "debate_team": 47,
        "score": 75.0,
        "position": 3
    }
},
{
    "model": "results.speakerscorebyadj",
    "pk": 196,
    "fields": {
        "ballot_submission": 13,
        "debate_adjudicator": 35,
        "debate_team": 47,
        "score": 36.5,
        "position": 4
    }
},
{
    "model": "results.speakerscorebyadj",
    "pk": 197,
    "fields": {
        "ballot_submission": 13,
        "debate_adjudicator": 35,
        "debate_team": 48,
        "score": 73.0,
        "position": 1
    }
},
{
    "model": "results.speakerscorebyadj",
    "pk": 198,
    "fields": {
        "ballot_submission": 13,
        "debate_adjudicator": 35,
        "debate_team": 48,
        "score": 74.0,
        "position": 2
    }
},
{
    "model": "results.speakerscorebyadj",
    "pk": 199,
    "fields": {
        "ballot_submission": 13,
        "debate_adjudicator": 35,
        "debate_team": 48,
        "score": 77.0,
        "position": 3
    }
},
{
    "model": "results.speakerscorebyadj",
    "pk": 200,
    "fields": {
        "ballot_submission": 13,
        "debate_adjudicator": 35,
        "debate_team": 48,
        "score": 37.0,
        "position": 4
    }
},
{
    "model": "results.speakerscorebyadj",
    "pk": 201,
    "fields": {
        "ballot_submission": 14,
        "debate_adjudicator": 24,
        "debate_team": 45,
        "score": 72.0,
        "position": 1
    }
},
{
    "model": "results.speakerscorebyadj",
    "pk": 202,
    "fields": {
        "ballot_submission": 14,
        "debate_adjudicator": 24,
        "debate_team": 45,
        "score": 78.0,
        "position": 2
    }
},
{
    "model": "results.speakerscorebyadj",
    "pk": 203,
    "fields": {
        "ballot_submission": 14,
        "debate_adjudicator": 24,
        "debate_team": 45,
        "score": 73.0,
        "position": 3
    }
},
{
    "model": "results.speakerscorebyadj",
    "pk": 204,
    "fields": {
        "ballot_submission": 14,
        "debate_adjudicator": 24,
        "debate_team": 45,
        "score": 38.5,
        "position": 4
    }
},
{
    "model": "results.speakerscorebyadj",
    "pk": 205,
    "fields": {
        "ballot_submission": 14,
        "debate_adjudicator": 24,
        "debate_team": 46,
        "score": 72.0,
        "position": 1
    }
},
{
    "model": "results.speakerscorebyadj",
    "pk": 206,
    "fields": {
        "ballot_submission": 14,
        "debate_adjudicator": 24,
        "debate_team": 46,
        "score": 77.0,
        "position": 2
    }
},
{
    "model": "results.speakerscorebyadj",
    "pk": 207,
    "fields": {
        "ballot_submission": 14,
        "debate_adjudicator": 24,
        "debate_team": 46,
        "score": 74.0,
        "position": 3
    }
},
{
    "model": "results.speakerscorebyadj",
    "pk": 208,
    "fields": {
        "ballot_submission": 14,
        "debate_adjudicator": 24,
        "debate_team": 46,
        "score": 38.0,
        "position": 4
    }
},
{
    "model": "results.speakerscorebyadj",
    "pk": 209,
    "fields": {
        "ballot_submission": 15,
        "debate_adjudicator": 38,
        "debate_team": 43,
        "score": 75.0,
        "position": 1
    }
},
{
    "model": "results.speakerscorebyadj",
    "pk": 210,
    "fields": {
        "ballot_submission": 15,
        "debate_adjudicator": 38,
        "debate_team": 43,
        "score": 73.0,
        "position": 2
    }
},
{
    "model": "results.speakerscorebyadj",
    "pk": 211,
    "fields": {
        "ballot_submission": 15,
        "debate_adjudicator": 38,
        "debate_team": 43,
        "score": 77.0,
        "position": 3
    }
},
{
    "model": "results.speakerscorebyadj",
    "pk": 212,
    "fields": {
        "ballot_submission": 15,
        "debate_adjudicator": 38,
        "debate_team": 43,
        "score": 37.5,
        "position": 4
    }
},
{
    "model": "results.speakerscorebyadj",
    "pk": 213,
    "fields": {
        "ballot_submission": 15,
        "debate_adjudicator": 38,
        "debate_team": 44,
        "score": 72.0,
        "position": 1
    }
},
{
    "model": "results.speakerscorebyadj",
    "pk": 214,
    "fields": {
        "ballot_submission": 15,
        "debate_adjudicator": 38,
        "debate_team": 44,
        "score": 76.0,
        "position": 2
    }
},
{
    "model": "results.speakerscorebyadj",
    "pk": 215,
    "fields": {
        "ballot_submission": 15,
        "debate_adjudicator": 38,
        "debate_team": 44,
        "score": 78.0,
        "position": 3
    }
},
{
    "model": "results.speakerscorebyadj",
    "pk": 216,
    "fields": {
        "ballot_submission": 15,
        "debate_adjudicator": 38,
        "debate_team": 44,
        "score": 37.5,
        "position": 4
    }
},
{
    "model": "results.speakerscorebyadj",
    "pk": 217,
    "fields": {
        "ballot_submission": 15,
        "debate_adjudicator": 36,
        "debate_team": 43,
        "score": 72.0,
        "position": 1
    }
},
{
    "model": "results.speakerscorebyadj",
    "pk": 218,
    "fields": {
        "ballot_submission": 15,
        "debate_adjudicator": 36,
        "debate_team": 43,
        "score": 72.0,
        "position": 2
    }
},
{
    "model": "results.speakerscorebyadj",
    "pk": 219,
    "fields": {
        "ballot_submission": 15,
        "debate_adjudicator": 36,
        "debate_team": 43,
        "score": 78.0,
        "position": 3
    }
},
{
    "model": "results.speakerscorebyadj",
    "pk": 220,
    "fields": {
        "ballot_submission": 15,
        "debate_adjudicator": 36,
        "debate_team": 43,
        "score": 38.0,
        "position": 4
    }
},
{
    "model": "results.speakerscorebyadj",
    "pk": 221,
    "fields": {
        "ballot_submission": 15,
        "debate_adjudicator": 36,
        "debate_team": 44,
        "score": 78.0,
        "position": 1
    }
},
{
    "model": "results.speakerscorebyadj",
    "pk": 222,
    "fields": {
        "ballot_submission": 15,
        "debate_adjudicator": 36,
        "debate_team": 44,
        "score": 73.0,
        "position": 2
    }
},
{
    "model": "results.speakerscorebyadj",
    "pk": 223,
    "fields": {
        "ballot_submission": 15,
        "debate_adjudicator": 36,
        "debate_team": 44,
        "score": 73.0,
        "position": 3
    }
},
{
    "model": "results.speakerscorebyadj",
    "pk": 224,
    "fields": {
        "ballot_submission": 15,
        "debate_adjudicator": 36,
        "debate_team": 44,
        "score": 38.5,
        "position": 4
    }
},
{
    "model": "results.speakerscorebyadj",
    "pk": 225,
    "fields": {
        "ballot_submission": 15,
        "debate_adjudicator": 37,
        "debate_team": 43,
        "score": 72.0,
        "position": 1
    }
},
{
    "model": "results.speakerscorebyadj",
    "pk": 226,
    "fields": {
        "ballot_submission": 15,
        "debate_adjudicator": 37,
        "debate_team": 43,
        "score": 75.0,
        "position": 2
    }
},
{
    "model": "results.speakerscorebyadj",
    "pk": 227,
    "fields": {
        "ballot_submission": 15,
        "debate_adjudicator": 37,
        "debate_team": 43,
        "score": 74.0,
        "position": 3
    }
},
{
    "model": "results.speakerscorebyadj",
    "pk": 228,
    "fields": {
        "ballot_submission": 15,
        "debate_adjudicator": 37,
        "debate_team": 43,
        "score": 37.0,
        "position": 4
    }
},
{
    "model": "results.speakerscorebyadj",
    "pk": 229,
    "fields": {
        "ballot_submission": 15,
        "debate_adjudicator": 37,
        "debate_team": 44,
        "score": 76.0,
        "position": 1
    }
},
{
    "model": "results.speakerscorebyadj",
    "pk": 230,
    "fields": {
        "ballot_submission": 15,
        "debate_adjudicator": 37,
        "debate_team": 44,
        "score": 72.0,
        "position": 2
    }
},
{
    "model": "results.speakerscorebyadj",
    "pk": 231,
    "fields": {
        "ballot_submission": 15,
        "debate_adjudicator": 37,
        "debate_team": 44,
        "score": 72.0,
        "position": 3
    }
},
{
    "model": "results.speakerscorebyadj",
    "pk": 232,
    "fields": {
        "ballot_submission": 15,
        "debate_adjudicator": 37,
        "debate_team": 44,
        "score": 36.0,
        "position": 4
    }
},
{
    "model": "results.speakerscorebyadj",
    "pk": 233,
    "fields": {
        "ballot_submission": 16,
        "debate_adjudicator": 39,
        "debate_team": 41,
        "score": 74.0,
        "position": 1
    }
},
{
    "model": "results.speakerscorebyadj",
    "pk": 234,
    "fields": {
        "ballot_submission": 16,
        "debate_adjudicator": 39,
        "debate_team": 41,
        "score": 75.0,
        "position": 2
    }
},
{
    "model": "results.speakerscorebyadj",
    "pk": 235,
    "fields": {
        "ballot_submission": 16,
        "debate_adjudicator": 39,
        "debate_team": 41,
        "score": 72.0,
        "position": 3
    }
},
{
    "model": "results.speakerscorebyadj",
    "pk": 236,
    "fields": {
        "ballot_submission": 16,
        "debate_adjudicator": 39,
        "debate_team": 41,
        "score": 39.0,
        "position": 4
    }
},
{
    "model": "results.speakerscorebyadj",
    "pk": 237,
    "fields": {
        "ballot_submission": 16,
        "debate_adjudicator": 39,
        "debate_team": 42,
        "score": 75.0,
        "position": 1
    }
},
{
    "model": "results.speakerscorebyadj",
    "pk": 238,
    "fields": {
        "ballot_submission": 16,
        "debate_adjudicator": 39,
        "debate_team": 42,
        "score": 74.0,
        "position": 2
    }
},
{
    "model": "results.speakerscorebyadj",
    "pk": 239,
    "fields": {
        "ballot_submission": 16,
        "debate_adjudicator": 39,
        "debate_team": 42,
        "score": 72.0,
        "position": 3
    }
},
{
    "model": "results.speakerscorebyadj",
    "pk": 240,
    "fields": {
        "ballot_submission": 16,
        "debate_adjudicator": 39,
        "debate_team": 42,
        "score": 38.0,
        "position": 4
    }
},
{
    "model": "results.speakerscorebyadj",
    "pk": 241,
    "fields": {
        "ballot_submission": 16,
        "debate_adjudicator": 41,
        "debate_team": 41,
        "score": 76.0,
        "position": 1
    }
},
{
    "model": "results.speakerscorebyadj",
    "pk": 242,
    "fields": {
        "ballot_submission": 16,
        "debate_adjudicator": 41,
        "debate_team": 41,
        "score": 75.0,
        "position": 2
    }
},
{
    "model": "results.speakerscorebyadj",
    "pk": 243,
    "fields": {
        "ballot_submission": 16,
        "debate_adjudicator": 41,
        "debate_team": 41,
        "score": 78.0,
        "position": 3
    }
},
{
    "model": "results.speakerscorebyadj",
    "pk": 244,
    "fields": {
        "ballot_submission": 16,
        "debate_adjudicator": 41,
        "debate_team": 41,
        "score": 39.0,
        "position": 4
    }
},
{
    "model": "results.speakerscorebyadj",
    "pk": 245,
    "fields": {
        "ballot_submission": 16,
        "debate_adjudicator": 41,
        "debate_team": 42,
        "score": 78.0,
        "position": 1
    }
},
{
    "model": "results.speakerscorebyadj",
    "pk": 246,
    "fields": {
        "ballot_submission": 16,
        "debate_adjudicator": 41,
        "debate_team": 42,
        "score": 76.0,
        "position": 2
    }
},
{
    "model": "results.speakerscorebyadj",
    "pk": 247,
    "fields": {
        "ballot_submission": 16,
        "debate_adjudicator": 41,
        "debate_team": 42,
        "score": 74.0,
        "position": 3
    }
},
{
    "model": "results.speakerscorebyadj",
    "pk": 248,
    "fields": {
        "ballot_submission": 16,
        "debate_adjudicator": 41,
        "debate_team": 42,
        "score": 36.5,
        "position": 4
    }
},
{
    "model": "results.speakerscorebyadj",
    "pk": 249,
    "fields": {
        "ballot_submission": 16,
        "debate_adjudicator": 40,
        "debate_team": 41,
        "score": 75.0,
        "position": 1
    }
},
{
    "model": "results.speakerscorebyadj",
    "pk": 250,
    "fields": {
        "ballot_submission": 16,
        "debate_adjudicator": 40,
        "debate_team": 41,
        "score": 72.0,
        "position": 2
    }
},
{
    "model": "results.speakerscorebyadj",
    "pk": 251,
    "fields": {
        "ballot_submission": 16,
        "debate_adjudicator": 40,
        "debate_team": 41,
        "score": 77.0,
        "position": 3
    }
},
{
    "model": "results.speakerscorebyadj",
    "pk": 252,
    "fields": {
        "ballot_submission": 16,
        "debate_adjudicator": 40,
        "debate_team": 41,
        "score": 39.0,
        "position": 4
    }
},
{
    "model": "results.speakerscorebyadj",
    "pk": 253,
    "fields": {
        "ballot_submission": 16,
        "debate_adjudicator": 40,
        "debate_team": 42,
        "score": 73.0,
        "position": 1
    }
},
{
    "model": "results.speakerscorebyadj",
    "pk": 254,
    "fields": {
        "ballot_submission": 16,
        "debate_adjudicator": 40,
        "debate_team": 42,
        "score": 75.0,
        "position": 2
    }
},
{
    "model": "results.speakerscorebyadj",
    "pk": 255,
    "fields": {
        "ballot_submission": 16,
        "debate_adjudicator": 40,
        "debate_team": 42,
        "score": 76.0,
        "position": 3
    }
},
{
    "model": "results.speakerscorebyadj",
    "pk": 256,
    "fields": {
        "ballot_submission": 16,
        "debate_adjudicator": 40,
        "debate_team": 42,
        "score": 37.5,
        "position": 4
    }
},
{
    "model": "results.speakerscorebyadj",
    "pk": 257,
    "fields": {
        "ballot_submission": 17,
        "debate_adjudicator": 30,
        "debate_team": 39,
        "score": 78.0,
        "position": 1
    }
},
{
    "model": "results.speakerscorebyadj",
    "pk": 258,
    "fields": {
        "ballot_submission": 17,
        "debate_adjudicator": 30,
        "debate_team": 39,
        "score": 74.0,
        "position": 2
    }
},
{
    "model": "results.speakerscorebyadj",
    "pk": 259,
    "fields": {
        "ballot_submission": 17,
        "debate_adjudicator": 30,
        "debate_team": 39,
        "score": 74.0,
        "position": 3
    }
},
{
    "model": "results.speakerscorebyadj",
    "pk": 260,
    "fields": {
        "ballot_submission": 17,
        "debate_adjudicator": 30,
        "debate_team": 39,
        "score": 38.5,
        "position": 4
    }
},
{
    "model": "results.speakerscorebyadj",
    "pk": 261,
    "fields": {
        "ballot_submission": 17,
        "debate_adjudicator": 30,
        "debate_team": 40,
        "score": 73.0,
        "position": 1
    }
},
{
    "model": "results.speakerscorebyadj",
    "pk": 262,
    "fields": {
        "ballot_submission": 17,
        "debate_adjudicator": 30,
        "debate_team": 40,
        "score": 73.0,
        "position": 2
    }
},
{
    "model": "results.speakerscorebyadj",
    "pk": 263,
    "fields": {
        "ballot_submission": 17,
        "debate_adjudicator": 30,
        "debate_team": 40,
        "score": 78.0,
        "position": 3
    }
},
{
    "model": "results.speakerscorebyadj",
    "pk": 264,
    "fields": {
        "ballot_submission": 17,
        "debate_adjudicator": 30,
        "debate_team": 40,
        "score": 38.5,
        "position": 4
    }
},
{
    "model": "results.speakerscorebyadj",
    "pk": 265,
    "fields": {
        "ballot_submission": 17,
        "debate_adjudicator": 31,
        "debate_team": 39,
        "score": 73.0,
        "position": 1
    }
},
{
    "model": "results.speakerscorebyadj",
    "pk": 266,
    "fields": {
        "ballot_submission": 17,
        "debate_adjudicator": 31,
        "debate_team": 39,
        "score": 76.0,
        "position": 2
    }
},
{
    "model": "results.speakerscorebyadj",
    "pk": 267,
    "fields": {
        "ballot_submission": 17,
        "debate_adjudicator": 31,
        "debate_team": 39,
        "score": 74.0,
        "position": 3
    }
},
{
    "model": "results.speakerscorebyadj",
    "pk": 268,
    "fields": {
        "ballot_submission": 17,
        "debate_adjudicator": 31,
        "debate_team": 39,
        "score": 37.0,
        "position": 4
    }
},
{
    "model": "results.speakerscorebyadj",
    "pk": 269,
    "fields": {
        "ballot_submission": 17,
        "debate_adjudicator": 31,
        "debate_team": 40,
        "score": 77.0,
        "position": 1
    }
},
{
    "model": "results.speakerscorebyadj",
    "pk": 270,
    "fields": {
        "ballot_submission": 17,
        "debate_adjudicator": 31,
        "debate_team": 40,
        "score": 75.0,
        "position": 2
    }
},
{
    "model": "results.speakerscorebyadj",
    "pk": 271,
    "fields": {
        "ballot_submission": 17,
        "debate_adjudicator": 31,
        "debate_team": 40,
        "score": 75.0,
        "position": 3
    }
},
{
    "model": "results.speakerscorebyadj",
    "pk": 272,
    "fields": {
        "ballot_submission": 17,
        "debate_adjudicator": 31,
        "debate_team": 40,
        "score": 36.0,
        "position": 4
    }
},
{
    "model": "results.speakerscorebyadj",
    "pk": 273,
    "fields": {
        "ballot_submission": 17,
        "debate_adjudicator": 32,
        "debate_team": 39,
        "score": 73.0,
        "position": 1
    }
},
{
    "model": "results.speakerscorebyadj",
    "pk": 274,
    "fields": {
        "ballot_submission": 17,
        "debate_adjudicator": 32,
        "debate_team": 39,
        "score": 74.0,
        "position": 2
    }
},
{
    "model": "results.speakerscorebyadj",
    "pk": 275,
    "fields": {
        "ballot_submission": 17,
        "debate_adjudicator": 32,
        "debate_team": 39,
        "score": 75.0,
        "position": 3
    }
},
{
    "model": "results.speakerscorebyadj",
    "pk": 276,
    "fields": {
        "ballot_submission": 17,
        "debate_adjudicator": 32,
        "debate_team": 39,
        "score": 38.0,
        "position": 4
    }
},
{
    "model": "results.speakerscorebyadj",
    "pk": 277,
    "fields": {
        "ballot_submission": 17,
        "debate_adjudicator": 32,
        "debate_team": 40,
        "score": 75.0,
        "position": 1
    }
},
{
    "model": "results.speakerscorebyadj",
    "pk": 278,
    "fields": {
        "ballot_submission": 17,
        "debate_adjudicator": 32,
        "debate_team": 40,
        "score": 76.0,
        "position": 2
    }
},
{
    "model": "results.speakerscorebyadj",
    "pk": 279,
    "fields": {
        "ballot_submission": 17,
        "debate_adjudicator": 32,
        "debate_team": 40,
        "score": 73.0,
        "position": 3
    }
},
{
    "model": "results.speakerscorebyadj",
    "pk": 280,
    "fields": {
        "ballot_submission": 17,
        "debate_adjudicator": 32,
        "debate_team": 40,
        "score": 37.0,
        "position": 4
    }
},
{
    "model": "results.speakerscorebyadj",
    "pk": 281,
    "fields": {
        "ballot_submission": 18,
        "debate_adjudicator": 23,
        "debate_team": 37,
        "score": 72.0,
        "position": 1
    }
},
{
    "model": "results.speakerscorebyadj",
    "pk": 282,
    "fields": {
        "ballot_submission": 18,
        "debate_adjudicator": 23,
        "debate_team": 37,
        "score": 77.0,
        "position": 2
    }
},
{
    "model": "results.speakerscorebyadj",
    "pk": 283,
    "fields": {
        "ballot_submission": 18,
        "debate_adjudicator": 23,
        "debate_team": 37,
        "score": 76.0,
        "position": 3
    }
},
{
    "model": "results.speakerscorebyadj",
    "pk": 284,
    "fields": {
        "ballot_submission": 18,
        "debate_adjudicator": 23,
        "debate_team": 37,
        "score": 38.0,
        "position": 4
    }
},
{
    "model": "results.speakerscorebyadj",
    "pk": 285,
    "fields": {
        "ballot_submission": 18,
        "debate_adjudicator": 23,
        "debate_team": 38,
        "score": 75.0,
        "position": 1
    }
},
{
    "model": "results.speakerscorebyadj",
    "pk": 286,
    "fields": {
        "ballot_submission": 18,
        "debate_adjudicator": 23,
        "debate_team": 38,
        "score": 72.0,
        "position": 2
    }
},
{
    "model": "results.speakerscorebyadj",
    "pk": 287,
    "fields": {
        "ballot_submission": 18,
        "debate_adjudicator": 23,
        "debate_team": 38,
        "score": 78.0,
        "position": 3
    }
},
{
    "model": "results.speakerscorebyadj",
    "pk": 288,
    "fields": {
        "ballot_submission": 18,
        "debate_adjudicator": 23,
        "debate_team": 38,
        "score": 37.5,
        "position": 4
    }
},
{
    "model": "results.speakerscorebyadj",
    "pk": 289,
    "fields": {
        "ballot_submission": 19,
        "debate_adjudicator": 27,
        "debate_team": 35,
        "score": 73.0,
        "position": 1
    }
},
{
    "model": "results.speakerscorebyadj",
    "pk": 290,
    "fields": {
        "ballot_submission": 19,
        "debate_adjudicator": 27,
        "debate_team": 35,
        "score": 77.0,
        "position": 2
    }
},
{
    "model": "results.speakerscorebyadj",
    "pk": 291,
    "fields": {
        "ballot_submission": 19,
        "debate_adjudicator": 27,
        "debate_team": 35,
        "score": 76.0,
        "position": 3
    }
},
{
    "model": "results.speakerscorebyadj",
    "pk": 292,
    "fields": {
        "ballot_submission": 19,
        "debate_adjudicator": 27,
        "debate_team": 35,
        "score": 39.0,
        "position": 4
    }
},
{
    "model": "results.speakerscorebyadj",
    "pk": 293,
    "fields": {
        "ballot_submission": 19,
        "debate_adjudicator": 27,
        "debate_team": 36,
        "score": 74.0,
        "position": 1
    }
},
{
    "model": "results.speakerscorebyadj",
    "pk": 294,
    "fields": {
        "ballot_submission": 19,
        "debate_adjudicator": 27,
        "debate_team": 36,
        "score": 73.0,
        "position": 2
    }
},
{
    "model": "results.speakerscorebyadj",
    "pk": 295,
    "fields": {
        "ballot_submission": 19,
        "debate_adjudicator": 27,
        "debate_team": 36,
        "score": 76.0,
        "position": 3
    }
},
{
    "model": "results.speakerscorebyadj",
    "pk": 296,
    "fields": {
        "ballot_submission": 19,
        "debate_adjudicator": 27,
        "debate_team": 36,
        "score": 39.0,
        "position": 4
    }
},
{
    "model": "results.speakerscorebyadj",
    "pk": 297,
    "fields": {
        "ballot_submission": 20,
        "debate_adjudicator": 26,
        "debate_team": 33,
        "score": 73.0,
        "position": 1
    }
},
{
    "model": "results.speakerscorebyadj",
    "pk": 298,
    "fields": {
        "ballot_submission": 20,
        "debate_adjudicator": 26,
        "debate_team": 33,
        "score": 77.0,
        "position": 2
    }
},
{
    "model": "results.speakerscorebyadj",
    "pk": 299,
    "fields": {
        "ballot_submission": 20,
        "debate_adjudicator": 26,
        "debate_team": 33,
        "score": 75.0,
        "position": 3
    }
},
{
    "model": "results.speakerscorebyadj",
    "pk": 300,
    "fields": {
        "ballot_submission": 20,
        "debate_adjudicator": 26,
        "debate_team": 33,
        "score": 36.0,
        "position": 4
    }
},
{
    "model": "results.speakerscorebyadj",
    "pk": 301,
    "fields": {
        "ballot_submission": 20,
        "debate_adjudicator": 26,
        "debate_team": 34,
        "score": 76.0,
        "position": 1
    }
},
{
    "model": "results.speakerscorebyadj",
    "pk": 302,
    "fields": {
        "ballot_submission": 20,
        "debate_adjudicator": 26,
        "debate_team": 34,
        "score": 73.0,
        "position": 2
    }
},
{
    "model": "results.speakerscorebyadj",
    "pk": 303,
    "fields": {
        "ballot_submission": 20,
        "debate_adjudicator": 26,
        "debate_team": 34,
        "score": 72.0,
        "position": 3
    }
},
{
    "model": "results.speakerscorebyadj",
    "pk": 304,
    "fields": {
        "ballot_submission": 20,
        "debate_adjudicator": 26,
        "debate_team": 34,
        "score": 38.0,
        "position": 4
    }
},
{
    "model": "results.speakerscorebyadj",
    "pk": 305,
    "fields": {
        "ballot_submission": 21,
        "debate_adjudicator": 29,
        "debate_team": 31,
        "score": 77.0,
        "position": 1
    }
},
{
    "model": "results.speakerscorebyadj",
    "pk": 306,
    "fields": {
        "ballot_submission": 21,
        "debate_adjudicator": 29,
        "debate_team": 31,
        "score": 76.0,
        "position": 2
    }
},
{
    "model": "results.speakerscorebyadj",
    "pk": 307,
    "fields": {
        "ballot_submission": 21,
        "debate_adjudicator": 29,
        "debate_team": 31,
        "score": 75.0,
        "position": 3
    }
},
{
    "model": "results.speakerscorebyadj",
    "pk": 308,
    "fields": {
        "ballot_submission": 21,
        "debate_adjudicator": 29,
        "debate_team": 31,
        "score": 36.5,
        "position": 4
    }
},
{
    "model": "results.speakerscorebyadj",
    "pk": 309,
    "fields": {
        "ballot_submission": 21,
        "debate_adjudicator": 29,
        "debate_team": 32,
        "score": 78.0,
        "position": 1
    }
},
{
    "model": "results.speakerscorebyadj",
    "pk": 310,
    "fields": {
        "ballot_submission": 21,
        "debate_adjudicator": 29,
        "debate_team": 32,
        "score": 74.0,
        "position": 2
    }
},
{
    "model": "results.speakerscorebyadj",
    "pk": 311,
    "fields": {
        "ballot_submission": 21,
        "debate_adjudicator": 29,
        "debate_team": 32,
        "score": 75.0,
        "position": 3
    }
},
{
    "model": "results.speakerscorebyadj",
    "pk": 312,
    "fields": {
        "ballot_submission": 21,
        "debate_adjudicator": 29,
        "debate_team": 32,
        "score": 38.0,
        "position": 4
    }
},
{
    "model": "results.speakerscorebyadj",
    "pk": 313,
    "fields": {
        "ballot_submission": 22,
        "debate_adjudicator": 28,
        "debate_team": 29,
        "score": 74.0,
        "position": 1
    }
},
{
    "model": "results.speakerscorebyadj",
    "pk": 314,
    "fields": {
        "ballot_submission": 22,
        "debate_adjudicator": 28,
        "debate_team": 29,
        "score": 74.0,
        "position": 2
    }
},
{
    "model": "results.speakerscorebyadj",
    "pk": 315,
    "fields": {
        "ballot_submission": 22,
        "debate_adjudicator": 28,
        "debate_team": 29,
        "score": 74.0,
        "position": 3
    }
},
{
    "model": "results.speakerscorebyadj",
    "pk": 316,
    "fields": {
        "ballot_submission": 22,
        "debate_adjudicator": 28,
        "debate_team": 29,
        "score": 38.0,
        "position": 4
    }
},
{
    "model": "results.speakerscorebyadj",
    "pk": 317,
    "fields": {
        "ballot_submission": 22,
        "debate_adjudicator": 28,
        "debate_team": 30,
        "score": 73.0,
        "position": 1
    }
},
{
    "model": "results.speakerscorebyadj",
    "pk": 318,
    "fields": {
        "ballot_submission": 22,
        "debate_adjudicator": 28,
        "debate_team": 30,
        "score": 77.0,
        "position": 2
    }
},
{
    "model": "results.speakerscorebyadj",
    "pk": 319,
    "fields": {
        "ballot_submission": 22,
        "debate_adjudicator": 28,
        "debate_team": 30,
        "score": 77.0,
        "position": 3
    }
},
{
    "model": "results.speakerscorebyadj",
    "pk": 320,
    "fields": {
        "ballot_submission": 22,
        "debate_adjudicator": 28,
        "debate_team": 30,
        "score": 39.0,
        "position": 4
    }
},
{
    "model": "results.speakerscorebyadj",
    "pk": 321,
    "fields": {
        "ballot_submission": 23,
        "debate_adjudicator": 42,
        "debate_team": 27,
        "score": 72.0,
        "position": 1
    }
},
{
    "model": "results.speakerscorebyadj",
    "pk": 322,
    "fields": {
        "ballot_submission": 23,
        "debate_adjudicator": 42,
        "debate_team": 27,
        "score": 77.0,
        "position": 2
    }
},
{
    "model": "results.speakerscorebyadj",
    "pk": 323,
    "fields": {
        "ballot_submission": 23,
        "debate_adjudicator": 42,
        "debate_team": 27,
        "score": 78.0,
        "position": 3
    }
},
{
    "model": "results.speakerscorebyadj",
    "pk": 324,
    "fields": {
        "ballot_submission": 23,
        "debate_adjudicator": 42,
        "debate_team": 27,
        "score": 39.0,
        "position": 4
    }
},
{
    "model": "results.speakerscorebyadj",
    "pk": 325,
    "fields": {
        "ballot_submission": 23,
        "debate_adjudicator": 42,
        "debate_team": 28,
        "score": 77.0,
        "position": 1
    }
},
{
    "model": "results.speakerscorebyadj",
    "pk": 326,
    "fields": {
        "ballot_submission": 23,
        "debate_adjudicator": 42,
        "debate_team": 28,
        "score": 78.0,
        "position": 2
    }
},
{
    "model": "results.speakerscorebyadj",
    "pk": 327,
    "fields": {
        "ballot_submission": 23,
        "debate_adjudicator": 42,
        "debate_team": 28,
        "score": 72.0,
        "position": 3
    }
},
{
    "model": "results.speakerscorebyadj",
    "pk": 328,
    "fields": {
        "ballot_submission": 23,
        "debate_adjudicator": 42,
        "debate_team": 28,
        "score": 37.0,
        "position": 4
    }
},
{
    "model": "results.speakerscorebyadj",
    "pk": 329,
    "fields": {
        "ballot_submission": 23,
        "debate_adjudicator": 43,
        "debate_team": 27,
        "score": 73.0,
        "position": 1
    }
},
{
    "model": "results.speakerscorebyadj",
    "pk": 330,
    "fields": {
        "ballot_submission": 23,
        "debate_adjudicator": 43,
        "debate_team": 27,
        "score": 75.0,
        "position": 2
    }
},
{
    "model": "results.speakerscorebyadj",
    "pk": 331,
    "fields": {
        "ballot_submission": 23,
        "debate_adjudicator": 43,
        "debate_team": 27,
        "score": 76.0,
        "position": 3
    }
},
{
    "model": "results.speakerscorebyadj",
    "pk": 332,
    "fields": {
        "ballot_submission": 23,
        "debate_adjudicator": 43,
        "debate_team": 27,
        "score": 38.0,
        "position": 4
    }
},
{
    "model": "results.speakerscorebyadj",
    "pk": 333,
    "fields": {
        "ballot_submission": 23,
        "debate_adjudicator": 43,
        "debate_team": 28,
        "score": 76.0,
        "position": 1
    }
},
{
    "model": "results.speakerscorebyadj",
    "pk": 334,
    "fields": {
        "ballot_submission": 23,
        "debate_adjudicator": 43,
        "debate_team": 28,
        "score": 76.0,
        "position": 2
    }
},
{
    "model": "results.speakerscorebyadj",
    "pk": 335,
    "fields": {
        "ballot_submission": 23,
        "debate_adjudicator": 43,
        "debate_team": 28,
        "score": 72.0,
        "position": 3
    }
},
{
    "model": "results.speakerscorebyadj",
    "pk": 336,
    "fields": {
        "ballot_submission": 23,
        "debate_adjudicator": 43,
        "debate_team": 28,
        "score": 39.0,
        "position": 4
    }
},
{
    "model": "results.speakerscorebyadj",
    "pk": 337,
    "fields": {
        "ballot_submission": 23,
        "debate_adjudicator": 44,
        "debate_team": 27,
        "score": 76.0,
        "position": 1
    }
},
{
    "model": "results.speakerscorebyadj",
    "pk": 338,
    "fields": {
        "ballot_submission": 23,
        "debate_adjudicator": 44,
        "debate_team": 27,
        "score": 73.0,
        "position": 2
    }
},
{
    "model": "results.speakerscorebyadj",
    "pk": 339,
    "fields": {
        "ballot_submission": 23,
        "debate_adjudicator": 44,
        "debate_team": 27,
        "score": 74.0,
        "position": 3
    }
},
{
    "model": "results.speakerscorebyadj",
    "pk": 340,
    "fields": {
        "ballot_submission": 23,
        "debate_adjudicator": 44,
        "debate_team": 27,
        "score": 37.0,
        "position": 4
    }
},
{
    "model": "results.speakerscorebyadj",
    "pk": 341,
    "fields": {
        "ballot_submission": 23,
        "debate_adjudicator": 44,
        "debate_team": 28,
        "score": 77.0,
        "position": 1
    }
},
{
    "model": "results.speakerscorebyadj",
    "pk": 342,
    "fields": {
        "ballot_submission": 23,
        "debate_adjudicator": 44,
        "debate_team": 28,
        "score": 73.0,
        "position": 2
    }
},
{
    "model": "results.speakerscorebyadj",
    "pk": 343,
    "fields": {
        "ballot_submission": 23,
        "debate_adjudicator": 44,
        "debate_team": 28,
        "score": 76.0,
        "position": 3
    }
},
{
    "model": "results.speakerscorebyadj",
    "pk": 344,
    "fields": {
        "ballot_submission": 23,
        "debate_adjudicator": 44,
        "debate_team": 28,
        "score": 36.0,
        "position": 4
    }
},
{
    "model": "results.speakerscorebyadj",
    "pk": 345,
    "fields": {
        "ballot_submission": 24,
        "debate_adjudicator": 25,
        "debate_team": 25,
        "score": 72.0,
        "position": 1
    }
},
{
    "model": "results.speakerscorebyadj",
    "pk": 346,
    "fields": {
        "ballot_submission": 24,
        "debate_adjudicator": 25,
        "debate_team": 25,
        "score": 76.0,
        "position": 2
    }
},
{
    "model": "results.speakerscorebyadj",
    "pk": 347,
    "fields": {
        "ballot_submission": 24,
        "debate_adjudicator": 25,
        "debate_team": 25,
        "score": 76.0,
        "position": 3
    }
},
{
    "model": "results.speakerscorebyadj",
    "pk": 348,
    "fields": {
        "ballot_submission": 24,
        "debate_adjudicator": 25,
        "debate_team": 25,
        "score": 38.0,
        "position": 4
    }
},
{
    "model": "results.speakerscorebyadj",
    "pk": 349,
    "fields": {
        "ballot_submission": 24,
        "debate_adjudicator": 25,
        "debate_team": 26,
        "score": 74.0,
        "position": 1
    }
},
{
    "model": "results.speakerscorebyadj",
    "pk": 350,
    "fields": {
        "ballot_submission": 24,
        "debate_adjudicator": 25,
        "debate_team": 26,
        "score": 72.0,
        "position": 2
    }
},
{
    "model": "results.speakerscorebyadj",
    "pk": 351,
    "fields": {
        "ballot_submission": 24,
        "debate_adjudicator": 25,
        "debate_team": 26,
        "score": 72.0,
        "position": 3
    }
},
{
    "model": "results.speakerscorebyadj",
    "pk": 352,
    "fields": {
        "ballot_submission": 24,
        "debate_adjudicator": 25,
        "debate_team": 26,
        "score": 36.5,
        "position": 4
    }
},
{
    "model": "results.speakerscorebyadj",
    "pk": 353,
    "fields": {
        "ballot_submission": 25,
        "debate_adjudicator": 48,
        "debate_team": 49,
        "score": 76.0,
        "position": 1
    }
},
{
    "model": "results.speakerscorebyadj",
    "pk": 354,
    "fields": {
        "ballot_submission": 25,
        "debate_adjudicator": 48,
        "debate_team": 49,
        "score": 73.0,
        "position": 2
    }
},
{
    "model": "results.speakerscorebyadj",
    "pk": 355,
    "fields": {
        "ballot_submission": 25,
        "debate_adjudicator": 48,
        "debate_team": 49,
        "score": 74.0,
        "position": 3
    }
},
{
    "model": "results.speakerscorebyadj",
    "pk": 356,
    "fields": {
        "ballot_submission": 25,
        "debate_adjudicator": 48,
        "debate_team": 49,
        "score": 38.5,
        "position": 4
    }
},
{
    "model": "results.speakerscorebyadj",
    "pk": 357,
    "fields": {
        "ballot_submission": 25,
        "debate_adjudicator": 48,
        "debate_team": 50,
        "score": 76.0,
        "position": 1
    }
},
{
    "model": "results.speakerscorebyadj",
    "pk": 358,
    "fields": {
        "ballot_submission": 25,
        "debate_adjudicator": 48,
        "debate_team": 50,
        "score": 73.0,
        "position": 2
    }
},
{
    "model": "results.speakerscorebyadj",
    "pk": 359,
    "fields": {
        "ballot_submission": 25,
        "debate_adjudicator": 48,
        "debate_team": 50,
        "score": 77.0,
        "position": 3
    }
},
{
    "model": "results.speakerscorebyadj",
    "pk": 360,
    "fields": {
        "ballot_submission": 25,
        "debate_adjudicator": 48,
        "debate_team": 50,
        "score": 38.0,
        "position": 4
    }
},
{
    "model": "results.speakerscorebyadj",
    "pk": 361,
    "fields": {
        "ballot_submission": 26,
        "debate_adjudicator": 47,
        "debate_team": 51,
        "score": 72.0,
        "position": 1
    }
},
{
    "model": "results.speakerscorebyadj",
    "pk": 362,
    "fields": {
        "ballot_submission": 26,
        "debate_adjudicator": 47,
        "debate_team": 51,
        "score": 74.0,
        "position": 2
    }
},
{
    "model": "results.speakerscorebyadj",
    "pk": 363,
    "fields": {
        "ballot_submission": 26,
        "debate_adjudicator": 47,
        "debate_team": 51,
        "score": 76.0,
        "position": 3
    }
},
{
    "model": "results.speakerscorebyadj",
    "pk": 364,
    "fields": {
        "ballot_submission": 26,
        "debate_adjudicator": 47,
        "debate_team": 51,
        "score": 37.5,
        "position": 4
    }
},
{
    "model": "results.speakerscorebyadj",
    "pk": 365,
    "fields": {
        "ballot_submission": 26,
        "debate_adjudicator": 47,
        "debate_team": 52,
        "score": 77.0,
        "position": 1
    }
},
{
    "model": "results.speakerscorebyadj",
    "pk": 366,
    "fields": {
        "ballot_submission": 26,
        "debate_adjudicator": 47,
        "debate_team": 52,
        "score": 72.0,
        "position": 2
    }
},
{
    "model": "results.speakerscorebyadj",
    "pk": 367,
    "fields": {
        "ballot_submission": 26,
        "debate_adjudicator": 47,
        "debate_team": 52,
        "score": 76.0,
        "position": 3
    }
},
{
    "model": "results.speakerscorebyadj",
    "pk": 368,
    "fields": {
        "ballot_submission": 26,
        "debate_adjudicator": 47,
        "debate_team": 52,
        "score": 37.0,
        "position": 4
    }
},
{
    "model": "results.speakerscorebyadj",
    "pk": 369,
    "fields": {
        "ballot_submission": 27,
        "debate_adjudicator": 52,
        "debate_team": 53,
        "score": 78.0,
        "position": 1
    }
},
{
    "model": "results.speakerscorebyadj",
    "pk": 370,
    "fields": {
        "ballot_submission": 27,
        "debate_adjudicator": 52,
        "debate_team": 53,
        "score": 74.0,
        "position": 2
    }
},
{
    "model": "results.speakerscorebyadj",
    "pk": 371,
    "fields": {
        "ballot_submission": 27,
        "debate_adjudicator": 52,
        "debate_team": 53,
        "score": 74.0,
        "position": 3
    }
},
{
    "model": "results.speakerscorebyadj",
    "pk": 372,
    "fields": {
        "ballot_submission": 27,
        "debate_adjudicator": 52,
        "debate_team": 53,
        "score": 38.5,
        "position": 4
    }
},
{
    "model": "results.speakerscorebyadj",
    "pk": 373,
    "fields": {
        "ballot_submission": 27,
        "debate_adjudicator": 52,
        "debate_team": 54,
        "score": 77.0,
        "position": 1
    }
},
{
    "model": "results.speakerscorebyadj",
    "pk": 374,
    "fields": {
        "ballot_submission": 27,
        "debate_adjudicator": 52,
        "debate_team": 54,
        "score": 74.0,
        "position": 2
    }
},
{
    "model": "results.speakerscorebyadj",
    "pk": 375,
    "fields": {
        "ballot_submission": 27,
        "debate_adjudicator": 52,
        "debate_team": 54,
        "score": 73.0,
        "position": 3
    }
},
{
    "model": "results.speakerscorebyadj",
    "pk": 376,
    "fields": {
        "ballot_submission": 27,
        "debate_adjudicator": 52,
        "debate_team": 54,
        "score": 36.0,
        "position": 4
    }
},
{
    "model": "results.speakerscorebyadj",
    "pk": 377,
    "fields": {
        "ballot_submission": 27,
        "debate_adjudicator": 53,
        "debate_team": 53,
        "score": 73.0,
        "position": 1
    }
},
{
    "model": "results.speakerscorebyadj",
    "pk": 378,
    "fields": {
        "ballot_submission": 27,
        "debate_adjudicator": 53,
        "debate_team": 53,
        "score": 74.0,
        "position": 2
    }
},
{
    "model": "results.speakerscorebyadj",
    "pk": 379,
    "fields": {
        "ballot_submission": 27,
        "debate_adjudicator": 53,
        "debate_team": 53,
        "score": 72.0,
        "position": 3
    }
},
{
    "model": "results.speakerscorebyadj",
    "pk": 380,
    "fields": {
        "ballot_submission": 27,
        "debate_adjudicator": 53,
        "debate_team": 53,
        "score": 39.0,
        "position": 4
    }
},
{
    "model": "results.speakerscorebyadj",
    "pk": 381,
    "fields": {
        "ballot_submission": 27,
        "debate_adjudicator": 53,
        "debate_team": 54,
        "score": 73.0,
        "position": 1
    }
},
{
    "model": "results.speakerscorebyadj",
    "pk": 382,
    "fields": {
        "ballot_submission": 27,
        "debate_adjudicator": 53,
        "debate_team": 54,
        "score": 77.0,
        "position": 2
    }
},
{
    "model": "results.speakerscorebyadj",
    "pk": 383,
    "fields": {
        "ballot_submission": 27,
        "debate_adjudicator": 53,
        "debate_team": 54,
        "score": 74.0,
        "position": 3
    }
},
{
    "model": "results.speakerscorebyadj",
    "pk": 384,
    "fields": {
        "ballot_submission": 27,
        "debate_adjudicator": 53,
        "debate_team": 54,
        "score": 36.5,
        "position": 4
    }
},
{
    "model": "results.speakerscorebyadj",
    "pk": 385,
    "fields": {
        "ballot_submission": 27,
        "debate_adjudicator": 54,
        "debate_team": 53,
        "score": 76.0,
        "position": 1
    }
},
{
    "model": "results.speakerscorebyadj",
    "pk": 386,
    "fields": {
        "ballot_submission": 27,
        "debate_adjudicator": 54,
        "debate_team": 53,
        "score": 73.0,
        "position": 2
    }
},
{
    "model": "results.speakerscorebyadj",
    "pk": 387,
    "fields": {
        "ballot_submission": 27,
        "debate_adjudicator": 54,
        "debate_team": 53,
        "score": 73.0,
        "position": 3
    }
},
{
    "model": "results.speakerscorebyadj",
    "pk": 388,
    "fields": {
        "ballot_submission": 27,
        "debate_adjudicator": 54,
        "debate_team": 53,
        "score": 39.0,
        "position": 4
    }
},
{
    "model": "results.speakerscorebyadj",
    "pk": 389,
    "fields": {
        "ballot_submission": 27,
        "debate_adjudicator": 54,
        "debate_team": 54,
        "score": 77.0,
        "position": 1
    }
},
{
    "model": "results.speakerscorebyadj",
    "pk": 390,
    "fields": {
        "ballot_submission": 27,
        "debate_adjudicator": 54,
        "debate_team": 54,
        "score": 78.0,
        "position": 2
    }
},
{
    "model": "results.speakerscorebyadj",
    "pk": 391,
    "fields": {
        "ballot_submission": 27,
        "debate_adjudicator": 54,
        "debate_team": 54,
        "score": 73.0,
        "position": 3
    }
},
{
    "model": "results.speakerscorebyadj",
    "pk": 392,
    "fields": {
        "ballot_submission": 27,
        "debate_adjudicator": 54,
        "debate_team": 54,
        "score": 38.5,
        "position": 4
    }
},
{
    "model": "results.speakerscorebyadj",
    "pk": 393,
    "fields": {
        "ballot_submission": 28,
        "debate_adjudicator": 55,
        "debate_team": 55,
        "score": 75.0,
        "position": 1
    }
},
{
    "model": "results.speakerscorebyadj",
    "pk": 394,
    "fields": {
        "ballot_submission": 28,
        "debate_adjudicator": 55,
        "debate_team": 55,
        "score": 74.0,
        "position": 2
    }
},
{
    "model": "results.speakerscorebyadj",
    "pk": 395,
    "fields": {
        "ballot_submission": 28,
        "debate_adjudicator": 55,
        "debate_team": 55,
        "score": 76.0,
        "position": 3
    }
},
{
    "model": "results.speakerscorebyadj",
    "pk": 396,
    "fields": {
        "ballot_submission": 28,
        "debate_adjudicator": 55,
        "debate_team": 55,
        "score": 36.0,
        "position": 4
    }
},
{
    "model": "results.speakerscorebyadj",
    "pk": 397,
    "fields": {
        "ballot_submission": 28,
        "debate_adjudicator": 55,
        "debate_team": 56,
        "score": 77.0,
        "position": 1
    }
},
{
    "model": "results.speakerscorebyadj",
    "pk": 398,
    "fields": {
        "ballot_submission": 28,
        "debate_adjudicator": 55,
        "debate_team": 56,
        "score": 74.0,
        "position": 2
    }
},
{
    "model": "results.speakerscorebyadj",
    "pk": 399,
    "fields": {
        "ballot_submission": 28,
        "debate_adjudicator": 55,
        "debate_team": 56,
        "score": 74.0,
        "position": 3
    }
},
{
    "model": "results.speakerscorebyadj",
    "pk": 400,
    "fields": {
        "ballot_submission": 28,
        "debate_adjudicator": 55,
        "debate_team": 56,
        "score": 36.5,
        "position": 4
    }
},
{
    "model": "results.speakerscorebyadj",
    "pk": 401,
    "fields": {
        "ballot_submission": 28,
        "debate_adjudicator": 57,
        "debate_team": 55,
        "score": 78.0,
        "position": 1
    }
},
{
    "model": "results.speakerscorebyadj",
    "pk": 402,
    "fields": {
        "ballot_submission": 28,
        "debate_adjudicator": 57,
        "debate_team": 55,
        "score": 78.0,
        "position": 2
    }
},
{
    "model": "results.speakerscorebyadj",
    "pk": 403,
    "fields": {
        "ballot_submission": 28,
        "debate_adjudicator": 57,
        "debate_team": 55,
        "score": 72.0,
        "position": 3
    }
},
{
    "model": "results.speakerscorebyadj",
    "pk": 404,
    "fields": {
        "ballot_submission": 28,
        "debate_adjudicator": 57,
        "debate_team": 55,
        "score": 38.5,
        "position": 4
    }
},
{
    "model": "results.speakerscorebyadj",
    "pk": 405,
    "fields": {
        "ballot_submission": 28,
        "debate_adjudicator": 57,
        "debate_team": 56,
        "score": 72.0,
        "position": 1
    }
},
{
    "model": "results.speakerscorebyadj",
    "pk": 406,
    "fields": {
        "ballot_submission": 28,
        "debate_adjudicator": 57,
        "debate_team": 56,
        "score": 75.0,
        "position": 2
    }
},
{
    "model": "results.speakerscorebyadj",
    "pk": 407,
    "fields": {
        "ballot_submission": 28,
        "debate_adjudicator": 57,
        "debate_team": 56,
        "score": 74.0,
        "position": 3
    }
},
{
    "model": "results.speakerscorebyadj",
    "pk": 408,
    "fields": {
        "ballot_submission": 28,
        "debate_adjudicator": 57,
        "debate_team": 56,
        "score": 36.0,
        "position": 4
    }
},
{
    "model": "results.speakerscorebyadj",
    "pk": 409,
    "fields": {
        "ballot_submission": 28,
        "debate_adjudicator": 56,
        "debate_team": 55,
        "score": 73.0,
        "position": 1
    }
},
{
    "model": "results.speakerscorebyadj",
    "pk": 410,
    "fields": {
        "ballot_submission": 28,
        "debate_adjudicator": 56,
        "debate_team": 55,
        "score": 73.0,
        "position": 2
    }
},
{
    "model": "results.speakerscorebyadj",
    "pk": 411,
    "fields": {
        "ballot_submission": 28,
        "debate_adjudicator": 56,
        "debate_team": 55,
        "score": 78.0,
        "position": 3
    }
},
{
    "model": "results.speakerscorebyadj",
    "pk": 412,
    "fields": {
        "ballot_submission": 28,
        "debate_adjudicator": 56,
        "debate_team": 55,
        "score": 36.5,
        "position": 4
    }
},
{
    "model": "results.speakerscorebyadj",
    "pk": 413,
    "fields": {
        "ballot_submission": 28,
        "debate_adjudicator": 56,
        "debate_team": 56,
        "score": 75.0,
        "position": 1
    }
},
{
    "model": "results.speakerscorebyadj",
    "pk": 414,
    "fields": {
        "ballot_submission": 28,
        "debate_adjudicator": 56,
        "debate_team": 56,
        "score": 77.0,
        "position": 2
    }
},
{
    "model": "results.speakerscorebyadj",
    "pk": 415,
    "fields": {
        "ballot_submission": 28,
        "debate_adjudicator": 56,
        "debate_team": 56,
        "score": 78.0,
        "position": 3
    }
},
{
    "model": "results.speakerscorebyadj",
    "pk": 416,
    "fields": {
        "ballot_submission": 28,
        "debate_adjudicator": 56,
        "debate_team": 56,
        "score": 36.5,
        "position": 4
    }
},
{
    "model": "results.speakerscorebyadj",
    "pk": 417,
    "fields": {
        "ballot_submission": 29,
        "debate_adjudicator": 64,
        "debate_team": 57,
        "score": 75.0,
        "position": 1
    }
},
{
    "model": "results.speakerscorebyadj",
    "pk": 418,
    "fields": {
        "ballot_submission": 29,
        "debate_adjudicator": 64,
        "debate_team": 57,
        "score": 72.0,
        "position": 2
    }
},
{
    "model": "results.speakerscorebyadj",
    "pk": 419,
    "fields": {
        "ballot_submission": 29,
        "debate_adjudicator": 64,
        "debate_team": 57,
        "score": 78.0,
        "position": 3
    }
},
{
    "model": "results.speakerscorebyadj",
    "pk": 420,
    "fields": {
        "ballot_submission": 29,
        "debate_adjudicator": 64,
        "debate_team": 57,
        "score": 37.5,
        "position": 4
    }
},
{
    "model": "results.speakerscorebyadj",
    "pk": 421,
    "fields": {
        "ballot_submission": 29,
        "debate_adjudicator": 64,
        "debate_team": 58,
        "score": 78.0,
        "position": 1
    }
},
{
    "model": "results.speakerscorebyadj",
    "pk": 422,
    "fields": {
        "ballot_submission": 29,
        "debate_adjudicator": 64,
        "debate_team": 58,
        "score": 77.0,
        "position": 2
    }
},
{
    "model": "results.speakerscorebyadj",
    "pk": 423,
    "fields": {
        "ballot_submission": 29,
        "debate_adjudicator": 64,
        "debate_team": 58,
        "score": 77.0,
        "position": 3
    }
},
{
    "model": "results.speakerscorebyadj",
    "pk": 424,
    "fields": {
        "ballot_submission": 29,
        "debate_adjudicator": 64,
        "debate_team": 58,
        "score": 39.0,
        "position": 4
    }
},
{
    "model": "results.speakerscorebyadj",
    "pk": 425,
    "fields": {
        "ballot_submission": 29,
        "debate_adjudicator": 66,
        "debate_team": 57,
        "score": 76.0,
        "position": 1
    }
},
{
    "model": "results.speakerscorebyadj",
    "pk": 426,
    "fields": {
        "ballot_submission": 29,
        "debate_adjudicator": 66,
        "debate_team": 57,
        "score": 73.0,
        "position": 2
    }
},
{
    "model": "results.speakerscorebyadj",
    "pk": 427,
    "fields": {
        "ballot_submission": 29,
        "debate_adjudicator": 66,
        "debate_team": 57,
        "score": 74.0,
        "position": 3
    }
},
{
    "model": "results.speakerscorebyadj",
    "pk": 428,
    "fields": {
        "ballot_submission": 29,
        "debate_adjudicator": 66,
        "debate_team": 57,
        "score": 39.0,
        "position": 4
    }
},
{
    "model": "results.speakerscorebyadj",
    "pk": 429,
    "fields": {
        "ballot_submission": 29,
        "debate_adjudicator": 66,
        "debate_team": 58,
        "score": 76.0,
        "position": 1
    }
},
{
    "model": "results.speakerscorebyadj",
    "pk": 430,
    "fields": {
        "ballot_submission": 29,
        "debate_adjudicator": 66,
        "debate_team": 58,
        "score": 75.0,
        "position": 2
    }
},
{
    "model": "results.speakerscorebyadj",
    "pk": 431,
    "fields": {
        "ballot_submission": 29,
        "debate_adjudicator": 66,
        "debate_team": 58,
        "score": 74.0,
        "position": 3
    }
},
{
    "model": "results.speakerscorebyadj",
    "pk": 432,
    "fields": {
        "ballot_submission": 29,
        "debate_adjudicator": 66,
        "debate_team": 58,
        "score": 39.0,
        "position": 4
    }
},
{
    "model": "results.speakerscorebyadj",
    "pk": 433,
    "fields": {
        "ballot_submission": 29,
        "debate_adjudicator": 65,
        "debate_team": 57,
        "score": 76.0,
        "position": 1
    }
},
{
    "model": "results.speakerscorebyadj",
    "pk": 434,
    "fields": {
        "ballot_submission": 29,
        "debate_adjudicator": 65,
        "debate_team": 57,
        "score": 73.0,
        "position": 2
    }
},
{
    "model": "results.speakerscorebyadj",
    "pk": 435,
    "fields": {
        "ballot_submission": 29,
        "debate_adjudicator": 65,
        "debate_team": 57,
        "score": 78.0,
        "position": 3
    }
},
{
    "model": "results.speakerscorebyadj",
    "pk": 436,
    "fields": {
        "ballot_submission": 29,
        "debate_adjudicator": 65,
        "debate_team": 57,
        "score": 37.0,
        "position": 4
    }
},
{
    "model": "results.speakerscorebyadj",
    "pk": 437,
    "fields": {
        "ballot_submission": 29,
        "debate_adjudicator": 65,
        "debate_team": 58,
        "score": 73.0,
        "position": 1
    }
},
{
    "model": "results.speakerscorebyadj",
    "pk": 438,
    "fields": {
        "ballot_submission": 29,
        "debate_adjudicator": 65,
        "debate_team": 58,
        "score": 75.0,
        "position": 2
    }
},
{
    "model": "results.speakerscorebyadj",
    "pk": 439,
    "fields": {
        "ballot_submission": 29,
        "debate_adjudicator": 65,
        "debate_team": 58,
        "score": 74.0,
        "position": 3
    }
},
{
    "model": "results.speakerscorebyadj",
    "pk": 440,
    "fields": {
        "ballot_submission": 29,
        "debate_adjudicator": 65,
        "debate_team": 58,
        "score": 37.0,
        "position": 4
    }
},
{
    "model": "results.speakerscorebyadj",
    "pk": 441,
    "fields": {
        "ballot_submission": 30,
        "debate_adjudicator": 50,
        "debate_team": 59,
        "score": 73.0,
        "position": 1
    }
},
{
    "model": "results.speakerscorebyadj",
    "pk": 442,
    "fields": {
        "ballot_submission": 30,
        "debate_adjudicator": 50,
        "debate_team": 59,
        "score": 76.0,
        "position": 2
    }
},
{
    "model": "results.speakerscorebyadj",
    "pk": 443,
    "fields": {
        "ballot_submission": 30,
        "debate_adjudicator": 50,
        "debate_team": 59,
        "score": 78.0,
        "position": 3
    }
},
{
    "model": "results.speakerscorebyadj",
    "pk": 444,
    "fields": {
        "ballot_submission": 30,
        "debate_adjudicator": 50,
        "debate_team": 59,
        "score": 39.0,
        "position": 4
    }
},
{
    "model": "results.speakerscorebyadj",
    "pk": 445,
    "fields": {
        "ballot_submission": 30,
        "debate_adjudicator": 50,
        "debate_team": 60,
        "score": 73.0,
        "position": 1
    }
},
{
    "model": "results.speakerscorebyadj",
    "pk": 446,
    "fields": {
        "ballot_submission": 30,
        "debate_adjudicator": 50,
        "debate_team": 60,
        "score": 73.0,
        "position": 2
    }
},
{
    "model": "results.speakerscorebyadj",
    "pk": 447,
    "fields": {
        "ballot_submission": 30,
        "debate_adjudicator": 50,
        "debate_team": 60,
        "score": 76.0,
        "position": 3
    }
},
{
    "model": "results.speakerscorebyadj",
    "pk": 448,
    "fields": {
        "ballot_submission": 30,
        "debate_adjudicator": 50,
        "debate_team": 60,
        "score": 37.0,
        "position": 4
    }
},
{
    "model": "results.speakerscorebyadj",
    "pk": 449,
    "fields": {
        "ballot_submission": 31,
        "debate_adjudicator": 45,
        "debate_team": 61,
        "score": 76.0,
        "position": 1
    }
},
{
    "model": "results.speakerscorebyadj",
    "pk": 450,
    "fields": {
        "ballot_submission": 31,
        "debate_adjudicator": 45,
        "debate_team": 61,
        "score": 74.0,
        "position": 2
    }
},
{
    "model": "results.speakerscorebyadj",
    "pk": 451,
    "fields": {
        "ballot_submission": 31,
        "debate_adjudicator": 45,
        "debate_team": 61,
        "score": 73.0,
        "position": 3
    }
},
{
    "model": "results.speakerscorebyadj",
    "pk": 452,
    "fields": {
        "ballot_submission": 31,
        "debate_adjudicator": 45,
        "debate_team": 61,
        "score": 37.5,
        "position": 4
    }
},
{
    "model": "results.speakerscorebyadj",
    "pk": 453,
    "fields": {
        "ballot_submission": 31,
        "debate_adjudicator": 45,
        "debate_team": 62,
        "score": 78.0,
        "position": 1
    }
},
{
    "model": "results.speakerscorebyadj",
    "pk": 454,
    "fields": {
        "ballot_submission": 31,
        "debate_adjudicator": 45,
        "debate_team": 62,
        "score": 77.0,
        "position": 2
    }
},
{
    "model": "results.speakerscorebyadj",
    "pk": 455,
    "fields": {
        "ballot_submission": 31,
        "debate_adjudicator": 45,
        "debate_team": 62,
        "score": 74.0,
        "position": 3
    }
},
{
    "model": "results.speakerscorebyadj",
    "pk": 456,
    "fields": {
        "ballot_submission": 31,
        "debate_adjudicator": 45,
        "debate_team": 62,
        "score": 37.0,
        "position": 4
    }
},
{
    "model": "results.speakerscorebyadj",
    "pk": 457,
    "fields": {
        "ballot_submission": 32,
        "debate_adjudicator": 49,
        "debate_team": 63,
        "score": 73.0,
        "position": 1
    }
},
{
    "model": "results.speakerscorebyadj",
    "pk": 458,
    "fields": {
        "ballot_submission": 32,
        "debate_adjudicator": 49,
        "debate_team": 63,
        "score": 75.0,
        "position": 2
    }
},
{
    "model": "results.speakerscorebyadj",
    "pk": 459,
    "fields": {
        "ballot_submission": 32,
        "debate_adjudicator": 49,
        "debate_team": 63,
        "score": 74.0,
        "position": 3
    }
},
{
    "model": "results.speakerscorebyadj",
    "pk": 460,
    "fields": {
        "ballot_submission": 32,
        "debate_adjudicator": 49,
        "debate_team": 63,
        "score": 36.5,
        "position": 4
    }
},
{
    "model": "results.speakerscorebyadj",
    "pk": 461,
    "fields": {
        "ballot_submission": 32,
        "debate_adjudicator": 49,
        "debate_team": 64,
        "score": 72.0,
        "position": 1
    }
},
{
    "model": "results.speakerscorebyadj",
    "pk": 462,
    "fields": {
        "ballot_submission": 32,
        "debate_adjudicator": 49,
        "debate_team": 64,
        "score": 72.0,
        "position": 2
    }
},
{
    "model": "results.speakerscorebyadj",
    "pk": 463,
    "fields": {
        "ballot_submission": 32,
        "debate_adjudicator": 49,
        "debate_team": 64,
        "score": 72.0,
        "position": 3
    }
},
{
    "model": "results.speakerscorebyadj",
    "pk": 464,
    "fields": {
        "ballot_submission": 32,
        "debate_adjudicator": 49,
        "debate_team": 64,
        "score": 37.0,
        "position": 4
    }
},
{
    "model": "results.speakerscorebyadj",
    "pk": 465,
    "fields": {
        "ballot_submission": 33,
        "debate_adjudicator": 46,
        "debate_team": 65,
        "score": 72.0,
        "position": 1
    }
},
{
    "model": "results.speakerscorebyadj",
    "pk": 466,
    "fields": {
        "ballot_submission": 33,
        "debate_adjudicator": 46,
        "debate_team": 65,
        "score": 74.0,
        "position": 2
    }
},
{
    "model": "results.speakerscorebyadj",
    "pk": 467,
    "fields": {
        "ballot_submission": 33,
        "debate_adjudicator": 46,
        "debate_team": 65,
        "score": 72.0,
        "position": 3
    }
},
{
    "model": "results.speakerscorebyadj",
    "pk": 468,
    "fields": {
        "ballot_submission": 33,
        "debate_adjudicator": 46,
        "debate_team": 65,
        "score": 37.5,
        "position": 4
    }
},
{
    "model": "results.speakerscorebyadj",
    "pk": 469,
    "fields": {
        "ballot_submission": 33,
        "debate_adjudicator": 46,
        "debate_team": 66,
        "score": 72.0,
        "position": 1
    }
},
{
    "model": "results.speakerscorebyadj",
    "pk": 470,
    "fields": {
        "ballot_submission": 33,
        "debate_adjudicator": 46,
        "debate_team": 66,
        "score": 75.0,
        "position": 2
    }
},
{
    "model": "results.speakerscorebyadj",
    "pk": 471,
    "fields": {
        "ballot_submission": 33,
        "debate_adjudicator": 46,
        "debate_team": 66,
        "score": 78.0,
        "position": 3
    }
},
{
    "model": "results.speakerscorebyadj",
    "pk": 472,
    "fields": {
        "ballot_submission": 33,
        "debate_adjudicator": 46,
        "debate_team": 66,
        "score": 37.0,
        "position": 4
    }
},
{
    "model": "results.speakerscorebyadj",
    "pk": 473,
    "fields": {
        "ballot_submission": 34,
        "debate_adjudicator": 63,
        "debate_team": 67,
        "score": 78.0,
        "position": 1
    }
},
{
    "model": "results.speakerscorebyadj",
    "pk": 474,
    "fields": {
        "ballot_submission": 34,
        "debate_adjudicator": 63,
        "debate_team": 67,
        "score": 76.0,
        "position": 2
    }
},
{
    "model": "results.speakerscorebyadj",
    "pk": 475,
    "fields": {
        "ballot_submission": 34,
        "debate_adjudicator": 63,
        "debate_team": 67,
        "score": 76.0,
        "position": 3
    }
},
{
    "model": "results.speakerscorebyadj",
    "pk": 476,
    "fields": {
        "ballot_submission": 34,
        "debate_adjudicator": 63,
        "debate_team": 67,
        "score": 38.0,
        "position": 4
    }
},
{
    "model": "results.speakerscorebyadj",
    "pk": 477,
    "fields": {
        "ballot_submission": 34,
        "debate_adjudicator": 63,
        "debate_team": 68,
        "score": 76.0,
        "position": 1
    }
},
{
    "model": "results.speakerscorebyadj",
    "pk": 478,
    "fields": {
        "ballot_submission": 34,
        "debate_adjudicator": 63,
        "debate_team": 68,
        "score": 74.0,
        "position": 2
    }
},
{
    "model": "results.speakerscorebyadj",
    "pk": 479,
    "fields": {
        "ballot_submission": 34,
        "debate_adjudicator": 63,
        "debate_team": 68,
        "score": 72.0,
        "position": 3
    }
},
{
    "model": "results.speakerscorebyadj",
    "pk": 480,
    "fields": {
        "ballot_submission": 34,
        "debate_adjudicator": 63,
        "debate_team": 68,
        "score": 36.0,
        "position": 4
    }
},
{
    "model": "results.speakerscorebyadj",
    "pk": 481,
    "fields": {
        "ballot_submission": 34,
        "debate_adjudicator": 62,
        "debate_team": 67,
        "score": 74.0,
        "position": 1
    }
},
{
    "model": "results.speakerscorebyadj",
    "pk": 482,
    "fields": {
        "ballot_submission": 34,
        "debate_adjudicator": 62,
        "debate_team": 67,
        "score": 76.0,
        "position": 2
    }
},
{
    "model": "results.speakerscorebyadj",
    "pk": 483,
    "fields": {
        "ballot_submission": 34,
        "debate_adjudicator": 62,
        "debate_team": 67,
        "score": 72.0,
        "position": 3
    }
},
{
    "model": "results.speakerscorebyadj",
    "pk": 484,
    "fields": {
        "ballot_submission": 34,
        "debate_adjudicator": 62,
        "debate_team": 67,
        "score": 38.0,
        "position": 4
    }
},
{
    "model": "results.speakerscorebyadj",
    "pk": 485,
    "fields": {
        "ballot_submission": 34,
        "debate_adjudicator": 62,
        "debate_team": 68,
        "score": 74.0,
        "position": 1
    }
},
{
    "model": "results.speakerscorebyadj",
    "pk": 486,
    "fields": {
        "ballot_submission": 34,
        "debate_adjudicator": 62,
        "debate_team": 68,
        "score": 72.0,
        "position": 2
    }
},
{
    "model": "results.speakerscorebyadj",
    "pk": 487,
    "fields": {
        "ballot_submission": 34,
        "debate_adjudicator": 62,
        "debate_team": 68,
        "score": 77.0,
        "position": 3
    }
},
{
    "model": "results.speakerscorebyadj",
    "pk": 488,
    "fields": {
        "ballot_submission": 34,
        "debate_adjudicator": 62,
        "debate_team": 68,
        "score": 38.0,
        "position": 4
    }
},
{
    "model": "results.speakerscorebyadj",
    "pk": 489,
    "fields": {
        "ballot_submission": 34,
        "debate_adjudicator": 61,
        "debate_team": 67,
        "score": 73.0,
        "position": 1
    }
},
{
    "model": "results.speakerscorebyadj",
    "pk": 490,
    "fields": {
        "ballot_submission": 34,
        "debate_adjudicator": 61,
        "debate_team": 67,
        "score": 77.0,
        "position": 2
    }
},
{
    "model": "results.speakerscorebyadj",
    "pk": 491,
    "fields": {
        "ballot_submission": 34,
        "debate_adjudicator": 61,
        "debate_team": 67,
        "score": 77.0,
        "position": 3
    }
},
{
    "model": "results.speakerscorebyadj",
    "pk": 492,
    "fields": {
        "ballot_submission": 34,
        "debate_adjudicator": 61,
        "debate_team": 67,
        "score": 38.5,
        "position": 4
    }
},
{
    "model": "results.speakerscorebyadj",
    "pk": 493,
    "fields": {
        "ballot_submission": 34,
        "debate_adjudicator": 61,
        "debate_team": 68,
        "score": 72.0,
        "position": 1
    }
},
{
    "model": "results.speakerscorebyadj",
    "pk": 494,
    "fields": {
        "ballot_submission": 34,
        "debate_adjudicator": 61,
        "debate_team": 68,
        "score": 74.0,
        "position": 2
    }
},
{
    "model": "results.speakerscorebyadj",
    "pk": 495,
    "fields": {
        "ballot_submission": 34,
        "debate_adjudicator": 61,
        "debate_team": 68,
        "score": 78.0,
        "position": 3
    }
},
{
    "model": "results.speakerscorebyadj",
    "pk": 496,
    "fields": {
        "ballot_submission": 34,
        "debate_adjudicator": 61,
        "debate_team": 68,
        "score": 36.0,
        "position": 4
    }
},
{
    "model": "results.speakerscorebyadj",
    "pk": 497,
    "fields": {
        "ballot_submission": 35,
        "debate_adjudicator": 60,
        "debate_team": 69,
        "score": 73.0,
        "position": 1
    }
},
{
    "model": "results.speakerscorebyadj",
    "pk": 498,
    "fields": {
        "ballot_submission": 35,
        "debate_adjudicator": 60,
        "debate_team": 69,
        "score": 77.0,
        "position": 2
    }
},
{
    "model": "results.speakerscorebyadj",
    "pk": 499,
    "fields": {
        "ballot_submission": 35,
        "debate_adjudicator": 60,
        "debate_team": 69,
        "score": 72.0,
        "position": 3
    }
},
{
    "model": "results.speakerscorebyadj",
    "pk": 500,
    "fields": {
        "ballot_submission": 35,
        "debate_adjudicator": 60,
        "debate_team": 69,
        "score": 36.0,
        "position": 4
    }
},
{
    "model": "results.speakerscorebyadj",
    "pk": 501,
    "fields": {
        "ballot_submission": 35,
        "debate_adjudicator": 60,
        "debate_team": 70,
        "score": 72.0,
        "position": 1
    }
},
{
    "model": "results.speakerscorebyadj",
    "pk": 502,
    "fields": {
        "ballot_submission": 35,
        "debate_adjudicator": 60,
        "debate_team": 70,
        "score": 72.0,
        "position": 2
    }
},
{
    "model": "results.speakerscorebyadj",
    "pk": 503,
    "fields": {
        "ballot_submission": 35,
        "debate_adjudicator": 60,
        "debate_team": 70,
        "score": 72.0,
        "position": 3
    }
},
{
    "model": "results.speakerscorebyadj",
    "pk": 504,
    "fields": {
        "ballot_submission": 35,
        "debate_adjudicator": 60,
        "debate_team": 70,
        "score": 37.0,
        "position": 4
    }
},
{
    "model": "results.speakerscorebyadj",
    "pk": 505,
    "fields": {
        "ballot_submission": 35,
        "debate_adjudicator": 58,
        "debate_team": 69,
        "score": 76.0,
        "position": 1
    }
},
{
    "model": "results.speakerscorebyadj",
    "pk": 506,
    "fields": {
        "ballot_submission": 35,
        "debate_adjudicator": 58,
        "debate_team": 69,
        "score": 75.0,
        "position": 2
    }
},
{
    "model": "results.speakerscorebyadj",
    "pk": 507,
    "fields": {
        "ballot_submission": 35,
        "debate_adjudicator": 58,
        "debate_team": 69,
        "score": 77.0,
        "position": 3
    }
},
{
    "model": "results.speakerscorebyadj",
    "pk": 508,
    "fields": {
        "ballot_submission": 35,
        "debate_adjudicator": 58,
        "debate_team": 69,
        "score": 36.5,
        "position": 4
    }
},
{
    "model": "results.speakerscorebyadj",
    "pk": 509,
    "fields": {
        "ballot_submission": 35,
        "debate_adjudicator": 58,
        "debate_team": 70,
        "score": 73.0,
        "position": 1
    }
},
{
    "model": "results.speakerscorebyadj",
    "pk": 510,
    "fields": {
        "ballot_submission": 35,
        "debate_adjudicator": 58,
        "debate_team": 70,
        "score": 78.0,
        "position": 2
    }
},
{
    "model": "results.speakerscorebyadj",
    "pk": 511,
    "fields": {
        "ballot_submission": 35,
        "debate_adjudicator": 58,
        "debate_team": 70,
        "score": 76.0,
        "position": 3
    }
},
{
    "model": "results.speakerscorebyadj",
    "pk": 512,
    "fields": {
        "ballot_submission": 35,
        "debate_adjudicator": 58,
        "debate_team": 70,
        "score": 38.5,
        "position": 4
    }
},
{
    "model": "results.speakerscorebyadj",
    "pk": 513,
    "fields": {
        "ballot_submission": 35,
        "debate_adjudicator": 59,
        "debate_team": 69,
        "score": 77.0,
        "position": 1
    }
},
{
    "model": "results.speakerscorebyadj",
    "pk": 514,
    "fields": {
        "ballot_submission": 35,
        "debate_adjudicator": 59,
        "debate_team": 69,
        "score": 76.0,
        "position": 2
    }
},
{
    "model": "results.speakerscorebyadj",
    "pk": 515,
    "fields": {
        "ballot_submission": 35,
        "debate_adjudicator": 59,
        "debate_team": 69,
        "score": 76.0,
        "position": 3
    }
},
{
    "model": "results.speakerscorebyadj",
    "pk": 516,
    "fields": {
        "ballot_submission": 35,
        "debate_adjudicator": 59,
        "debate_team": 69,
        "score": 36.0,
        "position": 4
    }
},
{
    "model": "results.speakerscorebyadj",
    "pk": 517,
    "fields": {
        "ballot_submission": 35,
        "debate_adjudicator": 59,
        "debate_team": 70,
        "score": 76.0,
        "position": 1
    }
},
{
    "model": "results.speakerscorebyadj",
    "pk": 518,
    "fields": {
        "ballot_submission": 35,
        "debate_adjudicator": 59,
        "debate_team": 70,
        "score": 76.0,
        "position": 2
    }
},
{
    "model": "results.speakerscorebyadj",
    "pk": 519,
    "fields": {
        "ballot_submission": 35,
        "debate_adjudicator": 59,
        "debate_team": 70,
        "score": 73.0,
        "position": 3
    }
},
{
    "model": "results.speakerscorebyadj",
    "pk": 520,
    "fields": {
        "ballot_submission": 35,
        "debate_adjudicator": 59,
        "debate_team": 70,
        "score": 36.5,
        "position": 4
    }
},
{
    "model": "results.speakerscorebyadj",
    "pk": 521,
    "fields": {
        "ballot_submission": 36,
        "debate_adjudicator": 51,
        "debate_team": 71,
        "score": 73.0,
        "position": 1
    }
},
{
    "model": "results.speakerscorebyadj",
    "pk": 522,
    "fields": {
        "ballot_submission": 36,
        "debate_adjudicator": 51,
        "debate_team": 71,
        "score": 75.0,
        "position": 2
    }
},
{
    "model": "results.speakerscorebyadj",
    "pk": 523,
    "fields": {
        "ballot_submission": 36,
        "debate_adjudicator": 51,
        "debate_team": 71,
        "score": 75.0,
        "position": 3
    }
},
{
    "model": "results.speakerscorebyadj",
    "pk": 524,
    "fields": {
        "ballot_submission": 36,
        "debate_adjudicator": 51,
        "debate_team": 71,
        "score": 38.0,
        "position": 4
    }
},
{
    "model": "results.speakerscorebyadj",
    "pk": 525,
    "fields": {
        "ballot_submission": 36,
        "debate_adjudicator": 51,
        "debate_team": 72,
        "score": 78.0,
        "position": 1
    }
},
{
    "model": "results.speakerscorebyadj",
    "pk": 526,
    "fields": {
        "ballot_submission": 36,
        "debate_adjudicator": 51,
        "debate_team": 72,
        "score": 75.0,
        "position": 2
    }
},
{
    "model": "results.speakerscorebyadj",
    "pk": 527,
    "fields": {
        "ballot_submission": 36,
        "debate_adjudicator": 51,
        "debate_team": 72,
        "score": 73.0,
        "position": 3
    }
},
{
    "model": "results.speakerscorebyadj",
    "pk": 528,
    "fields": {
        "ballot_submission": 36,
        "debate_adjudicator": 51,
        "debate_team": 72,
        "score": 36.5,
        "position": 4
    }
},
{
    "model": "results.speakerscorebyadj",
    "pk": 529,
    "fields": {
        "ballot_submission": 37,
        "debate_adjudicator": 73,
        "debate_team": 73,
        "score": 72.0,
        "position": 1
    }
},
{
    "model": "results.speakerscorebyadj",
    "pk": 530,
    "fields": {
        "ballot_submission": 37,
        "debate_adjudicator": 73,
        "debate_team": 73,
        "score": 73.0,
        "position": 2
    }
},
{
    "model": "results.speakerscorebyadj",
    "pk": 531,
    "fields": {
        "ballot_submission": 37,
        "debate_adjudicator": 73,
        "debate_team": 73,
        "score": 78.0,
        "position": 3
    }
},
{
    "model": "results.speakerscorebyadj",
    "pk": 532,
    "fields": {
        "ballot_submission": 37,
        "debate_adjudicator": 73,
        "debate_team": 73,
        "score": 36.0,
        "position": 4
    }
},
{
    "model": "results.speakerscorebyadj",
    "pk": 533,
    "fields": {
        "ballot_submission": 37,
        "debate_adjudicator": 73,
        "debate_team": 74,
        "score": 77.0,
        "position": 1
    }
},
{
    "model": "results.speakerscorebyadj",
    "pk": 534,
    "fields": {
        "ballot_submission": 37,
        "debate_adjudicator": 73,
        "debate_team": 74,
        "score": 74.0,
        "position": 2
    }
},
{
    "model": "results.speakerscorebyadj",
    "pk": 535,
    "fields": {
        "ballot_submission": 37,
        "debate_adjudicator": 73,
        "debate_team": 74,
        "score": 76.0,
        "position": 3
    }
},
{
    "model": "results.speakerscorebyadj",
    "pk": 536,
    "fields": {
        "ballot_submission": 37,
        "debate_adjudicator": 73,
        "debate_team": 74,
        "score": 37.5,
        "position": 4
    }
},
{
    "model": "results.speakerscorebyadj",
    "pk": 537,
    "fields": {
        "ballot_submission": 38,
        "debate_adjudicator": 67,
        "debate_team": 75,
        "score": 74.0,
        "position": 1
    }
},
{
    "model": "results.speakerscorebyadj",
    "pk": 538,
    "fields": {
        "ballot_submission": 38,
        "debate_adjudicator": 67,
        "debate_team": 75,
        "score": 72.0,
        "position": 2
    }
},
{
    "model": "results.speakerscorebyadj",
    "pk": 539,
    "fields": {
        "ballot_submission": 38,
        "debate_adjudicator": 67,
        "debate_team": 75,
        "score": 73.0,
        "position": 3
    }
},
{
    "model": "results.speakerscorebyadj",
    "pk": 540,
    "fields": {
        "ballot_submission": 38,
        "debate_adjudicator": 67,
        "debate_team": 75,
        "score": 39.0,
        "position": 4
    }
},
{
    "model": "results.speakerscorebyadj",
    "pk": 541,
    "fields": {
        "ballot_submission": 38,
        "debate_adjudicator": 67,
        "debate_team": 76,
        "score": 72.0,
        "position": 1
    }
},
{
    "model": "results.speakerscorebyadj",
    "pk": 542,
    "fields": {
        "ballot_submission": 38,
        "debate_adjudicator": 67,
        "debate_team": 76,
        "score": 75.0,
        "position": 2
    }
},
{
    "model": "results.speakerscorebyadj",
    "pk": 543,
    "fields": {
        "ballot_submission": 38,
        "debate_adjudicator": 67,
        "debate_team": 76,
        "score": 76.0,
        "position": 3
    }
},
{
    "model": "results.speakerscorebyadj",
    "pk": 544,
    "fields": {
        "ballot_submission": 38,
        "debate_adjudicator": 67,
        "debate_team": 76,
        "score": 39.0,
        "position": 4
    }
},
{
    "model": "results.speakerscorebyadj",
    "pk": 545,
    "fields": {
        "ballot_submission": 39,
        "debate_adjudicator": 78,
        "debate_team": 77,
        "score": 73.0,
        "position": 1
    }
},
{
    "model": "results.speakerscorebyadj",
    "pk": 546,
    "fields": {
        "ballot_submission": 39,
        "debate_adjudicator": 78,
        "debate_team": 77,
        "score": 73.0,
        "position": 2
    }
},
{
    "model": "results.speakerscorebyadj",
    "pk": 547,
    "fields": {
        "ballot_submission": 39,
        "debate_adjudicator": 78,
        "debate_team": 77,
        "score": 73.0,
        "position": 3
    }
},
{
    "model": "results.speakerscorebyadj",
    "pk": 548,
    "fields": {
        "ballot_submission": 39,
        "debate_adjudicator": 78,
        "debate_team": 77,
        "score": 36.5,
        "position": 4
    }
},
{
    "model": "results.speakerscorebyadj",
    "pk": 549,
    "fields": {
        "ballot_submission": 39,
        "debate_adjudicator": 78,
        "debate_team": 78,
        "score": 78.0,
        "position": 1
    }
},
{
    "model": "results.speakerscorebyadj",
    "pk": 550,
    "fields": {
        "ballot_submission": 39,
        "debate_adjudicator": 78,
        "debate_team": 78,
        "score": 77.0,
        "position": 2
    }
},
{
    "model": "results.speakerscorebyadj",
    "pk": 551,
    "fields": {
        "ballot_submission": 39,
        "debate_adjudicator": 78,
        "debate_team": 78,
        "score": 74.0,
        "position": 3
    }
},
{
    "model": "results.speakerscorebyadj",
    "pk": 552,
    "fields": {
        "ballot_submission": 39,
        "debate_adjudicator": 78,
        "debate_team": 78,
        "score": 37.0,
        "position": 4
    }
},
{
    "model": "results.speakerscorebyadj",
    "pk": 553,
    "fields": {
        "ballot_submission": 39,
        "debate_adjudicator": 77,
        "debate_team": 77,
        "score": 74.0,
        "position": 1
    }
},
{
    "model": "results.speakerscorebyadj",
    "pk": 554,
    "fields": {
        "ballot_submission": 39,
        "debate_adjudicator": 77,
        "debate_team": 77,
        "score": 74.0,
        "position": 2
    }
},
{
    "model": "results.speakerscorebyadj",
    "pk": 555,
    "fields": {
        "ballot_submission": 39,
        "debate_adjudicator": 77,
        "debate_team": 77,
        "score": 73.0,
        "position": 3
    }
},
{
    "model": "results.speakerscorebyadj",
    "pk": 556,
    "fields": {
        "ballot_submission": 39,
        "debate_adjudicator": 77,
        "debate_team": 77,
        "score": 36.0,
        "position": 4
    }
},
{
    "model": "results.speakerscorebyadj",
    "pk": 557,
    "fields": {
        "ballot_submission": 39,
        "debate_adjudicator": 77,
        "debate_team": 78,
        "score": 75.0,
        "position": 1
    }
},
{
    "model": "results.speakerscorebyadj",
    "pk": 558,
    "fields": {
        "ballot_submission": 39,
        "debate_adjudicator": 77,
        "debate_team": 78,
        "score": 76.0,
        "position": 2
    }
},
{
    "model": "results.speakerscorebyadj",
    "pk": 559,
    "fields": {
        "ballot_submission": 39,
        "debate_adjudicator": 77,
        "debate_team": 78,
        "score": 72.0,
        "position": 3
    }
},
{
    "model": "results.speakerscorebyadj",
    "pk": 560,
    "fields": {
        "ballot_submission": 39,
        "debate_adjudicator": 77,
        "debate_team": 78,
        "score": 36.5,
        "position": 4
    }
},
{
    "model": "results.speakerscorebyadj",
    "pk": 561,
    "fields": {
        "ballot_submission": 39,
        "debate_adjudicator": 79,
        "debate_team": 77,
        "score": 74.0,
        "position": 1
    }
},
{
    "model": "results.speakerscorebyadj",
    "pk": 562,
    "fields": {
        "ballot_submission": 39,
        "debate_adjudicator": 79,
        "debate_team": 77,
        "score": 73.0,
        "position": 2
    }
},
{
    "model": "results.speakerscorebyadj",
    "pk": 563,
    "fields": {
        "ballot_submission": 39,
        "debate_adjudicator": 79,
        "debate_team": 77,
        "score": 74.0,
        "position": 3
    }
},
{
    "model": "results.speakerscorebyadj",
    "pk": 564,
    "fields": {
        "ballot_submission": 39,
        "debate_adjudicator": 79,
        "debate_team": 77,
        "score": 36.0,
        "position": 4
    }
},
{
    "model": "results.speakerscorebyadj",
    "pk": 565,
    "fields": {
        "ballot_submission": 39,
        "debate_adjudicator": 79,
        "debate_team": 78,
        "score": 78.0,
        "position": 1
    }
},
{
    "model": "results.speakerscorebyadj",
    "pk": 566,
    "fields": {
        "ballot_submission": 39,
        "debate_adjudicator": 79,
        "debate_team": 78,
        "score": 75.0,
        "position": 2
    }
},
{
    "model": "results.speakerscorebyadj",
    "pk": 567,
    "fields": {
        "ballot_submission": 39,
        "debate_adjudicator": 79,
        "debate_team": 78,
        "score": 73.0,
        "position": 3
    }
},
{
    "model": "results.speakerscorebyadj",
    "pk": 568,
    "fields": {
        "ballot_submission": 39,
        "debate_adjudicator": 79,
        "debate_team": 78,
        "score": 36.0,
        "position": 4
    }
},
{
    "model": "results.speakerscorebyadj",
    "pk": 569,
    "fields": {
        "ballot_submission": 40,
        "debate_adjudicator": 76,
        "debate_team": 79,
        "score": 78.0,
        "position": 1
    }
},
{
    "model": "results.speakerscorebyadj",
    "pk": 570,
    "fields": {
        "ballot_submission": 40,
        "debate_adjudicator": 76,
        "debate_team": 79,
        "score": 73.0,
        "position": 2
    }
},
{
    "model": "results.speakerscorebyadj",
    "pk": 571,
    "fields": {
        "ballot_submission": 40,
        "debate_adjudicator": 76,
        "debate_team": 79,
        "score": 74.0,
        "position": 3
    }
},
{
    "model": "results.speakerscorebyadj",
    "pk": 572,
    "fields": {
        "ballot_submission": 40,
        "debate_adjudicator": 76,
        "debate_team": 79,
        "score": 36.5,
        "position": 4
    }
},
{
    "model": "results.speakerscorebyadj",
    "pk": 573,
    "fields": {
        "ballot_submission": 40,
        "debate_adjudicator": 76,
        "debate_team": 80,
        "score": 76.0,
        "position": 1
    }
},
{
    "model": "results.speakerscorebyadj",
    "pk": 574,
    "fields": {
        "ballot_submission": 40,
        "debate_adjudicator": 76,
        "debate_team": 80,
        "score": 76.0,
        "position": 2
    }
},
{
    "model": "results.speakerscorebyadj",
    "pk": 575,
    "fields": {
        "ballot_submission": 40,
        "debate_adjudicator": 76,
        "debate_team": 80,
        "score": 73.0,
        "position": 3
    }
},
{
    "model": "results.speakerscorebyadj",
    "pk": 576,
    "fields": {
        "ballot_submission": 40,
        "debate_adjudicator": 76,
        "debate_team": 80,
        "score": 38.5,
        "position": 4
    }
},
{
    "model": "results.speakerscorebyadj",
    "pk": 577,
    "fields": {
        "ballot_submission": 40,
        "debate_adjudicator": 75,
        "debate_team": 79,
        "score": 73.0,
        "position": 1
    }
},
{
    "model": "results.speakerscorebyadj",
    "pk": 578,
    "fields": {
        "ballot_submission": 40,
        "debate_adjudicator": 75,
        "debate_team": 79,
        "score": 72.0,
        "position": 2
    }
},
{
    "model": "results.speakerscorebyadj",
    "pk": 579,
    "fields": {
        "ballot_submission": 40,
        "debate_adjudicator": 75,
        "debate_team": 79,
        "score": 76.0,
        "position": 3
    }
},
{
    "model": "results.speakerscorebyadj",
    "pk": 580,
    "fields": {
        "ballot_submission": 40,
        "debate_adjudicator": 75,
        "debate_team": 79,
        "score": 38.5,
        "position": 4
    }
},
{
    "model": "results.speakerscorebyadj",
    "pk": 581,
    "fields": {
        "ballot_submission": 40,
        "debate_adjudicator": 75,
        "debate_team": 80,
        "score": 77.0,
        "position": 1
    }
},
{
    "model": "results.speakerscorebyadj",
    "pk": 582,
    "fields": {
        "ballot_submission": 40,
        "debate_adjudicator": 75,
        "debate_team": 80,
        "score": 72.0,
        "position": 2
    }
},
{
    "model": "results.speakerscorebyadj",
    "pk": 583,
    "fields": {
        "ballot_submission": 40,
        "debate_adjudicator": 75,
        "debate_team": 80,
        "score": 75.0,
        "position": 3
    }
},
{
    "model": "results.speakerscorebyadj",
    "pk": 584,
    "fields": {
        "ballot_submission": 40,
        "debate_adjudicator": 75,
        "debate_team": 80,
        "score": 37.0,
        "position": 4
    }
},
{
    "model": "results.speakerscorebyadj",
    "pk": 585,
    "fields": {
        "ballot_submission": 40,
        "debate_adjudicator": 74,
        "debate_team": 79,
        "score": 76.0,
        "position": 1
    }
},
{
    "model": "results.speakerscorebyadj",
    "pk": 586,
    "fields": {
        "ballot_submission": 40,
        "debate_adjudicator": 74,
        "debate_team": 79,
        "score": 75.0,
        "position": 2
    }
},
{
    "model": "results.speakerscorebyadj",
    "pk": 587,
    "fields": {
        "ballot_submission": 40,
        "debate_adjudicator": 74,
        "debate_team": 79,
        "score": 76.0,
        "position": 3
    }
},
{
    "model": "results.speakerscorebyadj",
    "pk": 588,
    "fields": {
        "ballot_submission": 40,
        "debate_adjudicator": 74,
        "debate_team": 79,
        "score": 37.5,
        "position": 4
    }
},
{
    "model": "results.speakerscorebyadj",
    "pk": 589,
    "fields": {
        "ballot_submission": 40,
        "debate_adjudicator": 74,
        "debate_team": 80,
        "score": 77.0,
        "position": 1
    }
},
{
    "model": "results.speakerscorebyadj",
    "pk": 590,
    "fields": {
        "ballot_submission": 40,
        "debate_adjudicator": 74,
        "debate_team": 80,
        "score": 75.0,
        "position": 2
    }
},
{
    "model": "results.speakerscorebyadj",
    "pk": 591,
    "fields": {
        "ballot_submission": 40,
        "debate_adjudicator": 74,
        "debate_team": 80,
        "score": 77.0,
        "position": 3
    }
},
{
    "model": "results.speakerscorebyadj",
    "pk": 592,
    "fields": {
        "ballot_submission": 40,
        "debate_adjudicator": 74,
        "debate_team": 80,
        "score": 39.0,
        "position": 4
    }
},
{
    "model": "results.speakerscorebyadj",
    "pk": 593,
    "fields": {
        "ballot_submission": 41,
        "debate_adjudicator": 81,
        "debate_team": 81,
        "score": 74.0,
        "position": 1
    }
},
{
    "model": "results.speakerscorebyadj",
    "pk": 594,
    "fields": {
        "ballot_submission": 41,
        "debate_adjudicator": 81,
        "debate_team": 81,
        "score": 74.0,
        "position": 2
    }
},
{
    "model": "results.speakerscorebyadj",
    "pk": 595,
    "fields": {
        "ballot_submission": 41,
        "debate_adjudicator": 81,
        "debate_team": 81,
        "score": 78.0,
        "position": 3
    }
},
{
    "model": "results.speakerscorebyadj",
    "pk": 596,
    "fields": {
        "ballot_submission": 41,
        "debate_adjudicator": 81,
        "debate_team": 81,
        "score": 38.5,
        "position": 4
    }
},
{
    "model": "results.speakerscorebyadj",
    "pk": 597,
    "fields": {
        "ballot_submission": 41,
        "debate_adjudicator": 81,
        "debate_team": 82,
        "score": 72.0,
        "position": 1
    }
},
{
    "model": "results.speakerscorebyadj",
    "pk": 598,
    "fields": {
        "ballot_submission": 41,
        "debate_adjudicator": 81,
        "debate_team": 82,
        "score": 73.0,
        "position": 2
    }
},
{
    "model": "results.speakerscorebyadj",
    "pk": 599,
    "fields": {
        "ballot_submission": 41,
        "debate_adjudicator": 81,
        "debate_team": 82,
        "score": 74.0,
        "position": 3
    }
},
{
    "model": "results.speakerscorebyadj",
    "pk": 600,
    "fields": {
        "ballot_submission": 41,
        "debate_adjudicator": 81,
        "debate_team": 82,
        "score": 38.0,
        "position": 4
    }
},
{
    "model": "results.speakerscorebyadj",
    "pk": 601,
    "fields": {
        "ballot_submission": 41,
        "debate_adjudicator": 80,
        "debate_team": 81,
        "score": 74.0,
        "position": 1
    }
},
{
    "model": "results.speakerscorebyadj",
    "pk": 602,
    "fields": {
        "ballot_submission": 41,
        "debate_adjudicator": 80,
        "debate_team": 81,
        "score": 74.0,
        "position": 2
    }
},
{
    "model": "results.speakerscorebyadj",
    "pk": 603,
    "fields": {
        "ballot_submission": 41,
        "debate_adjudicator": 80,
        "debate_team": 81,
        "score": 76.0,
        "position": 3
    }
},
{
    "model": "results.speakerscorebyadj",
    "pk": 604,
    "fields": {
        "ballot_submission": 41,
        "debate_adjudicator": 80,
        "debate_team": 81,
        "score": 39.0,
        "position": 4
    }
},
{
    "model": "results.speakerscorebyadj",
    "pk": 605,
    "fields": {
        "ballot_submission": 41,
        "debate_adjudicator": 80,
        "debate_team": 82,
        "score": 78.0,
        "position": 1
    }
},
{
    "model": "results.speakerscorebyadj",
    "pk": 606,
    "fields": {
        "ballot_submission": 41,
        "debate_adjudicator": 80,
        "debate_team": 82,
        "score": 77.0,
        "position": 2
    }
},
{
    "model": "results.speakerscorebyadj",
    "pk": 607,
    "fields": {
        "ballot_submission": 41,
        "debate_adjudicator": 80,
        "debate_team": 82,
        "score": 74.0,
        "position": 3
    }
},
{
    "model": "results.speakerscorebyadj",
    "pk": 608,
    "fields": {
        "ballot_submission": 41,
        "debate_adjudicator": 80,
        "debate_team": 82,
        "score": 38.0,
        "position": 4
    }
},
{
    "model": "results.speakerscorebyadj",
    "pk": 609,
    "fields": {
        "ballot_submission": 41,
        "debate_adjudicator": 82,
        "debate_team": 81,
        "score": 74.0,
        "position": 1
    }
},
{
    "model": "results.speakerscorebyadj",
    "pk": 610,
    "fields": {
        "ballot_submission": 41,
        "debate_adjudicator": 82,
        "debate_team": 81,
        "score": 73.0,
        "position": 2
    }
},
{
    "model": "results.speakerscorebyadj",
    "pk": 611,
    "fields": {
        "ballot_submission": 41,
        "debate_adjudicator": 82,
        "debate_team": 81,
        "score": 78.0,
        "position": 3
    }
},
{
    "model": "results.speakerscorebyadj",
    "pk": 612,
    "fields": {
        "ballot_submission": 41,
        "debate_adjudicator": 82,
        "debate_team": 81,
        "score": 36.5,
        "position": 4
    }
},
{
    "model": "results.speakerscorebyadj",
    "pk": 613,
    "fields": {
        "ballot_submission": 41,
        "debate_adjudicator": 82,
        "debate_team": 82,
        "score": 76.0,
        "position": 1
    }
},
{
    "model": "results.speakerscorebyadj",
    "pk": 614,
    "fields": {
        "ballot_submission": 41,
        "debate_adjudicator": 82,
        "debate_team": 82,
        "score": 77.0,
        "position": 2
    }
},
{
    "model": "results.speakerscorebyadj",
    "pk": 615,
    "fields": {
        "ballot_submission": 41,
        "debate_adjudicator": 82,
        "debate_team": 82,
        "score": 74.0,
        "position": 3
    }
},
{
    "model": "results.speakerscorebyadj",
    "pk": 616,
    "fields": {
        "ballot_submission": 41,
        "debate_adjudicator": 82,
        "debate_team": 82,
        "score": 39.0,
        "position": 4
    }
},
{
    "model": "results.speakerscorebyadj",
    "pk": 617,
    "fields": {
        "ballot_submission": 42,
        "debate_adjudicator": 88,
        "debate_team": 83,
        "score": 74.0,
        "position": 1
    }
},
{
    "model": "results.speakerscorebyadj",
    "pk": 618,
    "fields": {
        "ballot_submission": 42,
        "debate_adjudicator": 88,
        "debate_team": 83,
        "score": 76.0,
        "position": 2
    }
},
{
    "model": "results.speakerscorebyadj",
    "pk": 619,
    "fields": {
        "ballot_submission": 42,
        "debate_adjudicator": 88,
        "debate_team": 83,
        "score": 76.0,
        "position": 3
    }
},
{
    "model": "results.speakerscorebyadj",
    "pk": 620,
    "fields": {
        "ballot_submission": 42,
        "debate_adjudicator": 88,
        "debate_team": 83,
        "score": 38.5,
        "position": 4
    }
},
{
    "model": "results.speakerscorebyadj",
    "pk": 621,
    "fields": {
        "ballot_submission": 42,
        "debate_adjudicator": 88,
        "debate_team": 84,
        "score": 76.0,
        "position": 1
    }
},
{
    "model": "results.speakerscorebyadj",
    "pk": 622,
    "fields": {
        "ballot_submission": 42,
        "debate_adjudicator": 88,
        "debate_team": 84,
        "score": 72.0,
        "position": 2
    }
},
{
    "model": "results.speakerscorebyadj",
    "pk": 623,
    "fields": {
        "ballot_submission": 42,
        "debate_adjudicator": 88,
        "debate_team": 84,
        "score": 76.0,
        "position": 3
    }
},
{
    "model": "results.speakerscorebyadj",
    "pk": 624,
    "fields": {
        "ballot_submission": 42,
        "debate_adjudicator": 88,
        "debate_team": 84,
        "score": 37.0,
        "position": 4
    }
},
{
    "model": "results.speakerscorebyadj",
    "pk": 625,
    "fields": {
        "ballot_submission": 42,
        "debate_adjudicator": 86,
        "debate_team": 83,
        "score": 74.0,
        "position": 1
    }
},
{
    "model": "results.speakerscorebyadj",
    "pk": 626,
    "fields": {
        "ballot_submission": 42,
        "debate_adjudicator": 86,
        "debate_team": 83,
        "score": 78.0,
        "position": 2
    }
},
{
    "model": "results.speakerscorebyadj",
    "pk": 627,
    "fields": {
        "ballot_submission": 42,
        "debate_adjudicator": 86,
        "debate_team": 83,
        "score": 72.0,
        "position": 3
    }
},
{
    "model": "results.speakerscorebyadj",
    "pk": 628,
    "fields": {
        "ballot_submission": 42,
        "debate_adjudicator": 86,
        "debate_team": 83,
        "score": 38.5,
        "position": 4
    }
},
{
    "model": "results.speakerscorebyadj",
    "pk": 629,
    "fields": {
        "ballot_submission": 42,
        "debate_adjudicator": 86,
        "debate_team": 84,
        "score": 75.0,
        "position": 1
    }
},
{
    "model": "results.speakerscorebyadj",
    "pk": 630,
    "fields": {
        "ballot_submission": 42,
        "debate_adjudicator": 86,
        "debate_team": 84,
        "score": 74.0,
        "position": 2
    }
},
{
    "model": "results.speakerscorebyadj",
    "pk": 631,
    "fields": {
        "ballot_submission": 42,
        "debate_adjudicator": 86,
        "debate_team": 84,
        "score": 72.0,
        "position": 3
    }
},
{
    "model": "results.speakerscorebyadj",
    "pk": 632,
    "fields": {
        "ballot_submission": 42,
        "debate_adjudicator": 86,
        "debate_team": 84,
        "score": 38.0,
        "position": 4
    }
},
{
    "model": "results.speakerscorebyadj",
    "pk": 633,
    "fields": {
        "ballot_submission": 42,
        "debate_adjudicator": 87,
        "debate_team": 83,
        "score": 76.0,
        "position": 1
    }
},
{
    "model": "results.speakerscorebyadj",
    "pk": 634,
    "fields": {
        "ballot_submission": 42,
        "debate_adjudicator": 87,
        "debate_team": 83,
        "score": 77.0,
        "position": 2
    }
},
{
    "model": "results.speakerscorebyadj",
    "pk": 635,
    "fields": {
        "ballot_submission": 42,
        "debate_adjudicator": 87,
        "debate_team": 83,
        "score": 78.0,
        "position": 3
    }
},
{
    "model": "results.speakerscorebyadj",
    "pk": 636,
    "fields": {
        "ballot_submission": 42,
        "debate_adjudicator": 87,
        "debate_team": 83,
        "score": 36.0,
        "position": 4
    }
},
{
    "model": "results.speakerscorebyadj",
    "pk": 637,
    "fields": {
        "ballot_submission": 42,
        "debate_adjudicator": 87,
        "debate_team": 84,
        "score": 78.0,
        "position": 1
    }
},
{
    "model": "results.speakerscorebyadj",
    "pk": 638,
    "fields": {
        "ballot_submission": 42,
        "debate_adjudicator": 87,
        "debate_team": 84,
        "score": 77.0,
        "position": 2
    }
},
{
    "model": "results.speakerscorebyadj",
    "pk": 639,
    "fields": {
        "ballot_submission": 42,
        "debate_adjudicator": 87,
        "debate_team": 84,
        "score": 73.0,
        "position": 3
    }
},
{
    "model": "results.speakerscorebyadj",
    "pk": 640,
    "fields": {
        "ballot_submission": 42,
        "debate_adjudicator": 87,
        "debate_team": 84,
        "score": 36.5,
        "position": 4
    }
},
{
    "model": "results.speakerscorebyadj",
    "pk": 641,
    "fields": {
        "ballot_submission": 43,
        "debate_adjudicator": 83,
        "debate_team": 85,
        "score": 75.0,
        "position": 1
    }
},
{
    "model": "results.speakerscorebyadj",
    "pk": 642,
    "fields": {
        "ballot_submission": 43,
        "debate_adjudicator": 83,
        "debate_team": 85,
        "score": 76.0,
        "position": 2
    }
},
{
    "model": "results.speakerscorebyadj",
    "pk": 643,
    "fields": {
        "ballot_submission": 43,
        "debate_adjudicator": 83,
        "debate_team": 85,
        "score": 72.0,
        "position": 3
    }
},
{
    "model": "results.speakerscorebyadj",
    "pk": 644,
    "fields": {
        "ballot_submission": 43,
        "debate_adjudicator": 83,
        "debate_team": 85,
        "score": 37.0,
        "position": 4
    }
},
{
    "model": "results.speakerscorebyadj",
    "pk": 645,
    "fields": {
        "ballot_submission": 43,
        "debate_adjudicator": 83,
        "debate_team": 86,
        "score": 78.0,
        "position": 1
    }
},
{
    "model": "results.speakerscorebyadj",
    "pk": 646,
    "fields": {
        "ballot_submission": 43,
        "debate_adjudicator": 83,
        "debate_team": 86,
        "score": 77.0,
        "position": 2
    }
},
{
    "model": "results.speakerscorebyadj",
    "pk": 647,
    "fields": {
        "ballot_submission": 43,
        "debate_adjudicator": 83,
        "debate_team": 86,
        "score": 77.0,
        "position": 3
    }
},
{
    "model": "results.speakerscorebyadj",
    "pk": 648,
    "fields": {
        "ballot_submission": 43,
        "debate_adjudicator": 83,
        "debate_team": 86,
        "score": 38.0,
        "position": 4
    }
},
{
    "model": "results.speakerscorebyadj",
    "pk": 649,
    "fields": {
        "ballot_submission": 43,
        "debate_adjudicator": 85,
        "debate_team": 85,
        "score": 73.0,
        "position": 1
    }
},
{
    "model": "results.speakerscorebyadj",
    "pk": 650,
    "fields": {
        "ballot_submission": 43,
        "debate_adjudicator": 85,
        "debate_team": 85,
        "score": 77.0,
        "position": 2
    }
},
{
    "model": "results.speakerscorebyadj",
    "pk": 651,
    "fields": {
        "ballot_submission": 43,
        "debate_adjudicator": 85,
        "debate_team": 85,
        "score": 73.0,
        "position": 3
    }
},
{
    "model": "results.speakerscorebyadj",
    "pk": 652,
    "fields": {
        "ballot_submission": 43,
        "debate_adjudicator": 85,
        "debate_team": 85,
        "score": 37.5,
        "position": 4
    }
},
{
    "model": "results.speakerscorebyadj",
    "pk": 653,
    "fields": {
        "ballot_submission": 43,
        "debate_adjudicator": 85,
        "debate_team": 86,
        "score": 77.0,
        "position": 1
    }
},
{
    "model": "results.speakerscorebyadj",
    "pk": 654,
    "fields": {
        "ballot_submission": 43,
        "debate_adjudicator": 85,
        "debate_team": 86,
        "score": 75.0,
        "position": 2
    }
},
{
    "model": "results.speakerscorebyadj",
    "pk": 655,
    "fields": {
        "ballot_submission": 43,
        "debate_adjudicator": 85,
        "debate_team": 86,
        "score": 76.0,
        "position": 3
    }
},
{
    "model": "results.speakerscorebyadj",
    "pk": 656,
    "fields": {
        "ballot_submission": 43,
        "debate_adjudicator": 85,
        "debate_team": 86,
        "score": 39.0,
        "position": 4
    }
},
{
    "model": "results.speakerscorebyadj",
    "pk": 657,
    "fields": {
        "ballot_submission": 43,
        "debate_adjudicator": 84,
        "debate_team": 85,
        "score": 77.0,
        "position": 1
    }
},
{
    "model": "results.speakerscorebyadj",
    "pk": 658,
    "fields": {
        "ballot_submission": 43,
        "debate_adjudicator": 84,
        "debate_team": 85,
        "score": 76.0,
        "position": 2
    }
},
{
    "model": "results.speakerscorebyadj",
    "pk": 659,
    "fields": {
        "ballot_submission": 43,
        "debate_adjudicator": 84,
        "debate_team": 85,
        "score": 72.0,
        "position": 3
    }
},
{
    "model": "results.speakerscorebyadj",
    "pk": 660,
    "fields": {
        "ballot_submission": 43,
        "debate_adjudicator": 84,
        "debate_team": 85,
        "score": 36.0,
        "position": 4
    }
},
{
    "model": "results.speakerscorebyadj",
    "pk": 661,
    "fields": {
        "ballot_submission": 43,
        "debate_adjudicator": 84,
        "debate_team": 86,
        "score": 75.0,
        "position": 1
    }
},
{
    "model": "results.speakerscorebyadj",
    "pk": 662,
    "fields": {
        "ballot_submission": 43,
        "debate_adjudicator": 84,
        "debate_team": 86,
        "score": 75.0,
        "position": 2
    }
},
{
    "model": "results.speakerscorebyadj",
    "pk": 663,
    "fields": {
        "ballot_submission": 43,
        "debate_adjudicator": 84,
        "debate_team": 86,
        "score": 75.0,
        "position": 3
    }
},
{
    "model": "results.speakerscorebyadj",
    "pk": 664,
    "fields": {
        "ballot_submission": 43,
        "debate_adjudicator": 84,
        "debate_team": 86,
        "score": 37.0,
        "position": 4
    }
},
{
    "model": "results.speakerscorebyadj",
    "pk": 665,
    "fields": {
        "ballot_submission": 44,
        "debate_adjudicator": 71,
        "debate_team": 87,
        "score": 77.0,
        "position": 1
    }
},
{
    "model": "results.speakerscorebyadj",
    "pk": 666,
    "fields": {
        "ballot_submission": 44,
        "debate_adjudicator": 71,
        "debate_team": 87,
        "score": 77.0,
        "position": 2
    }
},
{
    "model": "results.speakerscorebyadj",
    "pk": 667,
    "fields": {
        "ballot_submission": 44,
        "debate_adjudicator": 71,
        "debate_team": 87,
        "score": 75.0,
        "position": 3
    }
},
{
    "model": "results.speakerscorebyadj",
    "pk": 668,
    "fields": {
        "ballot_submission": 44,
        "debate_adjudicator": 71,
        "debate_team": 87,
        "score": 38.5,
        "position": 4
    }
},
{
    "model": "results.speakerscorebyadj",
    "pk": 669,
    "fields": {
        "ballot_submission": 44,
        "debate_adjudicator": 71,
        "debate_team": 88,
        "score": 72.0,
        "position": 1
    }
},
{
    "model": "results.speakerscorebyadj",
    "pk": 670,
    "fields": {
        "ballot_submission": 44,
        "debate_adjudicator": 71,
        "debate_team": 88,
        "score": 73.0,
        "position": 2
    }
},
{
    "model": "results.speakerscorebyadj",
    "pk": 671,
    "fields": {
        "ballot_submission": 44,
        "debate_adjudicator": 71,
        "debate_team": 88,
        "score": 76.0,
        "position": 3
    }
},
{
    "model": "results.speakerscorebyadj",
    "pk": 672,
    "fields": {
        "ballot_submission": 44,
        "debate_adjudicator": 71,
        "debate_team": 88,
        "score": 36.5,
        "position": 4
    }
},
{
    "model": "results.speakerscorebyadj",
    "pk": 673,
    "fields": {
        "ballot_submission": 45,
        "debate_adjudicator": 72,
        "debate_team": 89,
        "score": 75.0,
        "position": 1
    }
},
{
    "model": "results.speakerscorebyadj",
    "pk": 674,
    "fields": {
        "ballot_submission": 45,
        "debate_adjudicator": 72,
        "debate_team": 89,
        "score": 75.0,
        "position": 2
    }
},
{
    "model": "results.speakerscorebyadj",
    "pk": 675,
    "fields": {
        "ballot_submission": 45,
        "debate_adjudicator": 72,
        "debate_team": 89,
        "score": 75.0,
        "position": 3
    }
},
{
    "model": "results.speakerscorebyadj",
    "pk": 676,
    "fields": {
        "ballot_submission": 45,
        "debate_adjudicator": 72,
        "debate_team": 89,
        "score": 37.5,
        "position": 4
    }
},
{
    "model": "results.speakerscorebyadj",
    "pk": 677,
    "fields": {
        "ballot_submission": 45,
        "debate_adjudicator": 72,
        "debate_team": 90,
        "score": 74.0,
        "position": 1
    }
},
{
    "model": "results.speakerscorebyadj",
    "pk": 678,
    "fields": {
        "ballot_submission": 45,
        "debate_adjudicator": 72,
        "debate_team": 90,
        "score": 75.0,
        "position": 2
    }
},
{
    "model": "results.speakerscorebyadj",
    "pk": 679,
    "fields": {
        "ballot_submission": 45,
        "debate_adjudicator": 72,
        "debate_team": 90,
        "score": 77.0,
        "position": 3
    }
},
{
    "model": "results.speakerscorebyadj",
    "pk": 680,
    "fields": {
        "ballot_submission": 45,
        "debate_adjudicator": 72,
        "debate_team": 90,
        "score": 37.5,
        "position": 4
    }
},
{
    "model": "results.speakerscorebyadj",
    "pk": 681,
    "fields": {
        "ballot_submission": 46,
        "debate_adjudicator": 68,
        "debate_team": 91,
        "score": 78.0,
        "position": 1
    }
},
{
    "model": "results.speakerscorebyadj",
    "pk": 682,
    "fields": {
        "ballot_submission": 46,
        "debate_adjudicator": 68,
        "debate_team": 91,
        "score": 75.0,
        "position": 2
    }
},
{
    "model": "results.speakerscorebyadj",
    "pk": 683,
    "fields": {
        "ballot_submission": 46,
        "debate_adjudicator": 68,
        "debate_team": 91,
        "score": 77.0,
        "position": 3
    }
},
{
    "model": "results.speakerscorebyadj",
    "pk": 684,
    "fields": {
        "ballot_submission": 46,
        "debate_adjudicator": 68,
        "debate_team": 91,
        "score": 38.0,
        "position": 4
    }
},
{
    "model": "results.speakerscorebyadj",
    "pk": 685,
    "fields": {
        "ballot_submission": 46,
        "debate_adjudicator": 68,
        "debate_team": 92,
        "score": 76.0,
        "position": 1
    }
},
{
    "model": "results.speakerscorebyadj",
    "pk": 686,
    "fields": {
        "ballot_submission": 46,
        "debate_adjudicator": 68,
        "debate_team": 92,
        "score": 78.0,
        "position": 2
    }
},
{
    "model": "results.speakerscorebyadj",
    "pk": 687,
    "fields": {
        "ballot_submission": 46,
        "debate_adjudicator": 68,
        "debate_team": 92,
        "score": 77.0,
        "position": 3
    }
},
{
    "model": "results.speakerscorebyadj",
    "pk": 688,
    "fields": {
        "ballot_submission": 46,
        "debate_adjudicator": 68,
        "debate_team": 92,
        "score": 38.0,
        "position": 4
    }
},
{
    "model": "results.speakerscorebyadj",
    "pk": 689,
    "fields": {
        "ballot_submission": 47,
        "debate_adjudicator": 70,
        "debate_team": 93,
        "score": 76.0,
        "position": 1
    }
},
{
    "model": "results.speakerscorebyadj",
    "pk": 690,
    "fields": {
        "ballot_submission": 47,
        "debate_adjudicator": 70,
        "debate_team": 93,
        "score": 73.0,
        "position": 2
    }
},
{
    "model": "results.speakerscorebyadj",
    "pk": 691,
    "fields": {
        "ballot_submission": 47,
        "debate_adjudicator": 70,
        "debate_team": 93,
        "score": 72.0,
        "position": 3
    }
},
{
    "model": "results.speakerscorebyadj",
    "pk": 692,
    "fields": {
        "ballot_submission": 47,
        "debate_adjudicator": 70,
        "debate_team": 93,
        "score": 37.5,
        "position": 4
    }
},
{
    "model": "results.speakerscorebyadj",
    "pk": 693,
    "fields": {
        "ballot_submission": 47,
        "debate_adjudicator": 70,
        "debate_team": 94,
        "score": 76.0,
        "position": 1
    }
},
{
    "model": "results.speakerscorebyadj",
    "pk": 694,
    "fields": {
        "ballot_submission": 47,
        "debate_adjudicator": 70,
        "debate_team": 94,
        "score": 76.0,
        "position": 2
    }
},
{
    "model": "results.speakerscorebyadj",
    "pk": 695,
    "fields": {
        "ballot_submission": 47,
        "debate_adjudicator": 70,
        "debate_team": 94,
        "score": 76.0,
        "position": 3
    }
},
{
    "model": "results.speakerscorebyadj",
    "pk": 696,
    "fields": {
        "ballot_submission": 47,
        "debate_adjudicator": 70,
        "debate_team": 94,
        "score": 38.0,
        "position": 4
    }
},
{
    "model": "results.speakerscorebyadj",
    "pk": 697,
    "fields": {
        "ballot_submission": 48,
        "debate_adjudicator": 69,
        "debate_team": 95,
        "score": 77.0,
        "position": 1
    }
},
{
    "model": "results.speakerscorebyadj",
    "pk": 698,
    "fields": {
        "ballot_submission": 48,
        "debate_adjudicator": 69,
        "debate_team": 95,
        "score": 78.0,
        "position": 2
    }
},
{
    "model": "results.speakerscorebyadj",
    "pk": 699,
    "fields": {
        "ballot_submission": 48,
        "debate_adjudicator": 69,
        "debate_team": 95,
        "score": 74.0,
        "position": 3
    }
},
{
    "model": "results.speakerscorebyadj",
    "pk": 700,
    "fields": {
        "ballot_submission": 48,
        "debate_adjudicator": 69,
        "debate_team": 95,
        "score": 37.5,
        "position": 4
    }
},
{
    "model": "results.speakerscorebyadj",
    "pk": 701,
    "fields": {
        "ballot_submission": 48,
        "debate_adjudicator": 69,
        "debate_team": 96,
        "score": 74.0,
        "position": 1
    }
},
{
    "model": "results.speakerscorebyadj",
    "pk": 702,
    "fields": {
        "ballot_submission": 48,
        "debate_adjudicator": 69,
        "debate_team": 96,
        "score": 74.0,
        "position": 2
    }
},
{
    "model": "results.speakerscorebyadj",
    "pk": 703,
    "fields": {
        "ballot_submission": 48,
        "debate_adjudicator": 69,
        "debate_team": 96,
        "score": 72.0,
        "position": 3
    }
},
{
    "model": "results.speakerscorebyadj",
    "pk": 704,
    "fields": {
        "ballot_submission": 48,
        "debate_adjudicator": 69,
        "debate_team": 96,
        "score": 38.5,
        "position": 4
    }
},
{
    "model": "results.teamscore",
    "pk": 1,
    "fields": {
        "ballot_submission": 1,
        "debate_team": 23,
        "points": 0,
        "win": false,
        "margin": -2.5,
        "score": 259.0,
        "votes_given": 0,
        "votes_possible": 0
    }
},
{
    "model": "results.teamscore",
    "pk": 2,
    "fields": {
        "ballot_submission": 1,
        "debate_team": 24,
        "points": 1,
        "win": true,
        "margin": 2.5,
        "score": 261.5,
        "votes_given": 0,
        "votes_possible": 0
    }
},
{
    "model": "results.teamscore",
    "pk": 3,
    "fields": {
        "ballot_submission": 2,
        "debate_team": 21,
        "points": 0,
        "win": false,
        "margin": -0.5,
        "score": 266.5,
        "votes_given": 0,
        "votes_possible": 0
    }
},
{
    "model": "results.teamscore",
    "pk": 4,
    "fields": {
        "ballot_submission": 2,
        "debate_team": 22,
        "points": 1,
        "win": true,
        "margin": 0.5,
        "score": 267.0,
        "votes_given": 0,
        "votes_possible": 0
    }
},
{
    "model": "results.teamscore",
    "pk": 5,
    "fields": {
        "ballot_submission": 3,
        "debate_team": 19,
        "points": 0,
        "win": false,
        "margin": -3.5,
        "score": 261.5,
        "votes_given": 0,
        "votes_possible": 0
    }
},
{
    "model": "results.teamscore",
    "pk": 6,
    "fields": {
        "ballot_submission": 3,
        "debate_team": 20,
        "points": 1,
        "win": true,
        "margin": 3.5,
        "score": 265.0,
        "votes_given": 0,
        "votes_possible": 0
    }
},
{
    "model": "results.teamscore",
    "pk": 7,
    "fields": {
        "ballot_submission": 4,
        "debate_team": 17,
        "points": 0,
        "win": false,
        "margin": -4.5,
        "score": 257.5,
        "votes_given": 0,
        "votes_possible": 0
    }
},
{
    "model": "results.teamscore",
    "pk": 8,
    "fields": {
        "ballot_submission": 4,
        "debate_team": 18,
        "points": 1,
        "win": true,
        "margin": 4.5,
        "score": 262.0,
        "votes_given": 0,
        "votes_possible": 0
    }
},
{
    "model": "results.teamscore",
    "pk": 9,
    "fields": {
        "ballot_submission": 5,
        "debate_team": 15,
        "points": 0,
        "win": false,
        "margin": -0.5,
        "score": 260.5,
        "votes_given": 0,
        "votes_possible": 0
    }
},
{
    "model": "results.teamscore",
    "pk": 10,
    "fields": {
        "ballot_submission": 5,
        "debate_team": 16,
        "points": 1,
        "win": true,
        "margin": 0.5,
        "score": 261.0,
        "votes_given": 0,
        "votes_possible": 0
    }
},
{
    "model": "results.teamscore",
    "pk": 11,
    "fields": {
        "ballot_submission": 6,
        "debate_team": 13,
        "points": 0,
        "win": false,
        "margin": -7.5,
        "score": 255.5,
        "votes_given": 0,
        "votes_possible": 0
    }
},
{
    "model": "results.teamscore",
    "pk": 12,
    "fields": {
        "ballot_submission": 6,
        "debate_team": 14,
        "points": 1,
        "win": true,
        "margin": 7.5,
        "score": 263.0,
        "votes_given": 0,
        "votes_possible": 0
    }
},
{
    "model": "results.teamscore",
    "pk": 13,
    "fields": {
        "ballot_submission": 7,
        "debate_team": 11,
        "points": 1,
        "win": true,
        "margin": 2.5,
        "score": 267.0,
        "votes_given": 0,
        "votes_possible": 0
    }
},
{
    "model": "results.teamscore",
    "pk": 14,
    "fields": {
        "ballot_submission": 7,
        "debate_team": 12,
        "points": 0,
        "win": false,
        "margin": -2.5,
        "score": 264.5,
        "votes_given": 0,
        "votes_possible": 0
    }
},
{
    "model": "results.teamscore",
    "pk": 15,
    "fields": {
        "ballot_submission": 8,
        "debate_team": 9,
        "points": 1,
        "win": true,
        "margin": 4.66666666666669,
        "score": 266.0,
        "votes_given": 0,
        "votes_possible": 0
    }
},
{
    "model": "results.teamscore",
    "pk": 16,
    "fields": {
        "ballot_submission": 8,
        "debate_team": 10,
        "points": 0,
        "win": false,
        "margin": -4.66666666666669,
        "score": 261.333333333333,
        "votes_given": 0,
        "votes_possible": 0
    }
},
{
    "model": "results.teamscore",
    "pk": 17,
    "fields": {
        "ballot_submission": 9,
        "debate_team": 7,
        "points": 1,
        "win": true,
        "margin": 5.0,
        "score": 266.0,
        "votes_given": 0,
        "votes_possible": 0
    }
},
{
    "model": "results.teamscore",
    "pk": 18,
    "fields": {
        "ballot_submission": 9,
        "debate_team": 8,
        "points": 0,
        "win": false,
        "margin": -5.0,
        "score": 261.0,
        "votes_given": 0,
        "votes_possible": 0
    }
},
{
    "model": "results.teamscore",
    "pk": 19,
    "fields": {
        "ballot_submission": 10,
        "debate_team": 5,
        "points": 1,
        "win": true,
        "margin": 5.33333333333331,
        "score": 266.833333333333,
        "votes_given": 0,
        "votes_possible": 0
    }
},
{
    "model": "results.teamscore",
    "pk": 20,
    "fields": {
        "ballot_submission": 10,
        "debate_team": 6,
        "points": 0,
        "win": false,
        "margin": -5.33333333333331,
        "score": 261.5,
        "votes_given": 0,
        "votes_possible": 0
    }
},
{
    "model": "results.teamscore",
    "pk": 21,
    "fields": {
        "ballot_submission": 11,
        "debate_team": 3,
        "points": 0,
        "win": false,
        "margin": -2.75,
        "score": 261.75,
        "votes_given": 0,
        "votes_possible": 0
    }
},
{
    "model": "results.teamscore",
    "pk": 22,
    "fields": {
        "ballot_submission": 11,
        "debate_team": 4,
        "points": 1,
        "win": true,
        "margin": 2.75,
        "score": 264.5,
        "votes_given": 0,
        "votes_possible": 0
    }
},
{
    "model": "results.teamscore",
    "pk": 23,
    "fields": {
        "ballot_submission": 12,
        "debate_team": 1,
        "points": 1,
        "win": true,
        "margin": 1.25,
        "score": 266.25,
        "votes_given": 0,
        "votes_possible": 0
    }
},
{
    "model": "results.teamscore",
    "pk": 24,
    "fields": {
        "ballot_submission": 12,
        "debate_team": 2,
        "points": 0,
        "win": false,
        "margin": -1.25,
        "score": 265.0,
        "votes_given": 0,
        "votes_possible": 0
    }
},
{
    "model": "results.teamscore",
    "pk": 25,
    "fields": {
        "ballot_submission": 13,
        "debate_team": 47,
        "points": 1,
        "win": true,
        "margin": 1.83333333333331,
        "score": 264.0,
        "votes_given": 0,
        "votes_possible": 0
    }
},
{
    "model": "results.teamscore",
    "pk": 26,
    "fields": {
        "ballot_submission": 13,
        "debate_team": 48,
        "points": 0,
        "win": false,
        "margin": -1.83333333333331,
        "score": 262.166666666667,
        "votes_given": 0,
        "votes_possible": 0
    }
},
{
    "model": "results.teamscore",
    "pk": 27,
    "fields": {
        "ballot_submission": 14,
        "debate_team": 45,
        "points": 1,
        "win": true,
        "margin": 0.5,
        "score": 261.5,
        "votes_given": 0,
        "votes_possible": 0
    }
},
{
    "model": "results.teamscore",
    "pk": 28,
    "fields": {
        "ballot_submission": 14,
        "debate_team": 46,
        "points": 0,
        "win": false,
        "margin": -0.5,
        "score": 261.0,
        "votes_given": 0,
        "votes_possible": 0
    }
},
{
    "model": "results.teamscore",
    "pk": 29,
    "fields": {
        "ballot_submission": 15,
        "debate_team": 43,
        "points": 0,
        "win": false,
        "margin": -1.75,
        "score": 261.25,
        "votes_given": 0,
        "votes_possible": 0
    }
},
{
    "model": "results.teamscore",
    "pk": 30,
    "fields": {
        "ballot_submission": 15,
        "debate_team": 44,
        "points": 1,
        "win": true,
        "margin": 1.75,
        "score": 263.0,
        "votes_given": 0,
        "votes_possible": 0
    }
},
{
    "model": "results.teamscore",
    "pk": 31,
    "fields": {
        "ballot_submission": 16,
        "debate_team": 41,
        "points": 1,
        "win": true,
        "margin": 2.0,
        "score": 263.666666666667,
        "votes_given": 0,
        "votes_possible": 0
    }
},
{
    "model": "results.teamscore",
    "pk": 32,
    "fields": {
        "ballot_submission": 16,
        "debate_team": 42,
        "points": 0,
        "win": false,
        "margin": -2.0,
        "score": 261.666666666667,
        "votes_given": 0,
        "votes_possible": 0
    }
},
{
    "model": "results.teamscore",
    "pk": 33,
    "fields": {
        "ballot_submission": 17,
        "debate_team": 39,
        "points": 0,
        "win": false,
        "margin": -2.0,
        "score": 260.0,
        "votes_given": 0,
        "votes_possible": 0
    }
},
{
    "model": "results.teamscore",
    "pk": 34,
    "fields": {
        "ballot_submission": 17,
        "debate_team": 40,
        "points": 1,
        "win": true,
        "margin": 2.0,
        "score": 262.0,
        "votes_given": 0,
        "votes_possible": 0
    }
},
{
    "model": "results.teamscore",
    "pk": 35,
    "fields": {
        "ballot_submission": 18,
        "debate_team": 37,
        "points": 1,
        "win": true,
        "margin": 0.5,
        "score": 263.0,
        "votes_given": 0,
        "votes_possible": 0
    }
},
{
    "model": "results.teamscore",
    "pk": 36,
    "fields": {
        "ballot_submission": 18,
        "debate_team": 38,
        "points": 0,
        "win": false,
        "margin": -0.5,
        "score": 262.5,
        "votes_given": 0,
        "votes_possible": 0
    }
},
{
    "model": "results.teamscore",
    "pk": 37,
    "fields": {
        "ballot_submission": 19,
        "debate_team": 35,
        "points": 1,
        "win": true,
        "margin": 3.0,
        "score": 265.0,
        "votes_given": 0,
        "votes_possible": 0
    }
},
{
    "model": "results.teamscore",
    "pk": 38,
    "fields": {
        "ballot_submission": 19,
        "debate_team": 36,
        "points": 0,
        "win": false,
        "margin": -3.0,
        "score": 262.0,
        "votes_given": 0,
        "votes_possible": 0
    }
},
{
    "model": "results.teamscore",
    "pk": 39,
    "fields": {
        "ballot_submission": 20,
        "debate_team": 33,
        "points": 1,
        "win": true,
        "margin": 2.0,
        "score": 261.0,
        "votes_given": 0,
        "votes_possible": 0
    }
},
{
    "model": "results.teamscore",
    "pk": 40,
    "fields": {
        "ballot_submission": 20,
        "debate_team": 34,
        "points": 0,
        "win": false,
        "margin": -2.0,
        "score": 259.0,
        "votes_given": 0,
        "votes_possible": 0
    }
},
{
    "model": "results.teamscore",
    "pk": 41,
    "fields": {
        "ballot_submission": 21,
        "debate_team": 31,
        "points": 0,
        "win": false,
        "margin": -0.5,
        "score": 264.5,
        "votes_given": 0,
        "votes_possible": 0
    }
},
{
    "model": "results.teamscore",
    "pk": 42,
    "fields": {
        "ballot_submission": 21,
        "debate_team": 32,
        "points": 1,
        "win": true,
        "margin": 0.5,
        "score": 265.0,
        "votes_given": 0,
        "votes_possible": 0
    }
},
{
    "model": "results.teamscore",
    "pk": 43,
    "fields": {
        "ballot_submission": 22,
        "debate_team": 29,
        "points": 0,
        "win": false,
        "margin": -6.0,
        "score": 260.0,
        "votes_given": 0,
        "votes_possible": 0
    }
},
{
    "model": "results.teamscore",
    "pk": 44,
    "fields": {
        "ballot_submission": 22,
        "debate_team": 30,
        "points": 1,
        "win": true,
        "margin": 6.0,
        "score": 266.0,
        "votes_given": 0,
        "votes_possible": 0
    }
},
{
    "model": "results.teamscore",
    "pk": 45,
    "fields": {
        "ballot_submission": 23,
        "debate_team": 27,
        "points": 0,
        "win": false,
        "margin": -1.5,
        "score": 261.0,
        "votes_given": 0,
        "votes_possible": 0
    }
},
{
    "model": "results.teamscore",
    "pk": 46,
    "fields": {
        "ballot_submission": 23,
        "debate_team": 28,
        "points": 1,
        "win": true,
        "margin": 1.5,
        "score": 262.5,
        "votes_given": 0,
        "votes_possible": 0
    }
},
{
    "model": "results.teamscore",
    "pk": 47,
    "fields": {
        "ballot_submission": 24,
        "debate_team": 25,
        "points": 1,
        "win": true,
        "margin": 7.5,
        "score": 262.0,
        "votes_given": 0,
        "votes_possible": 0
    }
},
{
    "model": "results.teamscore",
    "pk": 48,
    "fields": {
        "ballot_submission": 24,
        "debate_team": 26,
        "points": 0,
        "win": false,
        "margin": -7.5,
        "score": 254.5,
        "votes_given": 0,
        "votes_possible": 0
    }
},
{
    "model": "results.teamscore",
    "pk": 49,
    "fields": {
        "ballot_submission": 25,
        "debate_team": 49,
        "points": 0,
        "win": false,
        "margin": -2.5,
        "score": 261.5,
        "votes_given": 0,
        "votes_possible": 0
    }
},
{
    "model": "results.teamscore",
    "pk": 50,
    "fields": {
        "ballot_submission": 25,
        "debate_team": 50,
        "points": 1,
        "win": true,
        "margin": 2.5,
        "score": 264.0,
        "votes_given": 0,
        "votes_possible": 0
    }
},
{
    "model": "results.teamscore",
    "pk": 51,
    "fields": {
        "ballot_submission": 26,
        "debate_team": 51,
        "points": 0,
        "win": false,
        "margin": -2.5,
        "score": 259.5,
        "votes_given": 0,
        "votes_possible": 0
    }
},
{
    "model": "results.teamscore",
    "pk": 52,
    "fields": {
        "ballot_submission": 26,
        "debate_team": 52,
        "points": 1,
        "win": true,
        "margin": 2.5,
        "score": 262.0,
        "votes_given": 0,
        "votes_possible": 0
    }
},
{
    "model": "results.teamscore",
    "pk": 53,
    "fields": {
        "ballot_submission": 27,
        "debate_team": 53,
        "points": 0,
        "win": false,
        "margin": -4.0,
        "score": 259.5,
        "votes_given": 0,
        "votes_possible": 0
    }
},
{
    "model": "results.teamscore",
    "pk": 54,
    "fields": {
        "ballot_submission": 27,
        "debate_team": 54,
        "points": 1,
        "win": true,
        "margin": 4.0,
        "score": 263.5,
        "votes_given": 0,
        "votes_possible": 0
    }
},
{
    "model": "results.teamscore",
    "pk": 55,
    "fields": {
        "ballot_submission": 28,
        "debate_team": 55,
        "points": 0,
        "win": false,
        "margin": -3.25,
        "score": 260.75,
        "votes_given": 0,
        "votes_possible": 0
    }
},
{
    "model": "results.teamscore",
    "pk": 56,
    "fields": {
        "ballot_submission": 28,
        "debate_team": 56,
        "points": 1,
        "win": true,
        "margin": 3.25,
        "score": 264.0,
        "votes_given": 0,
        "votes_possible": 0
    }
},
{
    "model": "results.teamscore",
    "pk": 57,
    "fields": {
        "ballot_submission": 29,
        "debate_team": 57,
        "points": 0,
        "win": false,
        "margin": -5.25,
        "score": 262.25,
        "votes_given": 0,
        "votes_possible": 0
    }
},
{
    "model": "results.teamscore",
    "pk": 58,
    "fields": {
        "ballot_submission": 29,
        "debate_team": 58,
        "points": 1,
        "win": true,
        "margin": 5.25,
        "score": 267.5,
        "votes_given": 0,
        "votes_possible": 0
    }
},
{
    "model": "results.teamscore",
    "pk": 59,
    "fields": {
        "ballot_submission": 30,
        "debate_team": 59,
        "points": 1,
        "win": true,
        "margin": 7.0,
        "score": 266.0,
        "votes_given": 0,
        "votes_possible": 0
    }
},
{
    "model": "results.teamscore",
    "pk": 60,
    "fields": {
        "ballot_submission": 30,
        "debate_team": 60,
        "points": 0,
        "win": false,
        "margin": -7.0,
        "score": 259.0,
        "votes_given": 0,
        "votes_possible": 0
    }
},
{
    "model": "results.teamscore",
    "pk": 61,
    "fields": {
        "ballot_submission": 31,
        "debate_team": 61,
        "points": 0,
        "win": false,
        "margin": -5.5,
        "score": 260.5,
        "votes_given": 0,
        "votes_possible": 0
    }
},
{
    "model": "results.teamscore",
    "pk": 62,
    "fields": {
        "ballot_submission": 31,
        "debate_team": 62,
        "points": 1,
        "win": true,
        "margin": 5.5,
        "score": 266.0,
        "votes_given": 0,
        "votes_possible": 0
    }
},
{
    "model": "results.teamscore",
    "pk": 63,
    "fields": {
        "ballot_submission": 32,
        "debate_team": 63,
        "points": 1,
        "win": true,
        "margin": 5.5,
        "score": 258.5,
        "votes_given": 0,
        "votes_possible": 0
    }
},
{
    "model": "results.teamscore",
    "pk": 64,
    "fields": {
        "ballot_submission": 32,
        "debate_team": 64,
        "points": 0,
        "win": false,
        "margin": -5.5,
        "score": 253.0,
        "votes_given": 0,
        "votes_possible": 0
    }
},
{
    "model": "results.teamscore",
    "pk": 65,
    "fields": {
        "ballot_submission": 33,
        "debate_team": 65,
        "points": 0,
        "win": false,
        "margin": -6.5,
        "score": 255.5,
        "votes_given": 0,
        "votes_possible": 0
    }
},
{
    "model": "results.teamscore",
    "pk": 66,
    "fields": {
        "ballot_submission": 33,
        "debate_team": 66,
        "points": 1,
        "win": true,
        "margin": 6.5,
        "score": 262.0,
        "votes_given": 0,
        "votes_possible": 0
    }
},
{
    "model": "results.teamscore",
    "pk": 67,
    "fields": {
        "ballot_submission": 34,
        "debate_team": 67,
        "points": 1,
        "win": true,
        "margin": 7.75,
        "score": 266.75,
        "votes_given": 0,
        "votes_possible": 0
    }
},
{
    "model": "results.teamscore",
    "pk": 68,
    "fields": {
        "ballot_submission": 34,
        "debate_team": 68,
        "points": 0,
        "win": false,
        "margin": -7.75,
        "score": 259.0,
        "votes_given": 0,
        "votes_possible": 0
    }
},
{
    "model": "results.teamscore",
    "pk": 69,
    "fields": {
        "ballot_submission": 35,
        "debate_team": 69,
        "points": 1,
        "win": true,
        "margin": 4.25,
        "score": 261.5,
        "votes_given": 0,
        "votes_possible": 0
    }
},
{
    "model": "results.teamscore",
    "pk": 70,
    "fields": {
        "ballot_submission": 35,
        "debate_team": 70,
        "points": 0,
        "win": false,
        "margin": -4.25,
        "score": 257.25,
        "votes_given": 0,
        "votes_possible": 0
    }
},
{
    "model": "results.teamscore",
    "pk": 71,
    "fields": {
        "ballot_submission": 36,
        "debate_team": 71,
        "points": 0,
        "win": false,
        "margin": -1.5,
        "score": 261.0,
        "votes_given": 0,
        "votes_possible": 0
    }
},
{
    "model": "results.teamscore",
    "pk": 72,
    "fields": {
        "ballot_submission": 36,
        "debate_team": 72,
        "points": 1,
        "win": true,
        "margin": 1.5,
        "score": 262.5,
        "votes_given": 0,
        "votes_possible": 0
    }
},
{
    "model": "results.teamscore",
    "pk": 73,
    "fields": {
        "ballot_submission": 37,
        "debate_team": 73,
        "points": 0,
        "win": false,
        "margin": -5.5,
        "score": 259.0,
        "votes_given": 0,
        "votes_possible": 0
    }
},
{
    "model": "results.teamscore",
    "pk": 74,
    "fields": {
        "ballot_submission": 37,
        "debate_team": 74,
        "points": 1,
        "win": true,
        "margin": 5.5,
        "score": 264.5,
        "votes_given": 0,
        "votes_possible": 0
    }
},
{
    "model": "results.teamscore",
    "pk": 75,
    "fields": {
        "ballot_submission": 38,
        "debate_team": 75,
        "points": 0,
        "win": false,
        "margin": -4.0,
        "score": 258.0,
        "votes_given": 0,
        "votes_possible": 0
    }
},
{
    "model": "results.teamscore",
    "pk": 76,
    "fields": {
        "ballot_submission": 38,
        "debate_team": 76,
        "points": 1,
        "win": true,
        "margin": 4.0,
        "score": 262.0,
        "votes_given": 0,
        "votes_possible": 0
    }
},
{
    "model": "results.teamscore",
    "pk": 77,
    "fields": {
        "ballot_submission": 39,
        "debate_team": 77,
        "points": 0,
        "win": false,
        "margin": -6.0,
        "score": 256.5,
        "votes_given": 0,
        "votes_possible": 0
    }
},
{
    "model": "results.teamscore",
    "pk": 78,
    "fields": {
        "ballot_submission": 39,
        "debate_team": 78,
        "points": 1,
        "win": true,
        "margin": 6.0,
        "score": 262.5,
        "votes_given": 0,
        "votes_possible": 0
    }
},
{
    "model": "results.teamscore",
    "pk": 79,
    "fields": {
        "ballot_submission": 40,
        "debate_team": 79,
        "points": 0,
        "win": false,
        "margin": -2.33333333333337,
        "score": 261.833333333333,
        "votes_given": 0,
        "votes_possible": 0
    }
},
{
    "model": "results.teamscore",
    "pk": 80,
    "fields": {
        "ballot_submission": 40,
        "debate_team": 80,
        "points": 1,
        "win": true,
        "margin": 2.33333333333337,
        "score": 264.166666666667,
        "votes_given": 0,
        "votes_possible": 0
    }
},
{
    "model": "results.teamscore",
    "pk": 81,
    "fields": {
        "ballot_submission": 41,
        "debate_team": 81,
        "points": 0,
        "win": false,
        "margin": -4.25,
        "score": 262.25,
        "votes_given": 0,
        "votes_possible": 0
    }
},
{
    "model": "results.teamscore",
    "pk": 82,
    "fields": {
        "ballot_submission": 41,
        "debate_team": 82,
        "points": 1,
        "win": true,
        "margin": 4.25,
        "score": 266.5,
        "votes_given": 0,
        "votes_possible": 0
    }
},
{
    "model": "results.teamscore",
    "pk": 83,
    "fields": {
        "ballot_submission": 42,
        "debate_team": 83,
        "points": 1,
        "win": true,
        "margin": 3.16666666666669,
        "score": 264.666666666667,
        "votes_given": 0,
        "votes_possible": 0
    }
},
{
    "model": "results.teamscore",
    "pk": 84,
    "fields": {
        "ballot_submission": 42,
        "debate_team": 84,
        "points": 0,
        "win": false,
        "margin": -3.16666666666669,
        "score": 261.5,
        "votes_given": 0,
        "votes_possible": 0
    }
},
{
    "model": "results.teamscore",
    "pk": 85,
    "fields": {
        "ballot_submission": 43,
        "debate_team": 85,
        "points": 0,
        "win": false,
        "margin": -5.83333333333331,
        "score": 260.5,
        "votes_given": 0,
        "votes_possible": 0
    }
},
{
    "model": "results.teamscore",
    "pk": 86,
    "fields": {
        "ballot_submission": 43,
        "debate_team": 86,
        "points": 1,
        "win": true,
        "margin": 5.83333333333331,
        "score": 266.333333333333,
        "votes_given": 0,
        "votes_possible": 0
    }
},
{
    "model": "results.teamscore",
    "pk": 87,
    "fields": {
        "ballot_submission": 44,
        "debate_team": 87,
        "points": 1,
        "win": true,
        "margin": 10.0,
        "score": 267.5,
        "votes_given": 0,
        "votes_possible": 0
    }
},
{
    "model": "results.teamscore",
    "pk": 88,
    "fields": {
        "ballot_submission": 44,
        "debate_team": 88,
        "points": 0,
        "win": false,
        "margin": -10.0,
        "score": 257.5,
        "votes_given": 0,
        "votes_possible": 0
    }
},
{
    "model": "results.teamscore",
    "pk": 89,
    "fields": {
        "ballot_submission": 45,
        "debate_team": 89,
        "points": 0,
        "win": false,
        "margin": -1.0,
        "score": 262.5,
        "votes_given": 0,
        "votes_possible": 0
    }
},
{
    "model": "results.teamscore",
    "pk": 90,
    "fields": {
        "ballot_submission": 45,
        "debate_team": 90,
        "points": 1,
        "win": true,
        "margin": 1.0,
        "score": 263.5,
        "votes_given": 0,
        "votes_possible": 0
    }
},
{
    "model": "results.teamscore",
    "pk": 91,
    "fields": {
        "ballot_submission": 46,
        "debate_team": 91,
        "points": 0,
        "win": false,
        "margin": -1.0,
        "score": 268.0,
        "votes_given": 0,
        "votes_possible": 0
    }
},
{
    "model": "results.teamscore",
    "pk": 92,
    "fields": {
        "ballot_submission": 46,
        "debate_team": 92,
        "points": 1,
        "win": true,
        "margin": 1.0,
        "score": 269.0,
        "votes_given": 0,
        "votes_possible": 0
    }
},
{
    "model": "results.teamscore",
    "pk": 93,
    "fields": {
        "ballot_submission": 47,
        "debate_team": 93,
        "points": 0,
        "win": false,
        "margin": -7.5,
        "score": 258.5,
        "votes_given": 0,
        "votes_possible": 0
    }
},
{
    "model": "results.teamscore",
    "pk": 94,
    "fields": {
        "ballot_submission": 47,
        "debate_team": 94,
        "points": 1,
        "win": true,
        "margin": 7.5,
        "score": 266.0,
        "votes_given": 0,
        "votes_possible": 0
    }
},
{
    "model": "results.teamscore",
    "pk": 95,
    "fields": {
        "ballot_submission": 48,
        "debate_team": 95,
        "points": 1,
        "win": true,
        "margin": 8.0,
        "score": 266.5,
        "votes_given": 0,
        "votes_possible": 0
    }
},
{
    "model": "results.teamscore",
    "pk": 96,
    "fields": {
        "ballot_submission": 48,
        "debate_team": 96,
        "points": 0,
        "win": false,
        "margin": -8.0,
        "score": 258.5,
        "votes_given": 0,
        "votes_possible": 0
    }
},
{
    "model": "results.speakerscore",
    "pk": 1,
    "fields": {
        "ballot_submission": 1,
        "debate_team": 23,
        "speaker": 40,
        "score": 73.0,
        "position": 1,
        "ghost": false
    }
},
{
    "model": "results.speakerscore",
    "pk": 2,
    "fields": {
        "ballot_submission": 1,
        "debate_team": 23,
        "speaker": 41,
        "score": 75.0,
        "position": 2,
        "ghost": false
    }
},
{
    "model": "results.speakerscore",
    "pk": 3,
    "fields": {
        "ballot_submission": 1,
        "debate_team": 23,
        "speaker": 42,
        "score": 73.0,
        "position": 3,
        "ghost": false
    }
},
{
    "model": "results.speakerscore",
    "pk": 4,
    "fields": {
        "ballot_submission": 1,
        "debate_team": 23,
        "speaker": 40,
        "score": 38.0,
        "position": 4,
        "ghost": false
    }
},
{
    "model": "results.speakerscore",
    "pk": 5,
    "fields": {
        "ballot_submission": 1,
        "debate_team": 24,
        "speaker": 54,
        "score": 73.0,
        "position": 1,
        "ghost": false
    }
},
{
    "model": "results.speakerscore",
    "pk": 6,
    "fields": {
        "ballot_submission": 1,
        "debate_team": 24,
        "speaker": 53,
        "score": 73.0,
        "position": 2,
        "ghost": false
    }
},
{
    "model": "results.speakerscore",
    "pk": 7,
    "fields": {
        "ballot_submission": 1,
        "debate_team": 24,
        "speaker": 52,
        "score": 78.0,
        "position": 3,
        "ghost": false
    }
},
{
    "model": "results.speakerscore",
    "pk": 8,
    "fields": {
        "ballot_submission": 1,
        "debate_team": 24,
        "speaker": 54,
        "score": 37.5,
        "position": 4,
        "ghost": false
    }
},
{
    "model": "results.speakerscore",
    "pk": 9,
    "fields": {
        "ballot_submission": 2,
        "debate_team": 21,
        "speaker": 10,
        "score": 76.0,
        "position": 1,
        "ghost": false
    }
},
{
    "model": "results.speakerscore",
    "pk": 10,
    "fields": {
        "ballot_submission": 2,
        "debate_team": 21,
        "speaker": 11,
        "score": 77.0,
        "position": 2,
        "ghost": false
    }
},
{
    "model": "results.speakerscore",
    "pk": 11,
    "fields": {
        "ballot_submission": 2,
        "debate_team": 21,
        "speaker": 12,
        "score": 76.0,
        "position": 3,
        "ghost": false
    }
},
{
    "model": "results.speakerscore",
    "pk": 12,
    "fields": {
        "ballot_submission": 2,
        "debate_team": 21,
        "speaker": 10,
        "score": 37.5,
        "position": 4,
        "ghost": false
    }
},
{
    "model": "results.speakerscore",
    "pk": 13,
    "fields": {
        "ballot_submission": 2,
        "debate_team": 22,
        "speaker": 23,
        "score": 77.0,
        "position": 1,
        "ghost": false
    }
},
{
    "model": "results.speakerscore",
    "pk": 14,
    "fields": {
        "ballot_submission": 2,
        "debate_team": 22,
        "speaker": 24,
        "score": 75.0,
        "position": 2,
        "ghost": false
    }
},
{
    "model": "results.speakerscore",
    "pk": 15,
    "fields": {
        "ballot_submission": 2,
        "debate_team": 22,
        "speaker": 22,
        "score": 76.0,
        "position": 3,
        "ghost": false
    }
},
{
    "model": "results.speakerscore",
    "pk": 16,
    "fields": {
        "ballot_submission": 2,
        "debate_team": 22,
        "speaker": 23,
        "score": 39.0,
        "position": 4,
        "ghost": false
    }
},
{
    "model": "results.speakerscore",
    "pk": 17,
    "fields": {
        "ballot_submission": 3,
        "debate_team": 19,
        "speaker": 69,
        "score": 72.0,
        "position": 1,
        "ghost": false
    }
},
{
    "model": "results.speakerscore",
    "pk": 18,
    "fields": {
        "ballot_submission": 3,
        "debate_team": 19,
        "speaker": 68,
        "score": 75.0,
        "position": 2,
        "ghost": false
    }
},
{
    "model": "results.speakerscore",
    "pk": 19,
    "fields": {
        "ballot_submission": 3,
        "debate_team": 19,
        "speaker": 67,
        "score": 77.0,
        "position": 3,
        "ghost": false
    }
},
{
    "model": "results.speakerscore",
    "pk": 20,
    "fields": {
        "ballot_submission": 3,
        "debate_team": 19,
        "speaker": 69,
        "score": 37.5,
        "position": 4,
        "ghost": false
    }
},
{
    "model": "results.speakerscore",
    "pk": 21,
    "fields": {
        "ballot_submission": 3,
        "debate_team": 20,
        "speaker": 33,
        "score": 78.0,
        "position": 1,
        "ghost": false
    }
},
{
    "model": "results.speakerscore",
    "pk": 22,
    "fields": {
        "ballot_submission": 3,
        "debate_team": 20,
        "speaker": 31,
        "score": 74.0,
        "position": 2,
        "ghost": false
    }
},
{
    "model": "results.speakerscore",
    "pk": 23,
    "fields": {
        "ballot_submission": 3,
        "debate_team": 20,
        "speaker": 32,
        "score": 74.0,
        "position": 3,
        "ghost": false
    }
},
{
    "model": "results.speakerscore",
    "pk": 24,
    "fields": {
        "ballot_submission": 3,
        "debate_team": 20,
        "speaker": 33,
        "score": 39.0,
        "position": 4,
        "ghost": false
    }
},
{
    "model": "results.speakerscore",
    "pk": 25,
    "fields": {
        "ballot_submission": 4,
        "debate_team": 17,
        "speaker": 49,
        "score": 74.0,
        "position": 1,
        "ghost": false
    }
},
{
    "model": "results.speakerscore",
    "pk": 26,
    "fields": {
        "ballot_submission": 4,
        "debate_team": 17,
        "speaker": 50,
        "score": 73.0,
        "position": 2,
        "ghost": false
    }
},
{
    "model": "results.speakerscore",
    "pk": 27,
    "fields": {
        "ballot_submission": 4,
        "debate_team": 17,
        "speaker": 51,
        "score": 73.0,
        "position": 3,
        "ghost": false
    }
},
{
    "model": "results.speakerscore",
    "pk": 28,
    "fields": {
        "ballot_submission": 4,
        "debate_team": 17,
        "speaker": 49,
        "score": 37.5,
        "position": 4,
        "ghost": false
    }
},
{
    "model": "results.speakerscore",
    "pk": 29,
    "fields": {
        "ballot_submission": 4,
        "debate_team": 18,
        "speaker": 1,
        "score": 77.0,
        "position": 1,
        "ghost": false
    }
},
{
    "model": "results.speakerscore",
    "pk": 30,
    "fields": {
        "ballot_submission": 4,
        "debate_team": 18,
        "speaker": 3,
        "score": 74.0,
        "position": 2,
        "ghost": false
    }
},
{
    "model": "results.speakerscore",
    "pk": 31,
    "fields": {
        "ballot_submission": 4,
        "debate_team": 18,
        "speaker": 2,
        "score": 74.0,
        "position": 3,
        "ghost": false
    }
},
{
    "model": "results.speakerscore",
    "pk": 32,
    "fields": {
        "ballot_submission": 4,
        "debate_team": 18,
        "speaker": 1,
        "score": 37.0,
        "position": 4,
        "ghost": false
    }
},
{
    "model": "results.speakerscore",
    "pk": 33,
    "fields": {
        "ballot_submission": 5,
        "debate_team": 15,
        "speaker": 55,
        "score": 75.0,
        "position": 1,
        "ghost": false
    }
},
{
    "model": "results.speakerscore",
    "pk": 34,
    "fields": {
        "ballot_submission": 5,
        "debate_team": 15,
        "speaker": 57,
        "score": 74.0,
        "position": 2,
        "ghost": false
    }
},
{
    "model": "results.speakerscore",
    "pk": 35,
    "fields": {
        "ballot_submission": 5,
        "debate_team": 15,
        "speaker": 56,
        "score": 74.0,
        "position": 3,
        "ghost": false
    }
},
{
    "model": "results.speakerscore",
    "pk": 36,
    "fields": {
        "ballot_submission": 5,
        "debate_team": 15,
        "speaker": 55,
        "score": 37.5,
        "position": 4,
        "ghost": false
    }
},
{
    "model": "results.speakerscore",
    "pk": 37,
    "fields": {
        "ballot_submission": 5,
        "debate_team": 16,
        "speaker": 45,
        "score": 74.0,
        "position": 1,
        "ghost": false
    }
},
{
    "model": "results.speakerscore",
    "pk": 38,
    "fields": {
        "ballot_submission": 5,
        "debate_team": 16,
        "speaker": 44,
        "score": 76.0,
        "position": 2,
        "ghost": false
    }
},
{
    "model": "results.speakerscore",
    "pk": 39,
    "fields": {
        "ballot_submission": 5,
        "debate_team": 16,
        "speaker": 43,
        "score": 72.0,
        "position": 3,
        "ghost": false
    }
},
{
    "model": "results.speakerscore",
    "pk": 40,
    "fields": {
        "ballot_submission": 5,
        "debate_team": 16,
        "speaker": 45,
        "score": 39.0,
        "position": 4,
        "ghost": false
    }
},
{
    "model": "results.speakerscore",
    "pk": 41,
    "fields": {
        "ballot_submission": 6,
        "debate_team": 13,
        "speaker": 34,
        "score": 72.0,
        "position": 1,
        "ghost": false
    }
},
{
    "model": "results.speakerscore",
    "pk": 42,
    "fields": {
        "ballot_submission": 6,
        "debate_team": 13,
        "speaker": 35,
        "score": 74.0,
        "position": 2,
        "ghost": false
    }
},
{
    "model": "results.speakerscore",
    "pk": 43,
    "fields": {
        "ballot_submission": 6,
        "debate_team": 13,
        "speaker": 36,
        "score": 72.0,
        "position": 3,
        "ghost": false
    }
},
{
    "model": "results.speakerscore",
    "pk": 44,
    "fields": {
        "ballot_submission": 6,
        "debate_team": 13,
        "speaker": 34,
        "score": 37.5,
        "position": 4,
        "ghost": false
    }
},
{
    "model": "results.speakerscore",
    "pk": 45,
    "fields": {
        "ballot_submission": 6,
        "debate_team": 14,
        "speaker": 48,
        "score": 75.0,
        "position": 1,
        "ghost": false
    }
},
{
    "model": "results.speakerscore",
    "pk": 46,
    "fields": {
        "ballot_submission": 6,
        "debate_team": 14,
        "speaker": 46,
        "score": 74.0,
        "position": 2,
        "ghost": false
    }
},
{
    "model": "results.speakerscore",
    "pk": 47,
    "fields": {
        "ballot_submission": 6,
        "debate_team": 14,
        "speaker": 47,
        "score": 78.0,
        "position": 3,
        "ghost": false
    }
},
{
    "model": "results.speakerscore",
    "pk": 48,
    "fields": {
        "ballot_submission": 6,
        "debate_team": 14,
        "speaker": 48,
        "score": 36.0,
        "position": 4,
        "ghost": false
    }
},
{
    "model": "results.speakerscore",
    "pk": 49,
    "fields": {
        "ballot_submission": 7,
        "debate_team": 11,
        "speaker": 15,
        "score": 77.0,
        "position": 1,
        "ghost": false
    }
},
{
    "model": "results.speakerscore",
    "pk": 50,
    "fields": {
        "ballot_submission": 7,
        "debate_team": 11,
        "speaker": 13,
        "score": 78.0,
        "position": 2,
        "ghost": false
    }
},
{
    "model": "results.speakerscore",
    "pk": 51,
    "fields": {
        "ballot_submission": 7,
        "debate_team": 11,
        "speaker": 14,
        "score": 74.0,
        "position": 3,
        "ghost": false
    }
},
{
    "model": "results.speakerscore",
    "pk": 52,
    "fields": {
        "ballot_submission": 7,
        "debate_team": 11,
        "speaker": 15,
        "score": 38.0,
        "position": 4,
        "ghost": false
    }
},
{
    "model": "results.speakerscore",
    "pk": 53,
    "fields": {
        "ballot_submission": 7,
        "debate_team": 12,
        "speaker": 29,
        "score": 75.0,
        "position": 1,
        "ghost": false
    }
},
{
    "model": "results.speakerscore",
    "pk": 54,
    "fields": {
        "ballot_submission": 7,
        "debate_team": 12,
        "speaker": 28,
        "score": 76.0,
        "position": 2,
        "ghost": false
    }
},
{
    "model": "results.speakerscore",
    "pk": 55,
    "fields": {
        "ballot_submission": 7,
        "debate_team": 12,
        "speaker": 30,
        "score": 75.0,
        "position": 3,
        "ghost": false
    }
},
{
    "model": "results.speakerscore",
    "pk": 56,
    "fields": {
        "ballot_submission": 7,
        "debate_team": 12,
        "speaker": 29,
        "score": 38.5,
        "position": 4,
        "ghost": false
    }
},
{
    "model": "results.speakerscore",
    "pk": 57,
    "fields": {
        "ballot_submission": 8,
        "debate_team": 9,
        "speaker": 17,
        "score": 76.6666666666667,
        "position": 1,
        "ghost": false
    }
},
{
    "model": "results.speakerscore",
    "pk": 58,
    "fields": {
        "ballot_submission": 8,
        "debate_team": 9,
        "speaker": 16,
        "score": 75.6666666666667,
        "position": 2,
        "ghost": false
    }
},
{
    "model": "results.speakerscore",
    "pk": 59,
    "fields": {
        "ballot_submission": 8,
        "debate_team": 9,
        "speaker": 18,
        "score": 76.0,
        "position": 3,
        "ghost": false
    }
},
{
    "model": "results.speakerscore",
    "pk": 60,
    "fields": {
        "ballot_submission": 8,
        "debate_team": 9,
        "speaker": 17,
        "score": 37.6666666666667,
        "position": 4,
        "ghost": false
    }
},
{
    "model": "results.speakerscore",
    "pk": 61,
    "fields": {
        "ballot_submission": 8,
        "debate_team": 10,
        "speaker": 64,
        "score": 74.0,
        "position": 1,
        "ghost": false
    }
},
{
    "model": "results.speakerscore",
    "pk": 62,
    "fields": {
        "ballot_submission": 8,
        "debate_team": 10,
        "speaker": 66,
        "score": 76.0,
        "position": 2,
        "ghost": false
    }
},
{
    "model": "results.speakerscore",
    "pk": 63,
    "fields": {
        "ballot_submission": 8,
        "debate_team": 10,
        "speaker": 65,
        "score": 74.3333333333333,
        "position": 3,
        "ghost": false
    }
},
{
    "model": "results.speakerscore",
    "pk": 64,
    "fields": {
        "ballot_submission": 8,
        "debate_team": 10,
        "speaker": 64,
        "score": 37.0,
        "position": 4,
        "ghost": false
    }
},
{
    "model": "results.speakerscore",
    "pk": 65,
    "fields": {
        "ballot_submission": 9,
        "debate_team": 7,
        "speaker": 21,
        "score": 77.5,
        "position": 1,
        "ghost": false
    }
},
{
    "model": "results.speakerscore",
    "pk": 66,
    "fields": {
        "ballot_submission": 9,
        "debate_team": 7,
        "speaker": 20,
        "score": 74.5,
        "position": 2,
        "ghost": false
    }
},
{
    "model": "results.speakerscore",
    "pk": 67,
    "fields": {
        "ballot_submission": 9,
        "debate_team": 7,
        "speaker": 19,
        "score": 76.5,
        "position": 3,
        "ghost": false
    }
},
{
    "model": "results.speakerscore",
    "pk": 68,
    "fields": {
        "ballot_submission": 9,
        "debate_team": 7,
        "speaker": 21,
        "score": 37.5,
        "position": 4,
        "ghost": false
    }
},
{
    "model": "results.speakerscore",
    "pk": 69,
    "fields": {
        "ballot_submission": 9,
        "debate_team": 8,
        "speaker": 72,
        "score": 76.0,
        "position": 1,
        "ghost": false
    }
},
{
    "model": "results.speakerscore",
    "pk": 70,
    "fields": {
        "ballot_submission": 9,
        "debate_team": 8,
        "speaker": 71,
        "score": 73.5,
        "position": 2,
        "ghost": false
    }
},
{
    "model": "results.speakerscore",
    "pk": 71,
    "fields": {
        "ballot_submission": 9,
        "debate_team": 8,
        "speaker": 70,
        "score": 74.5,
        "position": 3,
        "ghost": false
    }
},
{
    "model": "results.speakerscore",
    "pk": 72,
    "fields": {
        "ballot_submission": 9,
        "debate_team": 8,
        "speaker": 72,
        "score": 37.0,
        "position": 4,
        "ghost": false
    }
},
{
    "model": "results.speakerscore",
    "pk": 73,
    "fields": {
        "ballot_submission": 10,
        "debate_team": 5,
        "speaker": 5,
        "score": 75.6666666666667,
        "position": 1,
        "ghost": false
    }
},
{
    "model": "results.speakerscore",
    "pk": 74,
    "fields": {
        "ballot_submission": 10,
        "debate_team": 5,
        "speaker": 4,
        "score": 77.6666666666667,
        "position": 2,
        "ghost": false
    }
},
{
    "model": "results.speakerscore",
    "pk": 75,
    "fields": {
        "ballot_submission": 10,
        "debate_team": 5,
        "speaker": 6,
        "score": 75.6666666666667,
        "position": 3,
        "ghost": false
    }
},
{
    "model": "results.speakerscore",
    "pk": 76,
    "fields": {
        "ballot_submission": 10,
        "debate_team": 5,
        "speaker": 5,
        "score": 37.8333333333333,
        "position": 4,
        "ghost": false
    }
},
{
    "model": "results.speakerscore",
    "pk": 77,
    "fields": {
        "ballot_submission": 10,
        "debate_team": 6,
        "speaker": 38,
        "score": 75.3333333333333,
        "position": 1,
        "ghost": false
    }
},
{
    "model": "results.speakerscore",
    "pk": 78,
    "fields": {
        "ballot_submission": 10,
        "debate_team": 6,
        "speaker": 37,
        "score": 74.3333333333333,
        "position": 2,
        "ghost": false
    }
},
{
    "model": "results.speakerscore",
    "pk": 79,
    "fields": {
        "ballot_submission": 10,
        "debate_team": 6,
        "speaker": 39,
        "score": 75.0,
        "position": 3,
        "ghost": false
    }
},
{
    "model": "results.speakerscore",
    "pk": 80,
    "fields": {
        "ballot_submission": 10,
        "debate_team": 6,
        "speaker": 38,
        "score": 36.8333333333333,
        "position": 4,
        "ghost": false
    }
},
{
    "model": "results.speakerscore",
    "pk": 81,
    "fields": {
        "ballot_submission": 11,
        "debate_team": 3,
        "speaker": 59,
        "score": 74.0,
        "position": 1,
        "ghost": false
    }
},
{
    "model": "results.speakerscore",
    "pk": 82,
    "fields": {
        "ballot_submission": 11,
        "debate_team": 3,
        "speaker": 58,
        "score": 74.5,
        "position": 2,
        "ghost": false
    }
},
{
    "model": "results.speakerscore",
    "pk": 83,
    "fields": {
        "ballot_submission": 11,
        "debate_team": 3,
        "speaker": 60,
        "score": 77.0,
        "position": 3,
        "ghost": false
    }
},
{
    "model": "results.speakerscore",
    "pk": 84,
    "fields": {
        "ballot_submission": 11,
        "debate_team": 3,
        "speaker": 59,
        "score": 36.25,
        "position": 4,
        "ghost": false
    }
},
{
    "model": "results.speakerscore",
    "pk": 85,
    "fields": {
        "ballot_submission": 11,
        "debate_team": 4,
        "speaker": 25,
        "score": 76.5,
        "position": 1,
        "ghost": false
    }
},
{
    "model": "results.speakerscore",
    "pk": 86,
    "fields": {
        "ballot_submission": 11,
        "debate_team": 4,
        "speaker": 27,
        "score": 74.5,
        "position": 2,
        "ghost": false
    }
},
{
    "model": "results.speakerscore",
    "pk": 87,
    "fields": {
        "ballot_submission": 11,
        "debate_team": 4,
        "speaker": 26,
        "score": 75.5,
        "position": 3,
        "ghost": false
    }
},
{
    "model": "results.speakerscore",
    "pk": 88,
    "fields": {
        "ballot_submission": 11,
        "debate_team": 4,
        "speaker": 25,
        "score": 38.0,
        "position": 4,
        "ghost": false
    }
},
{
    "model": "results.speakerscore",
    "pk": 89,
    "fields": {
        "ballot_submission": 12,
        "debate_team": 1,
        "speaker": 7,
        "score": 77.5,
        "position": 1,
        "ghost": false
    }
},
{
    "model": "results.speakerscore",
    "pk": 90,
    "fields": {
        "ballot_submission": 12,
        "debate_team": 1,
        "speaker": 8,
        "score": 75.0,
        "position": 2,
        "ghost": false
    }
},
{
    "model": "results.speakerscore",
    "pk": 91,
    "fields": {
        "ballot_submission": 12,
        "debate_team": 1,
        "speaker": 9,
        "score": 76.0,
        "position": 3,
        "ghost": false
    }
},
{
    "model": "results.speakerscore",
    "pk": 92,
    "fields": {
        "ballot_submission": 12,
        "debate_team": 1,
        "speaker": 7,
        "score": 37.75,
        "position": 4,
        "ghost": false
    }
},
{
    "model": "results.speakerscore",
    "pk": 93,
    "fields": {
        "ballot_submission": 12,
        "debate_team": 2,
        "speaker": 61,
        "score": 77.5,
        "position": 1,
        "ghost": false
    }
},
{
    "model": "results.speakerscore",
    "pk": 94,
    "fields": {
        "ballot_submission": 12,
        "debate_team": 2,
        "speaker": 63,
        "score": 75.0,
        "position": 2,
        "ghost": false
    }
},
{
    "model": "results.speakerscore",
    "pk": 95,
    "fields": {
        "ballot_submission": 12,
        "debate_team": 2,
        "speaker": 62,
        "score": 75.5,
        "position": 3,
        "ghost": false
    }
},
{
    "model": "results.speakerscore",
    "pk": 96,
    "fields": {
        "ballot_submission": 12,
        "debate_team": 2,
        "speaker": 61,
        "score": 37.0,
        "position": 4,
        "ghost": false
    }
},
{
    "model": "results.speakerscore",
    "pk": 97,
    "fields": {
        "ballot_submission": 13,
        "debate_team": 47,
        "speaker": 29,
        "score": 74.6666666666667,
        "position": 1,
        "ghost": false
    }
},
{
    "model": "results.speakerscore",
    "pk": 98,
    "fields": {
        "ballot_submission": 13,
        "debate_team": 47,
        "speaker": 28,
        "score": 76.3333333333333,
        "position": 2,
        "ghost": false
    }
},
{
    "model": "results.speakerscore",
    "pk": 99,
    "fields": {
        "ballot_submission": 13,
        "debate_team": 47,
        "speaker": 30,
        "score": 76.3333333333333,
        "position": 3,
        "ghost": false
    }
},
{
    "model": "results.speakerscore",
    "pk": 100,
    "fields": {
        "ballot_submission": 13,
        "debate_team": 47,
        "speaker": 29,
        "score": 36.6666666666667,
        "position": 4,
        "ghost": false
    }
},
{
    "model": "results.speakerscore",
    "pk": 101,
    "fields": {
        "ballot_submission": 13,
        "debate_team": 48,
        "speaker": 55,
        "score": 75.0,
        "position": 1,
        "ghost": false
    }
},
{
    "model": "results.speakerscore",
    "pk": 102,
    "fields": {
        "ballot_submission": 13,
        "debate_team": 48,
        "speaker": 57,
        "score": 73.0,
        "position": 2,
        "ghost": false
    }
},
{
    "model": "results.speakerscore",
    "pk": 103,
    "fields": {
        "ballot_submission": 13,
        "debate_team": 48,
        "speaker": 56,
        "score": 76.3333333333333,
        "position": 3,
        "ghost": false
    }
},
{
    "model": "results.speakerscore",
    "pk": 104,
    "fields": {
        "ballot_submission": 13,
        "debate_team": 48,
        "speaker": 55,
        "score": 37.8333333333333,
        "position": 4,
        "ghost": false
    }
},
{
    "model": "results.speakerscore",
    "pk": 105,
    "fields": {
        "ballot_submission": 14,
        "debate_team": 45,
        "speaker": 25,
        "score": 72.0,
        "position": 1,
        "ghost": false
    }
},
{
    "model": "results.speakerscore",
    "pk": 106,
    "fields": {
        "ballot_submission": 14,
        "debate_team": 45,
        "speaker": 27,
        "score": 78.0,
        "position": 2,
        "ghost": false
    }
},
{
    "model": "results.speakerscore",
    "pk": 107,
    "fields": {
        "ballot_submission": 14,
        "debate_team": 45,
        "speaker": 26,
        "score": 73.0,
        "position": 3,
        "ghost": false
    }
},
{
    "model": "results.speakerscore",
    "pk": 108,
    "fields": {
        "ballot_submission": 14,
        "debate_team": 45,
        "speaker": 25,
        "score": 38.5,
        "position": 4,
        "ghost": false
    }
},
{
    "model": "results.speakerscore",
    "pk": 109,
    "fields": {
        "ballot_submission": 14,
        "debate_team": 46,
        "speaker": 23,
        "score": 72.0,
        "position": 1,
        "ghost": false
    }
},
{
    "model": "results.speakerscore",
    "pk": 110,
    "fields": {
        "ballot_submission": 14,
        "debate_team": 46,
        "speaker": 24,
        "score": 77.0,
        "position": 2,
        "ghost": false
    }
},
{
    "model": "results.speakerscore",
    "pk": 111,
    "fields": {
        "ballot_submission": 14,
        "debate_team": 46,
        "speaker": 22,
        "score": 74.0,
        "position": 3,
        "ghost": false
    }
},
{
    "model": "results.speakerscore",
    "pk": 112,
    "fields": {
        "ballot_submission": 14,
        "debate_team": 46,
        "speaker": 23,
        "score": 38.0,
        "position": 4,
        "ghost": false
    }
},
{
    "model": "results.speakerscore",
    "pk": 113,
    "fields": {
        "ballot_submission": 15,
        "debate_team": 43,
        "speaker": 40,
        "score": 73.5,
        "position": 1,
        "ghost": false
    }
},
{
    "model": "results.speakerscore",
    "pk": 114,
    "fields": {
        "ballot_submission": 15,
        "debate_team": 43,
        "speaker": 41,
        "score": 72.5,
        "position": 2,
        "ghost": false
    }
},
{
    "model": "results.speakerscore",
    "pk": 115,
    "fields": {
        "ballot_submission": 15,
        "debate_team": 43,
        "speaker": 42,
        "score": 77.5,
        "position": 3,
        "ghost": false
    }
},
{
    "model": "results.speakerscore",
    "pk": 116,
    "fields": {
        "ballot_submission": 15,
        "debate_team": 43,
        "speaker": 40,
        "score": 37.75,
        "position": 4,
        "ghost": false
    }
},
{
    "model": "results.speakerscore",
    "pk": 117,
    "fields": {
        "ballot_submission": 15,
        "debate_team": 44,
        "speaker": 59,
        "score": 75.0,
        "position": 1,
        "ghost": false
    }
},
{
    "model": "results.speakerscore",
    "pk": 118,
    "fields": {
        "ballot_submission": 15,
        "debate_team": 44,
        "speaker": 58,
        "score": 74.5,
        "position": 2,
        "ghost": false
    }
},
{
    "model": "results.speakerscore",
    "pk": 119,
    "fields": {
        "ballot_submission": 15,
        "debate_team": 44,
        "speaker": 60,
        "score": 75.5,
        "position": 3,
        "ghost": false
    }
},
{
    "model": "results.speakerscore",
    "pk": 120,
    "fields": {
        "ballot_submission": 15,
        "debate_team": 44,
        "speaker": 59,
        "score": 38.0,
        "position": 4,
        "ghost": false
    }
},
{
    "model": "results.speakerscore",
    "pk": 121,
    "fields": {
        "ballot_submission": 16,
        "debate_team": 41,
        "speaker": 49,
        "score": 75.0,
        "position": 1,
        "ghost": false
    }
},
{
    "model": "results.speakerscore",
    "pk": 122,
    "fields": {
        "ballot_submission": 16,
        "debate_team": 41,
        "speaker": 50,
        "score": 74.0,
        "position": 2,
        "ghost": false
    }
},
{
    "model": "results.speakerscore",
    "pk": 123,
    "fields": {
        "ballot_submission": 16,
        "debate_team": 41,
        "speaker": 51,
        "score": 75.6666666666667,
        "position": 3,
        "ghost": false
    }
},
{
    "model": "results.speakerscore",
    "pk": 124,
    "fields": {
        "ballot_submission": 16,
        "debate_team": 41,
        "speaker": 49,
        "score": 39.0,
        "position": 4,
        "ghost": false
    }
},
{
    "model": "results.speakerscore",
    "pk": 125,
    "fields": {
        "ballot_submission": 16,
        "debate_team": 42,
        "speaker": 69,
        "score": 75.3333333333333,
        "position": 1,
        "ghost": false
    }
},
{
    "model": "results.speakerscore",
    "pk": 126,
    "fields": {
        "ballot_submission": 16,
        "debate_team": 42,
        "speaker": 68,
        "score": 75.0,
        "position": 2,
        "ghost": false
    }
},
{
    "model": "results.speakerscore",
    "pk": 127,
    "fields": {
        "ballot_submission": 16,
        "debate_team": 42,
        "speaker": 67,
        "score": 74.0,
        "position": 3,
        "ghost": false
    }
},
{
    "model": "results.speakerscore",
    "pk": 128,
    "fields": {
        "ballot_submission": 16,
        "debate_team": 42,
        "speaker": 69,
        "score": 37.3333333333333,
        "position": 4,
        "ghost": false
    }
},
{
    "model": "results.speakerscore",
    "pk": 129,
    "fields": {
        "ballot_submission": 17,
        "debate_team": 39,
        "speaker": 72,
        "score": 73.0,
        "position": 1,
        "ghost": false
    }
},
{
    "model": "results.speakerscore",
    "pk": 130,
    "fields": {
        "ballot_submission": 17,
        "debate_team": 39,
        "speaker": 71,
        "score": 75.0,
        "position": 2,
        "ghost": false
    }
},
{
    "model": "results.speakerscore",
    "pk": 131,
    "fields": {
        "ballot_submission": 17,
        "debate_team": 39,
        "speaker": 70,
        "score": 74.5,
        "position": 3,
        "ghost": false
    }
},
{
    "model": "results.speakerscore",
    "pk": 132,
    "fields": {
        "ballot_submission": 17,
        "debate_team": 39,
        "speaker": 72,
        "score": 37.5,
        "position": 4,
        "ghost": false
    }
},
{
    "model": "results.speakerscore",
    "pk": 133,
    "fields": {
        "ballot_submission": 17,
        "debate_team": 40,
        "speaker": 61,
        "score": 76.0,
        "position": 1,
        "ghost": false
    }
},
{
    "model": "results.speakerscore",
    "pk": 134,
    "fields": {
        "ballot_submission": 17,
        "debate_team": 40,
        "speaker": 63,
        "score": 75.5,
        "position": 2,
        "ghost": false
    }
},
{
    "model": "results.speakerscore",
    "pk": 135,
    "fields": {
        "ballot_submission": 17,
        "debate_team": 40,
        "speaker": 62,
        "score": 74.0,
        "position": 3,
        "ghost": false
    }
},
{
    "model": "results.speakerscore",
    "pk": 136,
    "fields": {
        "ballot_submission": 17,
        "debate_team": 40,
        "speaker": 61,
        "score": 36.5,
        "position": 4,
        "ghost": false
    }
},
{
    "model": "results.speakerscore",
    "pk": 137,
    "fields": {
        "ballot_submission": 18,
        "debate_team": 37,
        "speaker": 33,
        "score": 72.0,
        "position": 1,
        "ghost": false
    }
},
{
    "model": "results.speakerscore",
    "pk": 138,
    "fields": {
        "ballot_submission": 18,
        "debate_team": 37,
        "speaker": 31,
        "score": 77.0,
        "position": 2,
        "ghost": false
    }
},
{
    "model": "results.speakerscore",
    "pk": 139,
    "fields": {
        "ballot_submission": 18,
        "debate_team": 37,
        "speaker": 32,
        "score": 76.0,
        "position": 3,
        "ghost": false
    }
},
{
    "model": "results.speakerscore",
    "pk": 140,
    "fields": {
        "ballot_submission": 18,
        "debate_team": 37,
        "speaker": 33,
        "score": 38.0,
        "position": 4,
        "ghost": false
    }
},
{
    "model": "results.speakerscore",
    "pk": 141,
    "fields": {
        "ballot_submission": 18,
        "debate_team": 38,
        "speaker": 15,
        "score": 75.0,
        "position": 1,
        "ghost": false
    }
},
{
    "model": "results.speakerscore",
    "pk": 142,
    "fields": {
        "ballot_submission": 18,
        "debate_team": 38,
        "speaker": 13,
        "score": 72.0,
        "position": 2,
        "ghost": false
    }
},
{
    "model": "results.speakerscore",
    "pk": 143,
    "fields": {
        "ballot_submission": 18,
        "debate_team": 38,
        "speaker": 14,
        "score": 78.0,
        "position": 3,
        "ghost": false
    }
},
{
    "model": "results.speakerscore",
    "pk": 144,
    "fields": {
        "ballot_submission": 18,
        "debate_team": 38,
        "speaker": 15,
        "score": 37.5,
        "position": 4,
        "ghost": false
    }
},
{
    "model": "results.speakerscore",
    "pk": 145,
    "fields": {
        "ballot_submission": 19,
        "debate_team": 35,
        "speaker": 1,
        "score": 73.0,
        "position": 1,
        "ghost": false
    }
},
{
    "model": "results.speakerscore",
    "pk": 146,
    "fields": {
        "ballot_submission": 19,
        "debate_team": 35,
        "speaker": 3,
        "score": 77.0,
        "position": 2,
        "ghost": false
    }
},
{
    "model": "results.speakerscore",
    "pk": 147,
    "fields": {
        "ballot_submission": 19,
        "debate_team": 35,
        "speaker": 2,
        "score": 76.0,
        "position": 3,
        "ghost": false
    }
},
{
    "model": "results.speakerscore",
    "pk": 148,
    "fields": {
        "ballot_submission": 19,
        "debate_team": 35,
        "speaker": 1,
        "score": 39.0,
        "position": 4,
        "ghost": false
    }
},
{
    "model": "results.speakerscore",
    "pk": 149,
    "fields": {
        "ballot_submission": 19,
        "debate_team": 36,
        "speaker": 17,
        "score": 74.0,
        "position": 1,
        "ghost": false
    }
},
{
    "model": "results.speakerscore",
    "pk": 150,
    "fields": {
        "ballot_submission": 19,
        "debate_team": 36,
        "speaker": 16,
        "score": 73.0,
        "position": 2,
        "ghost": false
    }
},
{
    "model": "results.speakerscore",
    "pk": 151,
    "fields": {
        "ballot_submission": 19,
        "debate_team": 36,
        "speaker": 18,
        "score": 76.0,
        "position": 3,
        "ghost": false
    }
},
{
    "model": "results.speakerscore",
    "pk": 152,
    "fields": {
        "ballot_submission": 19,
        "debate_team": 36,
        "speaker": 17,
        "score": 39.0,
        "position": 4,
        "ghost": false
    }
},
{
    "model": "results.speakerscore",
    "pk": 153,
    "fields": {
        "ballot_submission": 20,
        "debate_team": 33,
        "speaker": 54,
        "score": 73.0,
        "position": 1,
        "ghost": false
    }
},
{
    "model": "results.speakerscore",
    "pk": 154,
    "fields": {
        "ballot_submission": 20,
        "debate_team": 33,
        "speaker": 53,
        "score": 77.0,
        "position": 2,
        "ghost": false
    }
},
{
    "model": "results.speakerscore",
    "pk": 155,
    "fields": {
        "ballot_submission": 20,
        "debate_team": 33,
        "speaker": 52,
        "score": 75.0,
        "position": 3,
        "ghost": false
    }
},
{
    "model": "results.speakerscore",
    "pk": 156,
    "fields": {
        "ballot_submission": 20,
        "debate_team": 33,
        "speaker": 54,
        "score": 36.0,
        "position": 4,
        "ghost": false
    }
},
{
    "model": "results.speakerscore",
    "pk": 157,
    "fields": {
        "ballot_submission": 20,
        "debate_team": 34,
        "speaker": 7,
        "score": 76.0,
        "position": 1,
        "ghost": false
    }
},
{
    "model": "results.speakerscore",
    "pk": 158,
    "fields": {
        "ballot_submission": 20,
        "debate_team": 34,
        "speaker": 8,
        "score": 73.0,
        "position": 2,
        "ghost": false
    }
},
{
    "model": "results.speakerscore",
    "pk": 159,
    "fields": {
        "ballot_submission": 20,
        "debate_team": 34,
        "speaker": 9,
        "score": 72.0,
        "position": 3,
        "ghost": false
    }
},
{
    "model": "results.speakerscore",
    "pk": 160,
    "fields": {
        "ballot_submission": 20,
        "debate_team": 34,
        "speaker": 7,
        "score": 38.0,
        "position": 4,
        "ghost": false
    }
},
{
    "model": "results.speakerscore",
    "pk": 161,
    "fields": {
        "ballot_submission": 21,
        "debate_team": 31,
        "speaker": 64,
        "score": 77.0,
        "position": 1,
        "ghost": false
    }
},
{
    "model": "results.speakerscore",
    "pk": 162,
    "fields": {
        "ballot_submission": 21,
        "debate_team": 31,
        "speaker": 66,
        "score": 76.0,
        "position": 2,
        "ghost": false
    }
},
{
    "model": "results.speakerscore",
    "pk": 163,
    "fields": {
        "ballot_submission": 21,
        "debate_team": 31,
        "speaker": 65,
        "score": 75.0,
        "position": 3,
        "ghost": false
    }
},
{
    "model": "results.speakerscore",
    "pk": 164,
    "fields": {
        "ballot_submission": 21,
        "debate_team": 31,
        "speaker": 64,
        "score": 36.5,
        "position": 4,
        "ghost": false
    }
},
{
    "model": "results.speakerscore",
    "pk": 165,
    "fields": {
        "ballot_submission": 21,
        "debate_team": 32,
        "speaker": 10,
        "score": 78.0,
        "position": 1,
        "ghost": false
    }
},
{
    "model": "results.speakerscore",
    "pk": 166,
    "fields": {
        "ballot_submission": 21,
        "debate_team": 32,
        "speaker": 11,
        "score": 74.0,
        "position": 2,
        "ghost": false
    }
},
{
    "model": "results.speakerscore",
    "pk": 167,
    "fields": {
        "ballot_submission": 21,
        "debate_team": 32,
        "speaker": 12,
        "score": 75.0,
        "position": 3,
        "ghost": false
    }
},
{
    "model": "results.speakerscore",
    "pk": 168,
    "fields": {
        "ballot_submission": 21,
        "debate_team": 32,
        "speaker": 10,
        "score": 38.0,
        "position": 4,
        "ghost": false
    }
},
{
    "model": "results.speakerscore",
    "pk": 169,
    "fields": {
        "ballot_submission": 22,
        "debate_team": 29,
        "speaker": 45,
        "score": 74.0,
        "position": 1,
        "ghost": false
    }
},
{
    "model": "results.speakerscore",
    "pk": 170,
    "fields": {
        "ballot_submission": 22,
        "debate_team": 29,
        "speaker": 44,
        "score": 74.0,
        "position": 2,
        "ghost": false
    }
},
{
    "model": "results.speakerscore",
    "pk": 171,
    "fields": {
        "ballot_submission": 22,
        "debate_team": 29,
        "speaker": 43,
        "score": 74.0,
        "position": 3,
        "ghost": false
    }
},
{
    "model": "results.speakerscore",
    "pk": 172,
    "fields": {
        "ballot_submission": 22,
        "debate_team": 29,
        "speaker": 45,
        "score": 38.0,
        "position": 4,
        "ghost": false
    }
},
{
    "model": "results.speakerscore",
    "pk": 173,
    "fields": {
        "ballot_submission": 22,
        "debate_team": 30,
        "speaker": 21,
        "score": 73.0,
        "position": 1,
        "ghost": false
    }
},
{
    "model": "results.speakerscore",
    "pk": 174,
    "fields": {
        "ballot_submission": 22,
        "debate_team": 30,
        "speaker": 20,
        "score": 77.0,
        "position": 2,
        "ghost": false
    }
},
{
    "model": "results.speakerscore",
    "pk": 175,
    "fields": {
        "ballot_submission": 22,
        "debate_team": 30,
        "speaker": 19,
        "score": 77.0,
        "position": 3,
        "ghost": false
    }
},
{
    "model": "results.speakerscore",
    "pk": 176,
    "fields": {
        "ballot_submission": 22,
        "debate_team": 30,
        "speaker": 21,
        "score": 39.0,
        "position": 4,
        "ghost": false
    }
},
{
    "model": "results.speakerscore",
    "pk": 177,
    "fields": {
        "ballot_submission": 23,
        "debate_team": 27,
        "speaker": 38,
        "score": 74.5,
        "position": 1,
        "ghost": false
    }
},
{
    "model": "results.speakerscore",
    "pk": 178,
    "fields": {
        "ballot_submission": 23,
        "debate_team": 27,
        "speaker": 37,
        "score": 74.0,
        "position": 2,
        "ghost": false
    }
},
{
    "model": "results.speakerscore",
    "pk": 179,
    "fields": {
        "ballot_submission": 23,
        "debate_team": 27,
        "speaker": 39,
        "score": 75.0,
        "position": 3,
        "ghost": false
    }
},
{
    "model": "results.speakerscore",
    "pk": 180,
    "fields": {
        "ballot_submission": 23,
        "debate_team": 27,
        "speaker": 38,
        "score": 37.5,
        "position": 4,
        "ghost": false
    }
},
{
    "model": "results.speakerscore",
    "pk": 181,
    "fields": {
        "ballot_submission": 23,
        "debate_team": 28,
        "speaker": 34,
        "score": 76.5,
        "position": 1,
        "ghost": false
    }
},
{
    "model": "results.speakerscore",
    "pk": 182,
    "fields": {
        "ballot_submission": 23,
        "debate_team": 28,
        "speaker": 35,
        "score": 74.5,
        "position": 2,
        "ghost": false
    }
},
{
    "model": "results.speakerscore",
    "pk": 183,
    "fields": {
        "ballot_submission": 23,
        "debate_team": 28,
        "speaker": 36,
        "score": 74.0,
        "position": 3,
        "ghost": false
    }
},
{
    "model": "results.speakerscore",
    "pk": 184,
    "fields": {
        "ballot_submission": 23,
        "debate_team": 28,
        "speaker": 34,
        "score": 37.5,
        "position": 4,
        "ghost": false
    }
},
{
    "model": "results.speakerscore",
    "pk": 185,
    "fields": {
        "ballot_submission": 24,
        "debate_team": 25,
        "speaker": 48,
        "score": 72.0,
        "position": 1,
        "ghost": false
    }
},
{
    "model": "results.speakerscore",
    "pk": 186,
    "fields": {
        "ballot_submission": 24,
        "debate_team": 25,
        "speaker": 46,
        "score": 76.0,
        "position": 2,
        "ghost": false
    }
},
{
    "model": "results.speakerscore",
    "pk": 187,
    "fields": {
        "ballot_submission": 24,
        "debate_team": 25,
        "speaker": 47,
        "score": 76.0,
        "position": 3,
        "ghost": false
    }
},
{
    "model": "results.speakerscore",
    "pk": 188,
    "fields": {
        "ballot_submission": 24,
        "debate_team": 25,
        "speaker": 48,
        "score": 38.0,
        "position": 4,
        "ghost": false
    }
},
{
    "model": "results.speakerscore",
    "pk": 189,
    "fields": {
        "ballot_submission": 24,
        "debate_team": 26,
        "speaker": 5,
        "score": 74.0,
        "position": 1,
        "ghost": false
    }
},
{
    "model": "results.speakerscore",
    "pk": 190,
    "fields": {
        "ballot_submission": 24,
        "debate_team": 26,
        "speaker": 4,
        "score": 72.0,
        "position": 2,
        "ghost": false
    }
},
{
    "model": "results.speakerscore",
    "pk": 191,
    "fields": {
        "ballot_submission": 24,
        "debate_team": 26,
        "speaker": 6,
        "score": 72.0,
        "position": 3,
        "ghost": false
    }
},
{
    "model": "results.speakerscore",
    "pk": 192,
    "fields": {
        "ballot_submission": 24,
        "debate_team": 26,
        "speaker": 5,
        "score": 36.5,
        "position": 4,
        "ghost": false
    }
},
{
    "model": "results.speakerscore",
    "pk": 193,
    "fields": {
        "ballot_submission": 25,
        "debate_team": 49,
        "speaker": 7,
        "score": 76.0,
        "position": 1,
        "ghost": false
    }
},
{
    "model": "results.speakerscore",
    "pk": 194,
    "fields": {
        "ballot_submission": 25,
        "debate_team": 49,
        "speaker": 8,
        "score": 73.0,
        "position": 2,
        "ghost": false
    }
},
{
    "model": "results.speakerscore",
    "pk": 195,
    "fields": {
        "ballot_submission": 25,
        "debate_team": 49,
        "speaker": 9,
        "score": 74.0,
        "position": 3,
        "ghost": false
    }
},
{
    "model": "results.speakerscore",
    "pk": 196,
    "fields": {
        "ballot_submission": 25,
        "debate_team": 49,
        "speaker": 7,
        "score": 38.5,
        "position": 4,
        "ghost": false
    }
},
{
    "model": "results.speakerscore",
    "pk": 197,
    "fields": {
        "ballot_submission": 25,
        "debate_team": 50,
        "speaker": 10,
        "score": 76.0,
        "position": 1,
        "ghost": false
    }
},
{
    "model": "results.speakerscore",
    "pk": 198,
    "fields": {
        "ballot_submission": 25,
        "debate_team": 50,
        "speaker": 11,
        "score": 73.0,
        "position": 2,
        "ghost": false
    }
},
{
    "model": "results.speakerscore",
    "pk": 199,
    "fields": {
        "ballot_submission": 25,
        "debate_team": 50,
        "speaker": 12,
        "score": 77.0,
        "position": 3,
        "ghost": false
    }
},
{
    "model": "results.speakerscore",
    "pk": 200,
    "fields": {
        "ballot_submission": 25,
        "debate_team": 50,
        "speaker": 10,
        "score": 38.0,
        "position": 4,
        "ghost": false
    }
},
{
    "model": "results.speakerscore",
    "pk": 201,
    "fields": {
        "ballot_submission": 26,
        "debate_team": 51,
        "speaker": 1,
        "score": 72.0,
        "position": 1,
        "ghost": false
    }
},
{
    "model": "results.speakerscore",
    "pk": 202,
    "fields": {
        "ballot_submission": 26,
        "debate_team": 51,
        "speaker": 3,
        "score": 74.0,
        "position": 2,
        "ghost": false
    }
},
{
    "model": "results.speakerscore",
    "pk": 203,
    "fields": {
        "ballot_submission": 26,
        "debate_team": 51,
        "speaker": 2,
        "score": 76.0,
        "position": 3,
        "ghost": false
    }
},
{
    "model": "results.speakerscore",
    "pk": 204,
    "fields": {
        "ballot_submission": 26,
        "debate_team": 51,
        "speaker": 1,
        "score": 37.5,
        "position": 4,
        "ghost": false
    }
},
{
    "model": "results.speakerscore",
    "pk": 205,
    "fields": {
        "ballot_submission": 26,
        "debate_team": 52,
        "speaker": 54,
        "score": 77.0,
        "position": 1,
        "ghost": false
    }
},
{
    "model": "results.speakerscore",
    "pk": 206,
    "fields": {
        "ballot_submission": 26,
        "debate_team": 52,
        "speaker": 53,
        "score": 72.0,
        "position": 2,
        "ghost": false
    }
},
{
    "model": "results.speakerscore",
    "pk": 207,
    "fields": {
        "ballot_submission": 26,
        "debate_team": 52,
        "speaker": 52,
        "score": 76.0,
        "position": 3,
        "ghost": false
    }
},
{
    "model": "results.speakerscore",
    "pk": 208,
    "fields": {
        "ballot_submission": 26,
        "debate_team": 52,
        "speaker": 54,
        "score": 37.0,
        "position": 4,
        "ghost": false
    }
},
{
    "model": "results.speakerscore",
    "pk": 209,
    "fields": {
        "ballot_submission": 27,
        "debate_team": 53,
        "speaker": 45,
        "score": 74.5,
        "position": 1,
        "ghost": false
    }
},
{
    "model": "results.speakerscore",
    "pk": 210,
    "fields": {
        "ballot_submission": 27,
        "debate_team": 53,
        "speaker": 44,
        "score": 73.5,
        "position": 2,
        "ghost": false
    }
},
{
    "model": "results.speakerscore",
    "pk": 211,
    "fields": {
        "ballot_submission": 27,
        "debate_team": 53,
        "speaker": 43,
        "score": 72.5,
        "position": 3,
        "ghost": false
    }
},
{
    "model": "results.speakerscore",
    "pk": 212,
    "fields": {
        "ballot_submission": 27,
        "debate_team": 53,
        "speaker": 45,
        "score": 39.0,
        "position": 4,
        "ghost": false
    }
},
{
    "model": "results.speakerscore",
    "pk": 213,
    "fields": {
        "ballot_submission": 27,
        "debate_team": 54,
        "speaker": 17,
        "score": 75.0,
        "position": 1,
        "ghost": false
    }
},
{
    "model": "results.speakerscore",
    "pk": 214,
    "fields": {
        "ballot_submission": 27,
        "debate_team": 54,
        "speaker": 16,
        "score": 77.5,
        "position": 2,
        "ghost": false
    }
},
{
    "model": "results.speakerscore",
    "pk": 215,
    "fields": {
        "ballot_submission": 27,
        "debate_team": 54,
        "speaker": 18,
        "score": 73.5,
        "position": 3,
        "ghost": false
    }
},
{
    "model": "results.speakerscore",
    "pk": 216,
    "fields": {
        "ballot_submission": 27,
        "debate_team": 54,
        "speaker": 17,
        "score": 37.5,
        "position": 4,
        "ghost": false
    }
},
{
    "model": "results.speakerscore",
    "pk": 217,
    "fields": {
        "ballot_submission": 28,
        "debate_team": 55,
        "speaker": 61,
        "score": 74.0,
        "position": 1,
        "ghost": false
    }
},
{
    "model": "results.speakerscore",
    "pk": 218,
    "fields": {
        "ballot_submission": 28,
        "debate_team": 55,
        "speaker": 63,
        "score": 73.5,
        "position": 2,
        "ghost": false
    }
},
{
    "model": "results.speakerscore",
    "pk": 219,
    "fields": {
        "ballot_submission": 28,
        "debate_team": 55,
        "speaker": 62,
        "score": 77.0,
        "position": 3,
        "ghost": false
    }
},
{
    "model": "results.speakerscore",
    "pk": 220,
    "fields": {
        "ballot_submission": 28,
        "debate_team": 55,
        "speaker": 61,
        "score": 36.25,
        "position": 4,
        "ghost": false
    }
},
{
    "model": "results.speakerscore",
    "pk": 221,
    "fields": {
        "ballot_submission": 28,
        "debate_team": 56,
        "speaker": 34,
        "score": 76.0,
        "position": 1,
        "ghost": false
    }
},
{
    "model": "results.speakerscore",
    "pk": 222,
    "fields": {
        "ballot_submission": 28,
        "debate_team": 56,
        "speaker": 35,
        "score": 75.5,
        "position": 2,
        "ghost": false
    }
},
{
    "model": "results.speakerscore",
    "pk": 223,
    "fields": {
        "ballot_submission": 28,
        "debate_team": 56,
        "speaker": 36,
        "score": 76.0,
        "position": 3,
        "ghost": false
    }
},
{
    "model": "results.speakerscore",
    "pk": 224,
    "fields": {
        "ballot_submission": 28,
        "debate_team": 56,
        "speaker": 34,
        "score": 36.5,
        "position": 4,
        "ghost": false
    }
},
{
    "model": "results.speakerscore",
    "pk": 225,
    "fields": {
        "ballot_submission": 29,
        "debate_team": 57,
        "speaker": 72,
        "score": 75.5,
        "position": 1,
        "ghost": false
    }
},
{
    "model": "results.speakerscore",
    "pk": 226,
    "fields": {
        "ballot_submission": 29,
        "debate_team": 57,
        "speaker": 71,
        "score": 72.5,
        "position": 2,
        "ghost": false
    }
},
{
    "model": "results.speakerscore",
    "pk": 227,
    "fields": {
        "ballot_submission": 29,
        "debate_team": 57,
        "speaker": 70,
        "score": 76.0,
        "position": 3,
        "ghost": false
    }
},
{
    "model": "results.speakerscore",
    "pk": 228,
    "fields": {
        "ballot_submission": 29,
        "debate_team": 57,
        "speaker": 72,
        "score": 38.25,
        "position": 4,
        "ghost": false
    }
},
{
    "model": "results.speakerscore",
    "pk": 229,
    "fields": {
        "ballot_submission": 29,
        "debate_team": 58,
        "speaker": 55,
        "score": 77.0,
        "position": 1,
        "ghost": false
    }
},
{
    "model": "results.speakerscore",
    "pk": 230,
    "fields": {
        "ballot_submission": 29,
        "debate_team": 58,
        "speaker": 57,
        "score": 76.0,
        "position": 2,
        "ghost": false
    }
},
{
    "model": "results.speakerscore",
    "pk": 231,
    "fields": {
        "ballot_submission": 29,
        "debate_team": 58,
        "speaker": 56,
        "score": 75.5,
        "position": 3,
        "ghost": false
    }
},
{
    "model": "results.speakerscore",
    "pk": 232,
    "fields": {
        "ballot_submission": 29,
        "debate_team": 58,
        "speaker": 55,
        "score": 39.0,
        "position": 4,
        "ghost": false
    }
},
{
    "model": "results.speakerscore",
    "pk": 233,
    "fields": {
        "ballot_submission": 30,
        "debate_team": 59,
        "speaker": 29,
        "score": 73.0,
        "position": 1,
        "ghost": false
    }
},
{
    "model": "results.speakerscore",
    "pk": 234,
    "fields": {
        "ballot_submission": 30,
        "debate_team": 59,
        "speaker": 28,
        "score": 76.0,
        "position": 2,
        "ghost": false
    }
},
{
    "model": "results.speakerscore",
    "pk": 235,
    "fields": {
        "ballot_submission": 30,
        "debate_team": 59,
        "speaker": 30,
        "score": 78.0,
        "position": 3,
        "ghost": false
    }
},
{
    "model": "results.speakerscore",
    "pk": 236,
    "fields": {
        "ballot_submission": 30,
        "debate_team": 59,
        "speaker": 29,
        "score": 39.0,
        "position": 4,
        "ghost": false
    }
},
{
    "model": "results.speakerscore",
    "pk": 237,
    "fields": {
        "ballot_submission": 30,
        "debate_team": 60,
        "speaker": 5,
        "score": 73.0,
        "position": 1,
        "ghost": false
    }
},
{
    "model": "results.speakerscore",
    "pk": 238,
    "fields": {
        "ballot_submission": 30,
        "debate_team": 60,
        "speaker": 4,
        "score": 73.0,
        "position": 2,
        "ghost": false
    }
},
{
    "model": "results.speakerscore",
    "pk": 239,
    "fields": {
        "ballot_submission": 30,
        "debate_team": 60,
        "speaker": 6,
        "score": 76.0,
        "position": 3,
        "ghost": false
    }
},
{
    "model": "results.speakerscore",
    "pk": 240,
    "fields": {
        "ballot_submission": 30,
        "debate_team": 60,
        "speaker": 5,
        "score": 37.0,
        "position": 4,
        "ghost": false
    }
},
{
    "model": "results.speakerscore",
    "pk": 241,
    "fields": {
        "ballot_submission": 31,
        "debate_team": 61,
        "speaker": 25,
        "score": 76.0,
        "position": 1,
        "ghost": false
    }
},
{
    "model": "results.speakerscore",
    "pk": 242,
    "fields": {
        "ballot_submission": 31,
        "debate_team": 61,
        "speaker": 27,
        "score": 74.0,
        "position": 2,
        "ghost": false
    }
},
{
    "model": "results.speakerscore",
    "pk": 243,
    "fields": {
        "ballot_submission": 31,
        "debate_team": 61,
        "speaker": 26,
        "score": 73.0,
        "position": 3,
        "ghost": false
    }
},
{
    "model": "results.speakerscore",
    "pk": 244,
    "fields": {
        "ballot_submission": 31,
        "debate_team": 61,
        "speaker": 25,
        "score": 37.5,
        "position": 4,
        "ghost": false
    }
},
{
    "model": "results.speakerscore",
    "pk": 245,
    "fields": {
        "ballot_submission": 31,
        "debate_team": 62,
        "speaker": 21,
        "score": 78.0,
        "position": 1,
        "ghost": false
    }
},
{
    "model": "results.speakerscore",
    "pk": 246,
    "fields": {
        "ballot_submission": 31,
        "debate_team": 62,
        "speaker": 20,
        "score": 77.0,
        "position": 2,
        "ghost": false
    }
},
{
    "model": "results.speakerscore",
    "pk": 247,
    "fields": {
        "ballot_submission": 31,
        "debate_team": 62,
        "speaker": 19,
        "score": 74.0,
        "position": 3,
        "ghost": false
    }
},
{
    "model": "results.speakerscore",
    "pk": 248,
    "fields": {
        "ballot_submission": 31,
        "debate_team": 62,
        "speaker": 21,
        "score": 37.0,
        "position": 4,
        "ghost": false
    }
},
{
    "model": "results.speakerscore",
    "pk": 249,
    "fields": {
        "ballot_submission": 32,
        "debate_team": 63,
        "speaker": 59,
        "score": 73.0,
        "position": 1,
        "ghost": false
    }
},
{
    "model": "results.speakerscore",
    "pk": 250,
    "fields": {
        "ballot_submission": 32,
        "debate_team": 63,
        "speaker": 58,
        "score": 75.0,
        "position": 2,
        "ghost": false
    }
},
{
    "model": "results.speakerscore",
    "pk": 251,
    "fields": {
        "ballot_submission": 32,
        "debate_team": 63,
        "speaker": 60,
        "score": 74.0,
        "position": 3,
        "ghost": false
    }
},
{
    "model": "results.speakerscore",
    "pk": 252,
    "fields": {
        "ballot_submission": 32,
        "debate_team": 63,
        "speaker": 59,
        "score": 36.5,
        "position": 4,
        "ghost": false
    }
},
{
    "model": "results.speakerscore",
    "pk": 253,
    "fields": {
        "ballot_submission": 32,
        "debate_team": 64,
        "speaker": 15,
        "score": 72.0,
        "position": 1,
        "ghost": false
    }
},
{
    "model": "results.speakerscore",
    "pk": 254,
    "fields": {
        "ballot_submission": 32,
        "debate_team": 64,
        "speaker": 13,
        "score": 72.0,
        "position": 2,
        "ghost": false
    }
},
{
    "model": "results.speakerscore",
    "pk": 255,
    "fields": {
        "ballot_submission": 32,
        "debate_team": 64,
        "speaker": 14,
        "score": 72.0,
        "position": 3,
        "ghost": false
    }
},
{
    "model": "results.speakerscore",
    "pk": 256,
    "fields": {
        "ballot_submission": 32,
        "debate_team": 64,
        "speaker": 15,
        "score": 37.0,
        "position": 4,
        "ghost": false
    }
},
{
    "model": "results.speakerscore",
    "pk": 257,
    "fields": {
        "ballot_submission": 33,
        "debate_team": 65,
        "speaker": 48,
        "score": 72.0,
        "position": 1,
        "ghost": false
    }
},
{
    "model": "results.speakerscore",
    "pk": 258,
    "fields": {
        "ballot_submission": 33,
        "debate_team": 65,
        "speaker": 46,
        "score": 74.0,
        "position": 2,
        "ghost": false
    }
},
{
    "model": "results.speakerscore",
    "pk": 259,
    "fields": {
        "ballot_submission": 33,
        "debate_team": 65,
        "speaker": 47,
        "score": 72.0,
        "position": 3,
        "ghost": false
    }
},
{
    "model": "results.speakerscore",
    "pk": 260,
    "fields": {
        "ballot_submission": 33,
        "debate_team": 65,
        "speaker": 48,
        "score": 37.5,
        "position": 4,
        "ghost": false
    }
},
{
    "model": "results.speakerscore",
    "pk": 261,
    "fields": {
        "ballot_submission": 33,
        "debate_team": 66,
        "speaker": 33,
        "score": 72.0,
        "position": 1,
        "ghost": false
    }
},
{
    "model": "results.speakerscore",
    "pk": 262,
    "fields": {
        "ballot_submission": 33,
        "debate_team": 66,
        "speaker": 31,
        "score": 75.0,
        "position": 2,
        "ghost": false
    }
},
{
    "model": "results.speakerscore",
    "pk": 263,
    "fields": {
        "ballot_submission": 33,
        "debate_team": 66,
        "speaker": 32,
        "score": 78.0,
        "position": 3,
        "ghost": false
    }
},
{
    "model": "results.speakerscore",
    "pk": 264,
    "fields": {
        "ballot_submission": 33,
        "debate_team": 66,
        "speaker": 33,
        "score": 37.0,
        "position": 4,
        "ghost": false
    }
},
{
    "model": "results.speakerscore",
    "pk": 265,
    "fields": {
        "ballot_submission": 34,
        "debate_team": 67,
        "speaker": 69,
        "score": 75.5,
        "position": 1,
        "ghost": false
    }
},
{
    "model": "results.speakerscore",
    "pk": 266,
    "fields": {
        "ballot_submission": 34,
        "debate_team": 67,
        "speaker": 68,
        "score": 76.5,
        "position": 2,
        "ghost": false
    }
},
{
    "model": "results.speakerscore",
    "pk": 267,
    "fields": {
        "ballot_submission": 34,
        "debate_team": 67,
        "speaker": 67,
        "score": 76.5,
        "position": 3,
        "ghost": false
    }
},
{
    "model": "results.speakerscore",
    "pk": 268,
    "fields": {
        "ballot_submission": 34,
        "debate_team": 67,
        "speaker": 69,
        "score": 38.25,
        "position": 4,
        "ghost": false
    }
},
{
    "model": "results.speakerscore",
    "pk": 269,
    "fields": {
        "ballot_submission": 34,
        "debate_team": 68,
        "speaker": 40,
        "score": 74.0,
        "position": 1,
        "ghost": false
    }
},
{
    "model": "results.speakerscore",
    "pk": 270,
    "fields": {
        "ballot_submission": 34,
        "debate_team": 68,
        "speaker": 41,
        "score": 74.0,
        "position": 2,
        "ghost": false
    }
},
{
    "model": "results.speakerscore",
    "pk": 271,
    "fields": {
        "ballot_submission": 34,
        "debate_team": 68,
        "speaker": 42,
        "score": 75.0,
        "position": 3,
        "ghost": false
    }
},
{
    "model": "results.speakerscore",
    "pk": 272,
    "fields": {
        "ballot_submission": 34,
        "debate_team": 68,
        "speaker": 40,
        "score": 36.0,
        "position": 4,
        "ghost": false
    }
},
{
    "model": "results.speakerscore",
    "pk": 273,
    "fields": {
        "ballot_submission": 35,
        "debate_team": 69,
        "speaker": 64,
        "score": 75.0,
        "position": 1,
        "ghost": false
    }
},
{
    "model": "results.speakerscore",
    "pk": 274,
    "fields": {
        "ballot_submission": 35,
        "debate_team": 69,
        "speaker": 66,
        "score": 76.5,
        "position": 2,
        "ghost": false
    }
},
{
    "model": "results.speakerscore",
    "pk": 275,
    "fields": {
        "ballot_submission": 35,
        "debate_team": 69,
        "speaker": 65,
        "score": 74.0,
        "position": 3,
        "ghost": false
    }
},
{
    "model": "results.speakerscore",
    "pk": 276,
    "fields": {
        "ballot_submission": 35,
        "debate_team": 69,
        "speaker": 64,
        "score": 36.0,
        "position": 4,
        "ghost": false
    }
},
{
    "model": "results.speakerscore",
    "pk": 277,
    "fields": {
        "ballot_submission": 35,
        "debate_team": 70,
        "speaker": 38,
        "score": 74.0,
        "position": 1,
        "ghost": false
    }
},
{
    "model": "results.speakerscore",
    "pk": 278,
    "fields": {
        "ballot_submission": 35,
        "debate_team": 70,
        "speaker": 37,
        "score": 74.0,
        "position": 2,
        "ghost": false
    }
},
{
    "model": "results.speakerscore",
    "pk": 279,
    "fields": {
        "ballot_submission": 35,
        "debate_team": 70,
        "speaker": 39,
        "score": 72.5,
        "position": 3,
        "ghost": false
    }
},
{
    "model": "results.speakerscore",
    "pk": 280,
    "fields": {
        "ballot_submission": 35,
        "debate_team": 70,
        "speaker": 38,
        "score": 36.75,
        "position": 4,
        "ghost": false
    }
},
{
    "model": "results.speakerscore",
    "pk": 281,
    "fields": {
        "ballot_submission": 36,
        "debate_team": 71,
        "speaker": 23,
        "score": 73.0,
        "position": 1,
        "ghost": false
    }
},
{
    "model": "results.speakerscore",
    "pk": 282,
    "fields": {
        "ballot_submission": 36,
        "debate_team": 71,
        "speaker": 24,
        "score": 75.0,
        "position": 2,
        "ghost": false
    }
},
{
    "model": "results.speakerscore",
    "pk": 283,
    "fields": {
        "ballot_submission": 36,
        "debate_team": 71,
        "speaker": 22,
        "score": 75.0,
        "position": 3,
        "ghost": false
    }
},
{
    "model": "results.speakerscore",
    "pk": 284,
    "fields": {
        "ballot_submission": 36,
        "debate_team": 71,
        "speaker": 23,
        "score": 38.0,
        "position": 4,
        "ghost": false
    }
},
{
    "model": "results.speakerscore",
    "pk": 285,
    "fields": {
        "ballot_submission": 36,
        "debate_team": 72,
        "speaker": 49,
        "score": 78.0,
        "position": 1,
        "ghost": false
    }
},
{
    "model": "results.speakerscore",
    "pk": 286,
    "fields": {
        "ballot_submission": 36,
        "debate_team": 72,
        "speaker": 50,
        "score": 75.0,
        "position": 2,
        "ghost": false
    }
},
{
    "model": "results.speakerscore",
    "pk": 287,
    "fields": {
        "ballot_submission": 36,
        "debate_team": 72,
        "speaker": 51,
        "score": 73.0,
        "position": 3,
        "ghost": false
    }
},
{
    "model": "results.speakerscore",
    "pk": 288,
    "fields": {
        "ballot_submission": 36,
        "debate_team": 72,
        "speaker": 49,
        "score": 36.5,
        "position": 4,
        "ghost": false
    }
},
{
    "model": "results.speakerscore",
    "pk": 289,
    "fields": {
        "ballot_submission": 37,
        "debate_team": 73,
        "speaker": 55,
        "score": 72.0,
        "position": 1,
        "ghost": false
    }
},
{
    "model": "results.speakerscore",
    "pk": 290,
    "fields": {
        "ballot_submission": 37,
        "debate_team": 73,
        "speaker": 57,
        "score": 73.0,
        "position": 2,
        "ghost": false
    }
},
{
    "model": "results.speakerscore",
    "pk": 291,
    "fields": {
        "ballot_submission": 37,
        "debate_team": 73,
        "speaker": 56,
        "score": 78.0,
        "position": 3,
        "ghost": false
    }
},
{
    "model": "results.speakerscore",
    "pk": 292,
    "fields": {
        "ballot_submission": 37,
        "debate_team": 73,
        "speaker": 55,
        "score": 36.0,
        "position": 4,
        "ghost": false
    }
},
{
    "model": "results.speakerscore",
    "pk": 293,
    "fields": {
        "ballot_submission": 37,
        "debate_team": 74,
        "speaker": 64,
        "score": 77.0,
        "position": 1,
        "ghost": false
    }
},
{
    "model": "results.speakerscore",
    "pk": 294,
    "fields": {
        "ballot_submission": 37,
        "debate_team": 74,
        "speaker": 66,
        "score": 74.0,
        "position": 2,
        "ghost": false
    }
},
{
    "model": "results.speakerscore",
    "pk": 295,
    "fields": {
        "ballot_submission": 37,
        "debate_team": 74,
        "speaker": 65,
        "score": 76.0,
        "position": 3,
        "ghost": false
    }
},
{
    "model": "results.speakerscore",
    "pk": 296,
    "fields": {
        "ballot_submission": 37,
        "debate_team": 74,
        "speaker": 64,
        "score": 37.5,
        "position": 4,
        "ghost": false
    }
},
{
    "model": "results.speakerscore",
    "pk": 297,
    "fields": {
        "ballot_submission": 38,
        "debate_team": 75,
        "speaker": 33,
        "score": 74.0,
        "position": 1,
        "ghost": false
    }
},
{
    "model": "results.speakerscore",
    "pk": 298,
    "fields": {
        "ballot_submission": 38,
        "debate_team": 75,
        "speaker": 31,
        "score": 72.0,
        "position": 2,
        "ghost": false
    }
},
{
    "model": "results.speakerscore",
    "pk": 299,
    "fields": {
        "ballot_submission": 38,
        "debate_team": 75,
        "speaker": 32,
        "score": 73.0,
        "position": 3,
        "ghost": false
    }
},
{
    "model": "results.speakerscore",
    "pk": 300,
    "fields": {
        "ballot_submission": 38,
        "debate_team": 75,
        "speaker": 33,
        "score": 39.0,
        "position": 4,
        "ghost": false
    }
},
{
    "model": "results.speakerscore",
    "pk": 301,
    "fields": {
        "ballot_submission": 38,
        "debate_team": 76,
        "speaker": 21,
        "score": 72.0,
        "position": 1,
        "ghost": false
    }
},
{
    "model": "results.speakerscore",
    "pk": 302,
    "fields": {
        "ballot_submission": 38,
        "debate_team": 76,
        "speaker": 20,
        "score": 75.0,
        "position": 2,
        "ghost": false
    }
},
{
    "model": "results.speakerscore",
    "pk": 303,
    "fields": {
        "ballot_submission": 38,
        "debate_team": 76,
        "speaker": 19,
        "score": 76.0,
        "position": 3,
        "ghost": false
    }
},
{
    "model": "results.speakerscore",
    "pk": 304,
    "fields": {
        "ballot_submission": 38,
        "debate_team": 76,
        "speaker": 21,
        "score": 39.0,
        "position": 4,
        "ghost": false
    }
},
{
    "model": "results.speakerscore",
    "pk": 305,
    "fields": {
        "ballot_submission": 39,
        "debate_team": 77,
        "speaker": 23,
        "score": 73.6666666666667,
        "position": 1,
        "ghost": false
    }
},
{
    "model": "results.speakerscore",
    "pk": 306,
    "fields": {
        "ballot_submission": 39,
        "debate_team": 77,
        "speaker": 24,
        "score": 73.3333333333333,
        "position": 2,
        "ghost": false
    }
},
{
    "model": "results.speakerscore",
    "pk": 307,
    "fields": {
        "ballot_submission": 39,
        "debate_team": 77,
        "speaker": 22,
        "score": 73.3333333333333,
        "position": 3,
        "ghost": false
    }
},
{
    "model": "results.speakerscore",
    "pk": 308,
    "fields": {
        "ballot_submission": 39,
        "debate_team": 77,
        "speaker": 23,
        "score": 36.1666666666667,
        "position": 4,
        "ghost": false
    }
},
{
    "model": "results.speakerscore",
    "pk": 309,
    "fields": {
        "ballot_submission": 39,
        "debate_team": 78,
        "speaker": 15,
        "score": 77.0,
        "position": 1,
        "ghost": false
    }
},
{
    "model": "results.speakerscore",
    "pk": 310,
    "fields": {
        "ballot_submission": 39,
        "debate_team": 78,
        "speaker": 13,
        "score": 76.0,
        "position": 2,
        "ghost": false
    }
},
{
    "model": "results.speakerscore",
    "pk": 311,
    "fields": {
        "ballot_submission": 39,
        "debate_team": 78,
        "speaker": 14,
        "score": 73.0,
        "position": 3,
        "ghost": false
    }
},
{
    "model": "results.speakerscore",
    "pk": 312,
    "fields": {
        "ballot_submission": 39,
        "debate_team": 78,
        "speaker": 15,
        "score": 36.5,
        "position": 4,
        "ghost": false
    }
},
{
    "model": "results.speakerscore",
    "pk": 313,
    "fields": {
        "ballot_submission": 40,
        "debate_team": 79,
        "speaker": 7,
        "score": 75.6666666666667,
        "position": 1,
        "ghost": false
    }
},
{
    "model": "results.speakerscore",
    "pk": 314,
    "fields": {
        "ballot_submission": 40,
        "debate_team": 79,
        "speaker": 8,
        "score": 73.3333333333333,
        "position": 2,
        "ghost": false
    }
},
{
    "model": "results.speakerscore",
    "pk": 315,
    "fields": {
        "ballot_submission": 40,
        "debate_team": 79,
        "speaker": 9,
        "score": 75.3333333333333,
        "position": 3,
        "ghost": false
    }
},
{
    "model": "results.speakerscore",
    "pk": 316,
    "fields": {
        "ballot_submission": 40,
        "debate_team": 79,
        "speaker": 7,
        "score": 37.5,
        "position": 4,
        "ghost": false
    }
},
{
    "model": "results.speakerscore",
    "pk": 317,
    "fields": {
        "ballot_submission": 40,
        "debate_team": 80,
        "speaker": 69,
        "score": 76.6666666666667,
        "position": 1,
        "ghost": false
    }
},
{
    "model": "results.speakerscore",
    "pk": 318,
    "fields": {
        "ballot_submission": 40,
        "debate_team": 80,
        "speaker": 68,
        "score": 74.3333333333333,
        "position": 2,
        "ghost": false
    }
},
{
    "model": "results.speakerscore",
    "pk": 319,
    "fields": {
        "ballot_submission": 40,
        "debate_team": 80,
        "speaker": 67,
        "score": 75.0,
        "position": 3,
        "ghost": false
    }
},
{
    "model": "results.speakerscore",
    "pk": 320,
    "fields": {
        "ballot_submission": 40,
        "debate_team": 80,
        "speaker": 69,
        "score": 38.1666666666667,
        "position": 4,
        "ghost": false
    }
},
{
    "model": "results.speakerscore",
    "pk": 321,
    "fields": {
        "ballot_submission": 41,
        "debate_team": 81,
        "speaker": 61,
        "score": 74.0,
        "position": 1,
        "ghost": false
    }
},
{
    "model": "results.speakerscore",
    "pk": 322,
    "fields": {
        "ballot_submission": 41,
        "debate_team": 81,
        "speaker": 63,
        "score": 73.5,
        "position": 2,
        "ghost": false
    }
},
{
    "model": "results.speakerscore",
    "pk": 323,
    "fields": {
        "ballot_submission": 41,
        "debate_team": 81,
        "speaker": 62,
        "score": 77.0,
        "position": 3,
        "ghost": false
    }
},
{
    "model": "results.speakerscore",
    "pk": 324,
    "fields": {
        "ballot_submission": 41,
        "debate_team": 81,
        "speaker": 61,
        "score": 37.75,
        "position": 4,
        "ghost": false
    }
},
{
    "model": "results.speakerscore",
    "pk": 325,
    "fields": {
        "ballot_submission": 41,
        "debate_team": 82,
        "speaker": 45,
        "score": 77.0,
        "position": 1,
        "ghost": false
    }
},
{
    "model": "results.speakerscore",
    "pk": 326,
    "fields": {
        "ballot_submission": 41,
        "debate_team": 82,
        "speaker": 44,
        "score": 77.0,
        "position": 2,
        "ghost": false
    }
},
{
    "model": "results.speakerscore",
    "pk": 327,
    "fields": {
        "ballot_submission": 41,
        "debate_team": 82,
        "speaker": 43,
        "score": 74.0,
        "position": 3,
        "ghost": false
    }
},
{
    "model": "results.speakerscore",
    "pk": 328,
    "fields": {
        "ballot_submission": 41,
        "debate_team": 82,
        "speaker": 45,
        "score": 38.5,
        "position": 4,
        "ghost": false
    }
},
{
    "model": "results.speakerscore",
    "pk": 329,
    "fields": {
        "ballot_submission": 42,
        "debate_team": 83,
        "speaker": 38,
        "score": 74.6666666666667,
        "position": 1,
        "ghost": false
    }
},
{
    "model": "results.speakerscore",
    "pk": 330,
    "fields": {
        "ballot_submission": 42,
        "debate_team": 83,
        "speaker": 37,
        "score": 77.0,
        "position": 2,
        "ghost": false
    }
},
{
    "model": "results.speakerscore",
    "pk": 331,
    "fields": {
        "ballot_submission": 42,
        "debate_team": 83,
        "speaker": 39,
        "score": 75.3333333333333,
        "position": 3,
        "ghost": false
    }
},
{
    "model": "results.speakerscore",
    "pk": 332,
    "fields": {
        "ballot_submission": 42,
        "debate_team": 83,
        "speaker": 38,
        "score": 37.6666666666667,
        "position": 4,
        "ghost": false
    }
},
{
    "model": "results.speakerscore",
    "pk": 333,
    "fields": {
        "ballot_submission": 42,
        "debate_team": 84,
        "speaker": 40,
        "score": 76.3333333333333,
        "position": 1,
        "ghost": false
    }
},
{
    "model": "results.speakerscore",
    "pk": 334,
    "fields": {
        "ballot_submission": 42,
        "debate_team": 84,
        "speaker": 41,
        "score": 74.3333333333333,
        "position": 2,
        "ghost": false
    }
},
{
    "model": "results.speakerscore",
    "pk": 335,
    "fields": {
        "ballot_submission": 42,
        "debate_team": 84,
        "speaker": 42,
        "score": 73.6666666666667,
        "position": 3,
        "ghost": false
    }
},
{
    "model": "results.speakerscore",
    "pk": 336,
    "fields": {
        "ballot_submission": 42,
        "debate_team": 84,
        "speaker": 40,
        "score": 37.1666666666667,
        "position": 4,
        "ghost": false
    }
},
{
    "model": "results.speakerscore",
    "pk": 337,
    "fields": {
        "ballot_submission": 43,
        "debate_team": 85,
        "speaker": 5,
        "score": 75.0,
        "position": 1,
        "ghost": false
    }
},
{
    "model": "results.speakerscore",
    "pk": 338,
    "fields": {
        "ballot_submission": 43,
        "debate_team": 85,
        "speaker": 4,
        "score": 76.3333333333333,
        "position": 2,
        "ghost": false
    }
},
{
    "model": "results.speakerscore",
    "pk": 339,
    "fields": {
        "ballot_submission": 43,
        "debate_team": 85,
        "speaker": 6,
        "score": 72.3333333333333,
        "position": 3,
        "ghost": false
    }
},
{
    "model": "results.speakerscore",
    "pk": 340,
    "fields": {
        "ballot_submission": 43,
        "debate_team": 85,
        "speaker": 5,
        "score": 36.8333333333333,
        "position": 4,
        "ghost": false
    }
},
{
    "model": "results.speakerscore",
    "pk": 341,
    "fields": {
        "ballot_submission": 43,
        "debate_team": 86,
        "speaker": 72,
        "score": 76.6666666666667,
        "position": 1,
        "ghost": false
    }
},
{
    "model": "results.speakerscore",
    "pk": 342,
    "fields": {
        "ballot_submission": 43,
        "debate_team": 86,
        "speaker": 71,
        "score": 75.6666666666667,
        "position": 2,
        "ghost": false
    }
},
{
    "model": "results.speakerscore",
    "pk": 343,
    "fields": {
        "ballot_submission": 43,
        "debate_team": 86,
        "speaker": 70,
        "score": 76.0,
        "position": 3,
        "ghost": false
    }
},
{
    "model": "results.speakerscore",
    "pk": 344,
    "fields": {
        "ballot_submission": 43,
        "debate_team": 86,
        "speaker": 72,
        "score": 38.0,
        "position": 4,
        "ghost": false
    }
},
{
    "model": "results.speakerscore",
    "pk": 345,
    "fields": {
        "ballot_submission": 44,
        "debate_team": 87,
        "speaker": 34,
        "score": 77.0,
        "position": 1,
        "ghost": false
    }
},
{
    "model": "results.speakerscore",
    "pk": 346,
    "fields": {
        "ballot_submission": 44,
        "debate_team": 87,
        "speaker": 35,
        "score": 77.0,
        "position": 2,
        "ghost": false
    }
},
{
    "model": "results.speakerscore",
    "pk": 347,
    "fields": {
        "ballot_submission": 44,
        "debate_team": 87,
        "speaker": 36,
        "score": 75.0,
        "position": 3,
        "ghost": false
    }
},
{
    "model": "results.speakerscore",
    "pk": 348,
    "fields": {
        "ballot_submission": 44,
        "debate_team": 87,
        "speaker": 34,
        "score": 38.5,
        "position": 4,
        "ghost": false
    }
},
{
    "model": "results.speakerscore",
    "pk": 349,
    "fields": {
        "ballot_submission": 44,
        "debate_team": 88,
        "speaker": 25,
        "score": 72.0,
        "position": 1,
        "ghost": false
    }
},
{
    "model": "results.speakerscore",
    "pk": 350,
    "fields": {
        "ballot_submission": 44,
        "debate_team": 88,
        "speaker": 27,
        "score": 73.0,
        "position": 2,
        "ghost": false
    }
},
{
    "model": "results.speakerscore",
    "pk": 351,
    "fields": {
        "ballot_submission": 44,
        "debate_team": 88,
        "speaker": 26,
        "score": 76.0,
        "position": 3,
        "ghost": false
    }
},
{
    "model": "results.speakerscore",
    "pk": 352,
    "fields": {
        "ballot_submission": 44,
        "debate_team": 88,
        "speaker": 25,
        "score": 36.5,
        "position": 4,
        "ghost": false
    }
},
{
    "model": "results.speakerscore",
    "pk": 353,
    "fields": {
        "ballot_submission": 45,
        "debate_team": 89,
        "speaker": 48,
        "score": 75.0,
        "position": 1,
        "ghost": false
    }
},
{
    "model": "results.speakerscore",
    "pk": 354,
    "fields": {
        "ballot_submission": 45,
        "debate_team": 89,
        "speaker": 46,
        "score": 75.0,
        "position": 2,
        "ghost": false
    }
},
{
    "model": "results.speakerscore",
    "pk": 355,
    "fields": {
        "ballot_submission": 45,
        "debate_team": 89,
        "speaker": 47,
        "score": 75.0,
        "position": 3,
        "ghost": false
    }
},
{
    "model": "results.speakerscore",
    "pk": 356,
    "fields": {
        "ballot_submission": 45,
        "debate_team": 89,
        "speaker": 48,
        "score": 37.5,
        "position": 4,
        "ghost": false
    }
},
{
    "model": "results.speakerscore",
    "pk": 357,
    "fields": {
        "ballot_submission": 45,
        "debate_team": 90,
        "speaker": 1,
        "score": 74.0,
        "position": 1,
        "ghost": false
    }
},
{
    "model": "results.speakerscore",
    "pk": 358,
    "fields": {
        "ballot_submission": 45,
        "debate_team": 90,
        "speaker": 3,
        "score": 75.0,
        "position": 2,
        "ghost": false
    }
},
{
    "model": "results.speakerscore",
    "pk": 359,
    "fields": {
        "ballot_submission": 45,
        "debate_team": 90,
        "speaker": 2,
        "score": 77.0,
        "position": 3,
        "ghost": false
    }
},
{
    "model": "results.speakerscore",
    "pk": 360,
    "fields": {
        "ballot_submission": 45,
        "debate_team": 90,
        "speaker": 1,
        "score": 37.5,
        "position": 4,
        "ghost": false
    }
},
{
    "model": "results.speakerscore",
    "pk": 361,
    "fields": {
        "ballot_submission": 46,
        "debate_team": 91,
        "speaker": 10,
        "score": 78.0,
        "position": 1,
        "ghost": false
    }
},
{
    "model": "results.speakerscore",
    "pk": 362,
    "fields": {
        "ballot_submission": 46,
        "debate_team": 91,
        "speaker": 11,
        "score": 75.0,
        "position": 2,
        "ghost": false
    }
},
{
    "model": "results.speakerscore",
    "pk": 363,
    "fields": {
        "ballot_submission": 46,
        "debate_team": 91,
        "speaker": 12,
        "score": 77.0,
        "position": 3,
        "ghost": false
    }
},
{
    "model": "results.speakerscore",
    "pk": 364,
    "fields": {
        "ballot_submission": 46,
        "debate_team": 91,
        "speaker": 10,
        "score": 38.0,
        "position": 4,
        "ghost": false
    }
},
{
    "model": "results.speakerscore",
    "pk": 365,
    "fields": {
        "ballot_submission": 46,
        "debate_team": 92,
        "speaker": 54,
        "score": 76.0,
        "position": 1,
        "ghost": false
    }
},
{
    "model": "results.speakerscore",
    "pk": 366,
    "fields": {
        "ballot_submission": 46,
        "debate_team": 92,
        "speaker": 53,
        "score": 78.0,
        "position": 2,
        "ghost": false
    }
},
{
    "model": "results.speakerscore",
    "pk": 367,
    "fields": {
        "ballot_submission": 46,
        "debate_team": 92,
        "speaker": 52,
        "score": 77.0,
        "position": 3,
        "ghost": false
    }
},
{
    "model": "results.speakerscore",
    "pk": 368,
    "fields": {
        "ballot_submission": 46,
        "debate_team": 92,
        "speaker": 54,
        "score": 38.0,
        "position": 4,
        "ghost": false
    }
},
{
    "model": "results.speakerscore",
    "pk": 369,
    "fields": {
        "ballot_submission": 47,
        "debate_team": 93,
        "speaker": 17,
        "score": 76.0,
        "position": 1,
        "ghost": false
    }
},
{
    "model": "results.speakerscore",
    "pk": 370,
    "fields": {
        "ballot_submission": 47,
        "debate_team": 93,
        "speaker": 16,
        "score": 73.0,
        "position": 2,
        "ghost": false
    }
},
{
    "model": "results.speakerscore",
    "pk": 371,
    "fields": {
        "ballot_submission": 47,
        "debate_team": 93,
        "speaker": 18,
        "score": 72.0,
        "position": 3,
        "ghost": false
    }
},
{
    "model": "results.speakerscore",
    "pk": 372,
    "fields": {
        "ballot_submission": 47,
        "debate_team": 93,
        "speaker": 17,
        "score": 37.5,
        "position": 4,
        "ghost": false
    }
},
{
    "model": "results.speakerscore",
    "pk": 373,
    "fields": {
        "ballot_submission": 47,
        "debate_team": 94,
        "speaker": 59,
        "score": 76.0,
        "position": 1,
        "ghost": false
    }
},
{
    "model": "results.speakerscore",
    "pk": 374,
    "fields": {
        "ballot_submission": 47,
        "debate_team": 94,
        "speaker": 58,
        "score": 76.0,
        "position": 2,
        "ghost": false
    }
},
{
    "model": "results.speakerscore",
    "pk": 375,
    "fields": {
        "ballot_submission": 47,
        "debate_team": 94,
        "speaker": 60,
        "score": 76.0,
        "position": 3,
        "ghost": false
    }
},
{
    "model": "results.speakerscore",
    "pk": 376,
    "fields": {
        "ballot_submission": 47,
        "debate_team": 94,
        "speaker": 59,
        "score": 38.0,
        "position": 4,
        "ghost": false
    }
},
{
    "model": "results.speakerscore",
    "pk": 377,
    "fields": {
        "ballot_submission": 48,
        "debate_team": 95,
        "speaker": 49,
        "score": 77.0,
        "position": 1,
        "ghost": false
    }
},
{
    "model": "results.speakerscore",
    "pk": 378,
    "fields": {
        "ballot_submission": 48,
        "debate_team": 95,
        "speaker": 50,
        "score": 78.0,
        "position": 2,
        "ghost": false
    }
},
{
    "model": "results.speakerscore",
    "pk": 379,
    "fields": {
        "ballot_submission": 48,
        "debate_team": 95,
        "speaker": 51,
        "score": 74.0,
        "position": 3,
        "ghost": false
    }
},
{
    "model": "results.speakerscore",
    "pk": 380,
    "fields": {
        "ballot_submission": 48,
        "debate_team": 95,
        "speaker": 49,
        "score": 37.5,
        "position": 4,
        "ghost": false
    }
},
{
    "model": "results.speakerscore",
    "pk": 381,
    "fields": {
        "ballot_submission": 48,
        "debate_team": 96,
        "speaker": 29,
        "score": 74.0,
        "position": 1,
        "ghost": false
    }
},
{
    "model": "results.speakerscore",
    "pk": 382,
    "fields": {
        "ballot_submission": 48,
        "debate_team": 96,
        "speaker": 28,
        "score": 74.0,
        "position": 2,
        "ghost": false
    }
},
{
    "model": "results.speakerscore",
    "pk": 383,
    "fields": {
        "ballot_submission": 48,
        "debate_team": 96,
        "speaker": 30,
        "score": 72.0,
        "position": 3,
        "ghost": false
    }
},
{
    "model": "results.speakerscore",
    "pk": 384,
    "fields": {
        "ballot_submission": 48,
        "debate_team": 96,
        "speaker": 29,
        "score": 38.5,
        "position": 4,
        "ghost": false
    }
},
{
    "model": "tournaments.tournament",
    "pk": 1,
    "fields": {
        "name": "demo",
        "short_name": "demo",
        "seq": null,
        "slug": "demo",
        "active": true
    }
},
{
    "model": "tournaments.round",
    "pk": 1,
    "fields": {
        "tournament": 1,
        "seq": 1,
        "completed": true,
        "name": "Round 1",
        "abbreviation": "R1",
        "stage": "P",
        "draw_type": "R",
        "break_category": null,
        "draw_status": "R",
        "feedback_weight": 0.7,
        "silent": false,
        "motions_released": false,
        "starts_at": null
    }
},
{
    "model": "tournaments.round",
    "pk": 2,
    "fields": {
        "tournament": 1,
        "seq": 2,
        "completed": true,
        "name": "Round 2",
        "abbreviation": "R2",
        "stage": "P",
        "draw_type": "P",
        "break_category": null,
        "draw_status": "R",
        "feedback_weight": 0.7,
        "silent": false,
        "motions_released": false,
        "starts_at": null
    }
},
{
    "model": "tournaments.round",
    "pk": 3,
    "fields": {
        "tournament": 1,
        "seq": 3,
        "completed": true,
        "name": "Round 3",
        "abbreviation": "R3",
        "stage": "P",
        "draw_type": "P",
        "break_category": null,
        "draw_status": "C",
        "feedback_weight": 0.7,
        "silent": false,
        "motions_released": false,
        "starts_at": null
    }
},
{
    "model": "tournaments.round",
    "pk": 4,
    "fields": {
        "tournament": 1,
        "seq": 4,
        "completed": false,
        "name": "Round 4",
        "abbreviation": "R4",
        "stage": "P",
        "draw_type": "P",
        "break_category": null,
        "draw_status": "C",
        "feedback_weight": 0.7,
        "silent": false,
        "motions_released": false,
        "starts_at": null
    }
},
{
    "model": "tournaments.round",
    "pk": 5,
    "fields": {
        "tournament": 1,
        "seq": 5,
        "completed": false,
        "name": "Open Quarterfinal",
        "abbreviation": "OQF",
        "stage": "E",
        "draw_type": "E",
        "break_category": 1,
        "draw_status": "C",
        "feedback_weight": 0.7,
        "silent": true,
        "motions_released": false,
        "starts_at": null
    }
},
{
    "model": "tournaments.round",
    "pk": 6,
    "fields": {
        "tournament": 1,
        "seq": 6,
        "completed": false,
        "name": "ESL Semifinal",
        "abbreviation": "SSF",
        "stage": "E",
        "draw_type": "E",
        "break_category": 2,
        "draw_status": "C",
        "feedback_weight": 0.7,
        "silent": true,
        "motions_released": false,
        "starts_at": null
    }
},
{
    "model": "tournaments.round",
    "pk": 7,
    "fields": {
        "tournament": 1,
        "seq": 7,
        "completed": false,
        "name": "Open Semifinal",
        "abbreviation": "OSF",
        "stage": "E",
        "draw_type": "E",
        "break_category": 1,
        "draw_status": "N",
        "feedback_weight": 0.7,
        "silent": true,
        "motions_released": false,
        "starts_at": null
    }
},
{
    "model": "tournaments.round",
    "pk": 8,
    "fields": {
        "tournament": 1,
        "seq": 8,
        "completed": false,
        "name": "ESL Grand Final",
        "abbreviation": "SGF",
        "stage": "E",
        "draw_type": "E",
        "break_category": 2,
        "draw_status": "N",
        "feedback_weight": 0.7,
        "silent": true,
        "motions_released": false,
        "starts_at": null
    }
},
{
    "model": "tournaments.round",
    "pk": 9,
    "fields": {
        "tournament": 1,
        "seq": 9,
        "completed": false,
        "name": "Novice Grand Final",
        "abbreviation": "NGF",
        "stage": "E",
        "draw_type": "E",
        "break_category": 3,
        "draw_status": "N",
        "feedback_weight": 0.7,
        "silent": true,
        "motions_released": false,
        "starts_at": null
    }
},
{
    "model": "tournaments.round",
    "pk": 10,
    "fields": {
        "tournament": 1,
        "seq": 10,
        "completed": false,
        "name": "Open Grand Final",
        "abbreviation": "OGF",
        "stage": "E",
        "draw_type": "E",
        "break_category": 1,
        "draw_status": "N",
        "feedback_weight": 0.7,
        "silent": true,
        "motions_released": false,
        "starts_at": null
    }
},
{
    "model": "venues.venue",
    "pk": 1,
    "fields": {
        "name": "M04",
        "priority": 10,
        "tournament": 1,
        "url": ""
    }
},
{
    "model": "venues.venue",
    "pk": 2,
    "fields": {
        "name": "M05",
        "priority": 10,
        "tournament": null,
        "url": ""
    }
},
{
    "model": "venues.venue",
    "pk": 3,
    "fields": {
        "name": "M10",
        "priority": 10,
        "tournament": 1,
        "url": ""
    }
},
{
    "model": "venues.venue",
    "pk": 4,
    "fields": {
        "name": "M11",
        "priority": 10,
        "tournament": 1,
        "url": ""
    }
},
{
    "model": "venues.venue",
    "pk": 5,
    "fields": {
        "name": "G01",
        "priority": 10,
        "tournament": 1,
        "url": ""
    }
},
{
    "model": "venues.venue",
    "pk": 6,
    "fields": {
        "name": "G02",
        "priority": 10,
        "tournament": 1,
        "url": ""
    }
},
{
    "model": "venues.venue",
    "pk": 7,
    "fields": {
        "name": "G03",
        "priority": 10,
        "tournament": 1,
        "url": ""
    }
},
{
    "model": "venues.venue",
    "pk": 8,
    "fields": {
        "name": "G04",
        "priority": 10,
        "tournament": 1,
        "url": ""
    }
},
{
    "model": "venues.venue",
    "pk": 9,
    "fields": {
        "name": "G05",
        "priority": 10,
        "tournament": 1,
        "url": ""
    }
},
{
    "model": "venues.venue",
    "pk": 10,
    "fields": {
        "name": "G06",
        "priority": 10,
        "tournament": 1,
        "url": ""
    }
},
{
    "model": "venues.venue",
    "pk": 11,
    "fields": {
        "name": "G07",
        "priority": 10,
        "tournament": 1,
        "url": ""
    }
},
{
    "model": "venues.venue",
    "pk": 12,
    "fields": {
        "name": "G08",
        "priority": 10,
        "tournament": 1,
        "url": ""
    }
},
{
    "model": "venues.venue",
    "pk": 13,
    "fields": {
        "name": "K03",
        "priority": 20,
        "tournament": 1,
        "url": ""
    }
},
{
    "model": "venues.venue",
    "pk": 14,
    "fields": {
        "name": "K04",
        "priority": 20,
        "tournament": 1,
        "url": ""
    }
},
{
    "model": "venues.venue",
    "pk": 15,
    "fields": {
        "name": "K05",
        "priority": 20,
        "tournament": 1,
        "url": ""
    }
},
{
    "model": "venues.venue",
    "pk": 16,
    "fields": {
        "name": "K06",
        "priority": 20,
        "tournament": 1,
        "url": ""
    }
},
{
    "model": "venues.venue",
    "pk": 17,
    "fields": {
        "name": "K08",
        "priority": 20,
        "tournament": 1,
        "url": ""
    }
},
{
    "model": "venues.venue",
    "pk": 18,
    "fields": {
        "name": "P01",
        "priority": 30,
        "tournament": 1,
        "url": ""
    }
},
{
    "model": "venues.venue",
    "pk": 19,
    "fields": {
        "name": "P03",
        "priority": 30,
        "tournament": 1,
        "url": ""
    }
},
{
    "model": "venues.venue",
    "pk": 20,
    "fields": {
        "name": "P05",
        "priority": 30,
        "tournament": 1,
        "url": ""
    }
},
{
    "model": "venues.venue",
    "pk": 21,
    "fields": {
        "name": "P07",
        "priority": 30,
        "tournament": 1,
        "url": ""
    }
},
{
    "model": "venues.venue",
    "pk": 22,
    "fields": {
        "name": "Z09",
        "priority": 40,
        "tournament": 1,
        "url": ""
    }
},
{
    "model": "venues.venue",
    "pk": 23,
    "fields": {
        "name": "Z10",
        "priority": 40,
        "tournament": 1,
        "url": ""
    }
},
{
    "model": "venues.venue",
    "pk": 24,
    "fields": {
        "name": "Shared 140",
        "priority": 200,
        "tournament": 1,
        "url": ""
    }
},
{
    "model": "venues.venue",
    "pk": 25,
    "fields": {
        "name": "Shared 2.9.0",
        "priority": 100,
        "tournament": 1,
        "url": ""
    }
},
{
    "model": "venues.venue",
    "pk": 26,
    "fields": {
        "name": "Black 11G",
        "priority": 50,
        "tournament": 1,
        "url": ""
    }
},
{
    "model": "venues.venue",
    "pk": 27,
    "fields": {
        "name": "Test",
        "priority": 55,
        "tournament": 1,
        "url": ""
    }
},
{
    "model": "venues.venue",
    "pk": 28,
    "fields": {
        "name": "Test2SSS",
        "priority": 155,
        "tournament": null,
        "url": ""
    }
},
{
    "model": "venues.venue",
    "pk": 29,
    "fields": {
        "name": "Test3SSS",
        "priority": 200,
        "tournament": null,
        "url": ""
    }
},
{
    "model": "venues.venuecategory",
    "pk": 1,
    "fields": {
        "name": "1",
        "description": "1",
        "tournament": null,
        "display_in_venue_name": "P",
        "display_in_public_tooltip": false,
        "venues": [
            2,
            3,
            4
        ]
    }
},
{
    "model": "venues.venuecategory",
    "pk": 2,
    "fields": {
        "name": "2",
        "description": "2",
        "tournament": null,
        "display_in_venue_name": "P",
        "display_in_public_tooltip": false,
        "venues": [
            5,
            6,
            7
        ]
    }
},
{
    "model": "venues.venuecategory",
    "pk": 3,
    "fields": {
        "name": "3",
        "description": "3",
        "tournament": null,
        "display_in_venue_name": "P",
        "display_in_public_tooltip": false,
        "venues": [
            8,
            9,
            10,
            12
        ]
    }
},
{
    "model": "venues.venuecategory",
    "pk": 4,
    "fields": {
        "name": "4",
        "description": "4",
        "tournament": null,
        "display_in_venue_name": "P",
        "display_in_public_tooltip": false,
        "venues": [
            13,
            14,
            15,
            17
        ]
    }
},
{
    "model": "venues.venuecategory",
    "pk": 5,
    "fields": {
        "name": "5",
        "description": "5",
        "tournament": null,
        "display_in_venue_name": "P",
        "display_in_public_tooltip": false,
        "venues": [
            18,
            19
        ]
    }
},
{
    "model": "venues.venuecategory",
    "pk": 6,
    "fields": {
        "name": "6",
        "description": "6",
        "tournament": null,
        "display_in_venue_name": "P",
        "display_in_public_tooltip": false,
        "venues": [
            20,
            21
        ]
    }
},
{
    "model": "venues.venuecategory",
    "pk": 7,
    "fields": {
        "name": "7",
        "description": "7",
        "tournament": null,
        "display_in_venue_name": "P",
        "display_in_public_tooltip": false,
        "venues": [
            22
        ]
    }
},
{
    "model": "dynamic_preferences.globalpreferencemodel",
    "pk": 1,
    "fields": {
        "section": "global",
        "name": "enable_api",
        "raw_value": "True"
    }
}
]
