[{"model": "auth.permission", "fields": {"name": "Can add bookmark", "content_type": ["jet", "bookmark"], "codename": "add_bookmark"}}, {"model": "auth.permission", "fields": {"name": "Can change bookmark", "content_type": ["jet", "bookmark"], "codename": "change_bookmark"}}, {"model": "auth.permission", "fields": {"name": "Can delete bookmark", "content_type": ["jet", "bookmark"], "codename": "delete_bookmark"}}, {"model": "auth.permission", "fields": {"name": "Can add pinned application", "content_type": ["jet", "pinnedapplication"], "codename": "add_pinnedapplication"}}, {"model": "auth.permission", "fields": {"name": "Can change pinned application", "content_type": ["jet", "pinnedapplication"], "codename": "change_pinnedapplication"}}, {"model": "auth.permission", "fields": {"name": "Can delete pinned application", "content_type": ["jet", "pinnedapplication"], "codename": "delete_pinnedapplication"}}, {"model": "auth.permission", "fields": {"name": "Can add log entry", "content_type": ["admin", "logentry"], "codename": "add_logentry"}}, {"model": "auth.permission", "fields": {"name": "Can change log entry", "content_type": ["admin", "logentry"], "codename": "change_logentry"}}, {"model": "auth.permission", "fields": {"name": "Can delete log entry", "content_type": ["admin", "logentry"], "codename": "delete_logentry"}}, {"model": "auth.permission", "fields": {"name": "Can add permission", "content_type": ["auth", "permission"], "codename": "add_permission"}}, {"model": "auth.permission", "fields": {"name": "Can change permission", "content_type": ["auth", "permission"], "codename": "change_permission"}}, {"model": "auth.permission", "fields": {"name": "Can delete permission", "content_type": ["auth", "permission"], "codename": "delete_permission"}}, {"model": "auth.permission", "fields": {"name": "Can add user", "content_type": ["auth", "user"], "codename": "add_user"}}, {"model": "auth.permission", "fields": {"name": "Can change user", "content_type": ["auth", "user"], "codename": "change_user"}}, {"model": "auth.permission", "fields": {"name": "Can delete user", "content_type": ["auth", "user"], "codename": "delete_user"}}, {"model": "auth.permission", "fields": {"name": "Can add group", "content_type": ["auth", "group"], "codename": "add_group"}}, {"model": "auth.permission", "fields": {"name": "Can change group", "content_type": ["auth", "group"], "codename": "change_group"}}, {"model": "auth.permission", "fields": {"name": "Can delete group", "content_type": ["auth", "group"], "codename": "delete_group"}}, {"model": "auth.permission", "fields": {"name": "Can add content type", "content_type": ["contenttypes", "contenttype"], "codename": "add_contenttype"}}, {"model": "auth.permission", "fields": {"name": "Can change content type", "content_type": ["contenttypes", "contenttype"], "codename": "change_contenttype"}}, {"model": "auth.permission", "fields": {"name": "Can delete content type", "content_type": ["contenttypes", "contenttype"], "codename": "delete_contenttype"}}, {"model": "auth.permission", "fields": {"name": "Can add session", "content_type": ["sessions", "session"], "codename": "add_session"}}, {"model": "auth.permission", "fields": {"name": "Can change session", "content_type": ["sessions", "session"], "codename": "change_session"}}, {"model": "auth.permission", "fields": {"name": "Can delete session", "content_type": ["sessions", "session"], "codename": "delete_session"}}, {"model": "auth.permission", "fields": {"name": "Can add action log entry", "content_type": ["actionlog", "actionlogentry"], "codename": "add_actionlogentry"}}, {"model": "auth.permission", "fields": {"name": "Can change action log entry", "content_type": ["actionlog", "actionlogentry"], "codename": "change_actionlogentry"}}, {"model": "auth.permission", "fields": {"name": "Can delete action log entry", "content_type": ["actionlog", "actionlogentry"], "codename": "delete_actionlogentry"}}, {"model": "auth.permission", "fields": {"name": "Can add debate adjudicator", "content_type": ["adjallocation", "debateadjudicator"], "codename": "add_debateadjudicator"}}, {"model": "auth.permission", "fields": {"name": "Can change debate adjudicator", "content_type": ["adjallocation", "debateadjudicator"], "codename": "change_debateadjudicator"}}, {"model": "auth.permission", "fields": {"name": "Can delete debate adjudicator", "content_type": ["adjallocation", "debateadjudicator"], "codename": "delete_debateadjudicator"}}, {"model": "auth.permission", "fields": {"name": "Can add adjudicator-institution conflict", "content_type": ["adjallocation", "adjudicatorinstitutionconflict"], "codename": "add_adjudicatorinstitutionconflict"}}, {"model": "auth.permission", "fields": {"name": "Can change adjudicator-institution conflict", "content_type": ["adjallocation", "adjudicatorinstitutionconflict"], "codename": "change_adjudicatorinstitutionconflict"}}, {"model": "auth.permission", "fields": {"name": "Can delete adjudicator-institution conflict", "content_type": ["adjallocation", "adjudicatorinstitutionconflict"], "codename": "delete_adjudicatorinstitutionconflict"}}, {"model": "auth.permission", "fields": {"name": "Can add adjudicator-adjudicator conflict", "content_type": ["adjallocation", "adjudicatoradjudicatorconflict"], "codename": "add_adjudicatoradjudicatorconflict"}}, {"model": "auth.permission", "fields": {"name": "Can change adjudicator-adjudicator conflict", "content_type": ["adjallocation", "adjudicatoradjudicatorconflict"], "codename": "change_adjudicatoradjudicatorconflict"}}, {"model": "auth.permission", "fields": {"name": "Can delete adjudicator-adjudicator conflict", "content_type": ["adjallocation", "adjudicatoradjudicatorconflict"], "codename": "delete_adjudicatoradjudicatorconflict"}}, {"model": "auth.permission", "fields": {"name": "Can add adjudicator-team conflict", "content_type": ["adjallocation", "adjudicatorconflict"], "codename": "add_adjudicatorconflict"}}, {"model": "auth.permission", "fields": {"name": "Can change adjudicator-team conflict", "content_type": ["adjallocation", "adjudicatorconflict"], "codename": "change_adjudicatorconflict"}}, {"model": "auth.permission", "fields": {"name": "Can delete adjudicator-team conflict", "content_type": ["adjallocation", "adjudicatorconflict"], "codename": "delete_adjudicatorconflict"}}, {"model": "auth.permission", "fields": {"name": "Can add adjudicator feedback string answer", "content_type": ["adjfeedback", "adjudicatorfeedbackstringanswer"], "codename": "add_adjudicatorfeedbackstringanswer"}}, {"model": "auth.permission", "fields": {"name": "Can change adjudicator feedback string answer", "content_type": ["adjfeedback", "adjudicatorfeedbackstringanswer"], "codename": "change_adjudicatorfeedbackstringanswer"}}, {"model": "auth.permission", "fields": {"name": "Can delete adjudicator feedback string answer", "content_type": ["adjfeedback", "adjudicatorfeedbackstringanswer"], "codename": "delete_adjudicatorfeedbackstringanswer"}}, {"model": "auth.permission", "fields": {"name": "Can add adjudicator feedback", "content_type": ["adjfeedback", "adjudicatorfeedback"], "codename": "add_adjudicatorfeedback"}}, {"model": "auth.permission", "fields": {"name": "Can change adjudicator feedback", "content_type": ["adjfeedback", "adjudicatorfeedback"], "codename": "change_adjudicatorfeedback"}}, {"model": "auth.permission", "fields": {"name": "Can delete adjudicator feedback", "content_type": ["adjfeedback", "adjudicatorfeedback"], "codename": "delete_adjudicatorfeedback"}}, {"model": "auth.permission", "fields": {"name": "Can add adjudicator feedback boolean answer", "content_type": ["adjfeedback", "adjudicatorfeedbackbooleananswer"], "codename": "add_adjudicatorfeedbackbooleananswer"}}, {"model": "auth.permission", "fields": {"name": "Can change adjudicator feedback boolean answer", "content_type": ["adjfeedback", "adjudicatorfeedbackbooleananswer"], "codename": "change_adjudicatorfeedbackbooleananswer"}}, {"model": "auth.permission", "fields": {"name": "Can delete adjudicator feedback boolean answer", "content_type": ["adjfeedback", "adjudicatorfeedbackbooleananswer"], "codename": "delete_adjudicatorfeedbackbooleananswer"}}, {"model": "auth.permission", "fields": {"name": "Can add adjudicator feedback question", "content_type": ["adjfeedback", "adjudicatorfeedbackquestion"], "codename": "add_adjudicatorfeedbackquestion"}}, {"model": "auth.permission", "fields": {"name": "Can change adjudicator feedback question", "content_type": ["adjfeedback", "adjudicatorfeedbackquestion"], "codename": "change_adjudicatorfeedbackquestion"}}, {"model": "auth.permission", "fields": {"name": "Can delete adjudicator feedback question", "content_type": ["adjfeedback", "adjudicatorfeedbackquestion"], "codename": "delete_adjudicatorfeedbackquestion"}}, {"model": "auth.permission", "fields": {"name": "Can add adjudicator feedback integer answer", "content_type": ["adjfeedback", "adjudicatorfeedbackintegeranswer"], "codename": "add_adjudicatorfeedbackintegeranswer"}}, {"model": "auth.permission", "fields": {"name": "Can change adjudicator feedback integer answer", "content_type": ["adjfeedback", "adjudicatorfeedbackintegeranswer"], "codename": "change_adjudicatorfeedbackintegeranswer"}}, {"model": "auth.permission", "fields": {"name": "Can delete adjudicator feedback integer answer", "content_type": ["adjfeedback", "adjudicatorfeedbackintegeranswer"], "codename": "delete_adjudicatorfeedbackintegeranswer"}}, {"model": "auth.permission", "fields": {"name": "Can add adjudicator feedback float answer", "content_type": ["adjfeedback", "adjudicatorfeedbackfloatanswer"], "codename": "add_adjudicatorfeedbackfloatanswer"}}, {"model": "auth.permission", "fields": {"name": "Can change adjudicator feedback float answer", "content_type": ["adjfeedback", "adjudicatorfeedbackfloatanswer"], "codename": "change_adjudicatorfeedbackfloatanswer"}}, {"model": "auth.permission", "fields": {"name": "Can delete adjudicator feedback float answer", "content_type": ["adjfeedback", "adjudicatorfeedbackfloatanswer"], "codename": "delete_adjudicatorfeedbackfloatanswer"}}, {"model": "auth.permission", "fields": {"name": "Can add adjudicator test score history", "content_type": ["adjfeedback", "adjudicatortestscorehistory"], "codename": "add_adjudicatortestscorehistory"}}, {"model": "auth.permission", "fields": {"name": "Can change adjudicator test score history", "content_type": ["adjfeedback", "adjudicatortestscorehistory"], "codename": "change_adjudicatortestscorehistory"}}, {"model": "auth.permission", "fields": {"name": "Can delete adjudicator test score history", "content_type": ["adjfeedback", "adjudicatortestscorehistory"], "codename": "delete_adjudicatortestscorehistory"}}, {"model": "auth.permission", "fields": {"name": "Can add active adjudicator", "content_type": ["availability", "activeadjudicator"], "codename": "add_activeadjudicator"}}, {"model": "auth.permission", "fields": {"name": "Can change active adjudicator", "content_type": ["availability", "activeadjudicator"], "codename": "change_activeadjudicator"}}, {"model": "auth.permission", "fields": {"name": "Can delete active adjudicator", "content_type": ["availability", "activeadjudicator"], "codename": "delete_activeadjudicator"}}, {"model": "auth.permission", "fields": {"name": "Can add active venue", "content_type": ["availability", "activevenue"], "codename": "add_activevenue"}}, {"model": "auth.permission", "fields": {"name": "Can change active venue", "content_type": ["availability", "activevenue"], "codename": "change_activevenue"}}, {"model": "auth.permission", "fields": {"name": "Can delete active venue", "content_type": ["availability", "activevenue"], "codename": "delete_activevenue"}}, {"model": "auth.permission", "fields": {"name": "Can add active team", "content_type": ["availability", "activeteam"], "codename": "add_activeteam"}}, {"model": "auth.permission", "fields": {"name": "Can change active team", "content_type": ["availability", "activeteam"], "codename": "change_activeteam"}}, {"model": "auth.permission", "fields": {"name": "Can delete active team", "content_type": ["availability", "activeteam"], "codename": "delete_activeteam"}}, {"model": "auth.permission", "fields": {"name": "Can add checkin", "content_type": ["availability", "checkin"], "codename": "add_checkin"}}, {"model": "auth.permission", "fields": {"name": "Can change checkin", "content_type": ["availability", "checkin"], "codename": "change_checkin"}}, {"model": "auth.permission", "fields": {"name": "Can delete checkin", "content_type": ["availability", "checkin"], "codename": "delete_checkin"}}, {"model": "auth.permission", "fields": {"name": "Can add break category", "content_type": ["breakqual", "breakcategory"], "codename": "add_breakcategory"}}, {"model": "auth.permission", "fields": {"name": "Can change break category", "content_type": ["breakqual", "breakcategory"], "codename": "change_breakcategory"}}, {"model": "auth.permission", "fields": {"name": "Can delete break category", "content_type": ["breakqual", "breakcategory"], "codename": "delete_breakcategory"}}, {"model": "auth.permission", "fields": {"name": "Can add breaking team", "content_type": ["breakqual", "breakingteam"], "codename": "add_breakingteam"}}, {"model": "auth.permission", "fields": {"name": "Can change breaking team", "content_type": ["breakqual", "breakingteam"], "codename": "change_breakingteam"}}, {"model": "auth.permission", "fields": {"name": "Can delete breaking team", "content_type": ["breakqual", "breakingteam"], "codename": "delete_breakingteam"}}, {"model": "auth.permission", "fields": {"name": "Can add division", "content_type": ["divisions", "division"], "codename": "add_division"}}, {"model": "auth.permission", "fields": {"name": "Can change division", "content_type": ["divisions", "division"], "codename": "change_division"}}, {"model": "auth.permission", "fields": {"name": "Can delete division", "content_type": ["divisions", "division"], "codename": "delete_division"}}, {"model": "auth.permission", "fields": {"name": "Can add team position allocation", "content_type": ["draw", "teampositionallocation"], "codename": "add_teampositionallocation"}}, {"model": "auth.permission", "fields": {"name": "Can change team position allocation", "content_type": ["draw", "teampositionallocation"], "codename": "change_teampositionallocation"}}, {"model": "auth.permission", "fields": {"name": "Can delete team position allocation", "content_type": ["draw", "teampositionallocation"], "codename": "delete_teampositionallocation"}}, {"model": "auth.permission", "fields": {"name": "Can add debate", "content_type": ["draw", "debate"], "codename": "add_debate"}}, {"model": "auth.permission", "fields": {"name": "Can change debate", "content_type": ["draw", "debate"], "codename": "change_debate"}}, {"model": "auth.permission", "fields": {"name": "Can delete debate", "content_type": ["draw", "debate"], "codename": "delete_debate"}}, {"model": "auth.permission", "fields": {"name": "Can add debate team", "content_type": ["draw", "debateteam"], "codename": "add_debateteam"}}, {"model": "auth.permission", "fields": {"name": "Can change debate team", "content_type": ["draw", "debateteam"], "codename": "change_debateteam"}}, {"model": "auth.permission", "fields": {"name": "Can delete debate team", "content_type": ["draw", "debateteam"], "codename": "delete_debateteam"}}, {"model": "auth.permission", "fields": {"name": "Can add motion", "content_type": ["motions", "motion"], "codename": "add_motion"}}, {"model": "auth.permission", "fields": {"name": "Can change motion", "content_type": ["motions", "motion"], "codename": "change_motion"}}, {"model": "auth.permission", "fields": {"name": "Can delete motion", "content_type": ["motions", "motion"], "codename": "delete_motion"}}, {"model": "auth.permission", "fields": {"name": "Can add debate team motion preference", "content_type": ["motions", "debateteammotionpreference"], "codename": "add_debateteammotionpreference"}}, {"model": "auth.permission", "fields": {"name": "Can change debate team motion preference", "content_type": ["motions", "debateteammotionpreference"], "codename": "change_debateteammotionpreference"}}, {"model": "auth.permission", "fields": {"name": "Can delete debate team motion preference", "content_type": ["motions", "debateteammotionpreference"], "codename": "delete_debateteammotionpreference"}}, {"model": "auth.permission", "fields": {"name": "Can add tournament preference", "content_type": ["options", "tournamentpreferencemodel"], "codename": "add_tournamentpreferencemodel"}}, {"model": "auth.permission", "fields": {"name": "Can change tournament preference", "content_type": ["options", "tournamentpreferencemodel"], "codename": "change_tournamentpreferencemodel"}}, {"model": "auth.permission", "fields": {"name": "Can delete tournament preference", "content_type": ["options", "tournamentpreferencemodel"], "codename": "delete_tournamentpreferencemodel"}}, {"model": "auth.permission", "fields": {"name": "Can add region", "content_type": ["participants", "region"], "codename": "add_region"}}, {"model": "auth.permission", "fields": {"name": "Can change region", "content_type": ["participants", "region"], "codename": "change_region"}}, {"model": "auth.permission", "fields": {"name": "Can delete region", "content_type": ["participants", "region"], "codename": "delete_region"}}, {"model": "auth.permission", "fields": {"name": "Can add institution", "content_type": ["participants", "institution"], "codename": "add_institution"}}, {"model": "auth.permission", "fields": {"name": "Can change institution", "content_type": ["participants", "institution"], "codename": "change_institution"}}, {"model": "auth.permission", "fields": {"name": "Can delete institution", "content_type": ["participants", "institution"], "codename": "delete_institution"}}, {"model": "auth.permission", "fields": {"name": "Can add person", "content_type": ["participants", "person"], "codename": "add_person"}}, {"model": "auth.permission", "fields": {"name": "Can change person", "content_type": ["participants", "person"], "codename": "change_person"}}, {"model": "auth.permission", "fields": {"name": "Can delete person", "content_type": ["participants", "person"], "codename": "delete_person"}}, {"model": "auth.permission", "fields": {"name": "Can add speaker", "content_type": ["participants", "speaker"], "codename": "add_speaker"}}, {"model": "auth.permission", "fields": {"name": "Can change speaker", "content_type": ["participants", "speaker"], "codename": "change_speaker"}}, {"model": "auth.permission", "fields": {"name": "Can delete speaker", "content_type": ["participants", "speaker"], "codename": "delete_speaker"}}, {"model": "auth.permission", "fields": {"name": "Can add team", "content_type": ["participants", "team"], "codename": "add_team"}}, {"model": "auth.permission", "fields": {"name": "Can change team", "content_type": ["participants", "team"], "codename": "change_team"}}, {"model": "auth.permission", "fields": {"name": "Can delete team", "content_type": ["participants", "team"], "codename": "delete_team"}}, {"model": "auth.permission", "fields": {"name": "Can add adjudicator", "content_type": ["participants", "adjudicator"], "codename": "add_adjudicator"}}, {"model": "auth.permission", "fields": {"name": "Can change adjudicator", "content_type": ["participants", "adjudicator"], "codename": "change_adjudicator"}}, {"model": "auth.permission", "fields": {"name": "Can delete adjudicator", "content_type": ["participants", "adjudicator"], "codename": "delete_adjudicator"}}, {"model": "auth.permission", "fields": {"name": "Can add ballot submission", "content_type": ["results", "ballotsubmission"], "codename": "add_ballotsubmission"}}, {"model": "auth.permission", "fields": {"name": "Can change ballot submission", "content_type": ["results", "ballotsubmission"], "codename": "change_ballotsubmission"}}, {"model": "auth.permission", "fields": {"name": "Can delete ballot submission", "content_type": ["results", "ballotsubmission"], "codename": "delete_ballotsubmission"}}, {"model": "auth.permission", "fields": {"name": "Can add speaker score by adj", "content_type": ["results", "speakerscorebyadj"], "codename": "add_speakerscorebyadj"}}, {"model": "auth.permission", "fields": {"name": "Can change speaker score by adj", "content_type": ["results", "speakerscorebyadj"], "codename": "change_speakerscorebyadj"}}, {"model": "auth.permission", "fields": {"name": "Can delete speaker score by adj", "content_type": ["results", "speakerscorebyadj"], "codename": "delete_speakerscorebyadj"}}, {"model": "auth.permission", "fields": {"name": "Can add team score", "content_type": ["results", "teamscore"], "codename": "add_teamscore"}}, {"model": "auth.permission", "fields": {"name": "Can change team score", "content_type": ["results", "teamscore"], "codename": "change_teamscore"}}, {"model": "auth.permission", "fields": {"name": "Can delete team score", "content_type": ["results", "teamscore"], "codename": "delete_teamscore"}}, {"model": "auth.permission", "fields": {"name": "Can add speaker score", "content_type": ["results", "speakerscore"], "codename": "add_speakerscore"}}, {"model": "auth.permission", "fields": {"name": "Can change speaker score", "content_type": ["results", "speakerscore"], "codename": "change_speakerscore"}}, {"model": "auth.permission", "fields": {"name": "Can delete speaker score", "content_type": ["results", "speakerscore"], "codename": "delete_speakerscore"}}, {"model": "auth.permission", "fields": {"name": "Can add round", "content_type": ["tournaments", "round"], "codename": "add_round"}}, {"model": "auth.permission", "fields": {"name": "Can change round", "content_type": ["tournaments", "round"], "codename": "change_round"}}, {"model": "auth.permission", "fields": {"name": "Can delete round", "content_type": ["tournaments", "round"], "codename": "delete_round"}}, {"model": "auth.permission", "fields": {"name": "Can add tournament", "content_type": ["tournaments", "tournament"], "codename": "add_tournament"}}, {"model": "auth.permission", "fields": {"name": "Can change tournament", "content_type": ["tournaments", "tournament"], "codename": "change_tournament"}}, {"model": "auth.permission", "fields": {"name": "Can delete tournament", "content_type": ["tournaments", "tournament"], "codename": "delete_tournament"}}, {"model": "auth.permission", "fields": {"name": "Can add team venue constraint", "content_type": ["venues", "teamvenueconstraint"], "codename": "add_teamvenueconstraint"}}, {"model": "auth.permission", "fields": {"name": "Can change team venue constraint", "content_type": ["venues", "teamvenueconstraint"], "codename": "change_teamvenueconstraint"}}, {"model": "auth.permission", "fields": {"name": "Can delete team venue constraint", "content_type": ["venues", "teamvenueconstraint"], "codename": "delete_teamvenueconstraint"}}, {"model": "auth.permission", "fields": {"name": "Can add adjudicator venue constraint", "content_type": ["venues", "adjudicatorvenueconstraint"], "codename": "add_adjudicatorvenueconstraint"}}, {"model": "auth.permission", "fields": {"name": "Can change adjudicator venue constraint", "content_type": ["venues", "adjudicatorvenueconstraint"], "codename": "change_adjudicatorvenueconstraint"}}, {"model": "auth.permission", "fields": {"name": "Can delete adjudicator venue constraint", "content_type": ["venues", "adjudicatorvenueconstraint"], "codename": "delete_adjudicatorvenueconstraint"}}, {"model": "auth.permission", "fields": {"name": "Can add division venue constraint", "content_type": ["venues", "divisionvenueconstraint"], "codename": "add_divisionvenueconstraint"}}, {"model": "auth.permission", "fields": {"name": "Can change division venue constraint", "content_type": ["venues", "divisionvenueconstraint"], "codename": "change_divisionvenueconstraint"}}, {"model": "auth.permission", "fields": {"name": "Can delete division venue constraint", "content_type": ["venues", "divisionvenueconstraint"], "codename": "delete_divisionvenueconstraint"}}, {"model": "auth.permission", "fields": {"name": "Can add institution venue constraint", "content_type": ["venues", "institutionvenueconstraint"], "codename": "add_institutionvenueconstraint"}}, {"model": "auth.permission", "fields": {"name": "Can change institution venue constraint", "content_type": ["venues", "institutionvenueconstraint"], "codename": "change_institutionvenueconstraint"}}, {"model": "auth.permission", "fields": {"name": "Can delete institution venue constraint", "content_type": ["venues", "institutionvenueconstraint"], "codename": "delete_institutionvenueconstraint"}}, {"model": "auth.permission", "fields": {"name": "Can add venue", "content_type": ["venues", "venue"], "codename": "add_venue"}}, {"model": "auth.permission", "fields": {"name": "Can change venue", "content_type": ["venues", "venue"], "codename": "change_venue"}}, {"model": "auth.permission", "fields": {"name": "Can delete venue", "content_type": ["venues", "venue"], "codename": "delete_venue"}}, {"model": "auth.permission", "fields": {"name": "Can add venue group", "content_type": ["venues", "venuegroup"], "codename": "add_venuegroup"}}, {"model": "auth.permission", "fields": {"name": "Can change venue group", "content_type": ["venues", "venuegroup"], "codename": "change_venuegroup"}}, {"model": "auth.permission", "fields": {"name": "Can delete venue group", "content_type": ["venues", "venuegroup"], "codename": "delete_venuegroup"}}, {"model": "auth.permission", "fields": {"name": "Can add global preference", "content_type": ["dynamic_preferences", "globalpreferencemodel"], "codename": "add_globalpreferencemodel"}}, {"model": "auth.permission", "fields": {"name": "Can change global preference", "content_type": ["dynamic_preferences", "globalpreferencemodel"], "codename": "change_globalpreferencemodel"}}, {"model": "auth.permission", "fields": {"name": "Can delete global preference", "content_type": ["dynamic_preferences", "globalpreferencemodel"], "codename": "delete_globalpreferencemodel"}}, {"model": "auth.permission", "fields": {"name": "Can add user preference", "content_type": ["dynamic_preferences", "userpreferencemodel"], "codename": "add_userpreferencemodel"}}, {"model": "auth.permission", "fields": {"name": "Can change user preference", "content_type": ["dynamic_preferences", "userpreferencemodel"], "codename": "change_userpreferencemodel"}}, {"model": "auth.permission", "fields": {"name": "Can delete user preference", "content_type": ["dynamic_preferences", "userpreferencemodel"], "codename": "delete_userpreferencemodel"}}, {"model": "auth.permission", "fields": {"name": "Can add global preference", "content_type": ["venues", "institutionvenueconstraint"], "codename": "add_globalpreferencemodel"}}, {"model": "auth.permission", "fields": {"name": "Can change global preference", "content_type": ["venues", "institutionvenueconstraint"], "codename": "change_globalpreferencemodel"}}, {"model": "auth.permission", "fields": {"name": "Can delete global preference", "content_type": ["venues", "institutionvenueconstraint"], "codename": "delete_globalpreferencemodel"}}, {"model": "auth.permission", "fields": {"name": "Can add user preference", "content_type": ["venues", "divisionvenueconstraint"], "codename": "add_userpreferencemodel"}}, {"model": "auth.permission", "fields": {"name": "Can change user preference", "content_type": ["venues", "divisionvenueconstraint"], "codename": "change_userpreferencemodel"}}, {"model": "auth.permission", "fields": {"name": "Can delete user preference", "content_type": ["venues", "divisionvenueconstraint"], "codename": "delete_userpreferencemodel"}}, {"model": "auth.user", "fields": {"password": "pbkdf2_sha256$24000$ZU59rBpnLzvD$g1h4H9wZ6a9Hgn0F3WwQNFC9RfZUH7omgeCvxqCdD7E=", "last_login": "2016-05-16T13:49:56.575", "is_superuser": true, "username": "admin", "first_name": "", "last_name": "", "email": "", "is_staff": true, "is_active": true, "date_joined": "2016-04-14T13:17:48.740", "groups": [], "user_permissions": []}}, {"model": "actionlog.actionlogentry", "pk": 1, "fields": {"type": "dr.crea", "timestamp": "2016-04-14T13:21:06.434", "user": ["admin"], "ip_address": null, "tournament": 1, "debate": null, "adjudicator": null, "ballot_submission": null, "adjudicator_test_score_history": null, "adjudicator_feedback": null, "round": 1, "motion": null, "break_category": null}}, {"model": "actionlog.actionlogentry", "pk": 2, "fields": {"type": "dr.conf", "timestamp": "2016-04-14T13:21:10.527", "user": ["admin"], "ip_address": null, "tournament": 1, "debate": null, "adjudicator": null, "ballot_submission": null, "adjudicator_test_score_history": null, "adjudicator_feedback": null, "round": 1, "motion": null, "break_category": null}}, {"model": "actionlog.actionlogentry", "pk": 3, "fields": {"type": "dr.crea", "timestamp": "2016-04-14T13:21:51.229", "user": ["admin"], "ip_address": null, "tournament": 1, "debate": null, "adjudicator": null, "ballot_submission": null, "adjudicator_test_score_history": null, "adjudicator_feedback": null, "round": 2, "motion": null, "break_category": null}}, {"model": "actionlog.actionlogentry", "pk": 4, "fields": {"type": "dr.conf", "timestamp": "2016-04-14T13:21:55.770", "user": ["admin"], "ip_address": null, "tournament": 1, "debate": null, "adjudicator": null, "ballot_submission": null, "adjudicator_test_score_history": null, "adjudicator_feedback": null, "round": 2, "motion": null, "break_category": null}}, {"model": "actionlog.actionlogentry", "pk": 5, "fields": {"type": "dr.crea", "timestamp": "2016-04-14T13:22:30.913", "user": ["admin"], "ip_address": null, "tournament": 1, "debate": null, "adjudicator": null, "ballot_submission": null, "adjudicator_test_score_history": null, "adjudicator_feedback": null, "round": 3, "motion": null, "break_category": null}}, {"model": "actionlog.actionlogentry", "pk": 6, "fields": {"type": "dr.conf", "timestamp": "2016-04-14T13:22:39.537", "user": ["admin"], "ip_address": null, "tournament": 1, "debate": null, "adjudicator": null, "ballot_submission": null, "adjudicator_test_score_history": null, "adjudicator_feedback": null, "round": 3, "motion": null, "break_category": null}}, {"model": "actionlog.actionlogentry", "pk": 7, "fields": {"type": "dr.crea", "timestamp": "2016-04-14T13:24:55.099", "user": ["admin"], "ip_address": null, "tournament": 1, "debate": null, "adjudicator": null, "ballot_submission": null, "adjudicator_test_score_history": null, "adjudicator_feedback": null, "round": 4, "motion": null, "break_category": null}}, {"model": "actionlog.actionlogentry", "pk": 8, "fields": {"type": "dr.conf", "timestamp": "2016-04-14T13:25:00.527", "user": ["admin"], "ip_address": null, "tournament": 1, "debate": null, "adjudicator": null, "ballot_submission": null, "adjudicator_test_score_history": null, "adjudicator_feedback": null, "round": 4, "motion": null, "break_category": null}}, {"model": "actionlog.actionlogentry", "pk": 9, "fields": {"type": "br.gene", "timestamp": "2016-04-14T13:27:00.966", "user": ["admin"], "ip_address": "0.0.0.0", "tournament": 1, "debate": null, "adjudicator": null, "ballot_submission": null, "adjudicator_test_score_history": null, "adjudicator_feedback": null, "round": null, "motion": null, "break_category": null}}, {"model": "actionlog.actionlogentry", "pk": 10, "fields": {"type": "br.el.edit", "timestamp": "2016-04-14T13:38:03.231", "user": ["admin"], "ip_address": "0.0.0.0", "tournament": 1, "debate": null, "adjudicator": null, "ballot_submission": null, "adjudicator_test_score_history": null, "adjudicator_feedback": null, "round": null, "motion": null, "break_category": null}}, {"model": "actionlog.actionlogentry", "pk": 11, "fields": {"type": "br.el.edit", "timestamp": "2016-04-14T13:39:08.781", "user": ["admin"], "ip_address": "0.0.0.0", "tournament": 1, "debate": null, "adjudicator": null, "ballot_submission": null, "adjudicator_test_score_history": null, "adjudicator_feedback": null, "round": null, "motion": null, "break_category": null}}, {"model": "actionlog.actionlogentry", "pk": 12, "fields": {"type": "br.el.edit", "timestamp": "2016-04-14T13:39:18.554", "user": ["admin"], "ip_address": "0.0.0.0", "tournament": 1, "debate": null, "adjudicator": null, "ballot_submission": null, "adjudicator_test_score_history": null, "adjudicator_feedback": null, "round": null, "motion": null, "break_category": null}}, {"model": "actionlog.actionlogentry", "pk": 13, "fields": {"type": "br.gene", "timestamp": "2016-04-14T13:53:07.351", "user": ["admin"], "ip_address": "0.0.0.0", "tournament": 1, "debate": null, "adjudicator": null, "ballot_submission": null, "adjudicator_test_score_history": null, "adjudicator_feedback": null, "round": null, "motion": null, "break_category": null}}, {"model": "actionlog.actionlogentry", "pk": 14, "fields": {"type": "av.aj.save", "timestamp": "2016-04-14T13:56:01.510", "user": ["admin"], "ip_address": null, "tournament": 1, "debate": null, "adjudicator": null, "ballot_submission": null, "adjudicator_test_score_history": null, "adjudicator_feedback": null, "round": 5, "motion": null, "break_category": null}}, {"model": "actionlog.actionlogentry", "pk": 15, "fields": {"type": "av.aj.save", "timestamp": "2016-04-14T16:29:11.100", "user": ["admin"], "ip_address": null, "tournament": 1, "debate": null, "adjudicator": null, "ballot_submission": null, "adjudicator_test_score_history": null, "adjudicator_feedback": null, "round": 5, "motion": null, "break_category": null}}, {"model": "actionlog.actionlogentry", "pk": 16, "fields": {"type": "av.aj.save", "timestamp": "2016-04-14T16:38:46.302", "user": ["admin"], "ip_address": null, "tournament": 1, "debate": null, "adjudicator": null, "ballot_submission": null, "adjudicator_test_score_history": null, "adjudicator_feedback": null, "round": 5, "motion": null, "break_category": null}}, {"model": "actionlog.actionlogentry", "pk": 17, "fields": {"type": "dr.crea", "timestamp": "2016-04-14T17:22:18.358", "user": ["admin"], "ip_address": null, "tournament": 1, "debate": null, "adjudicator": null, "ballot_submission": null, "adjudicator_test_score_history": null, "adjudicator_feedback": null, "round": 5, "motion": null, "break_category": null}}, {"model": "actionlog.actionlogentry", "pk": 18, "fields": {"type": "dr.crea", "timestamp": "2016-04-14T17:43:52.159", "user": ["admin"], "ip_address": null, "tournament": 1, "debate": null, "adjudicator": null, "ballot_submission": null, "adjudicator_test_score_history": null, "adjudicator_feedback": null, "round": 5, "motion": null, "break_category": null}}, {"model": "actionlog.actionlogentry", "pk": 19, "fields": {"type": "dr.conf", "timestamp": "2016-04-14T18:01:43.200", "user": ["admin"], "ip_address": null, "tournament": 1, "debate": null, "adjudicator": null, "ballot_submission": null, "adjudicator_test_score_history": null, "adjudicator_feedback": null, "round": 5, "motion": null, "break_category": null}}, {"model": "actionlog.actionlogentry", "pk": 20, "fields": {"type": "av.tm.save", "timestamp": "2016-04-14T18:03:34.016", "user": ["admin"], "ip_address": null, "tournament": 1, "debate": null, "adjudicator": null, "ballot_submission": null, "adjudicator_test_score_history": null, "adjudicator_feedback": null, "round": 6, "motion": null, "break_category": null}}, {"model": "actionlog.actionlogentry", "pk": 21, "fields": {"type": "br.rm.edit", "timestamp": "2016-04-14T18:04:43.998", "user": ["admin"], "ip_address": "0.0.0.0", "tournament": 1, "debate": null, "adjudicator": null, "ballot_submission": null, "adjudicator_test_score_history": null, "adjudicator_feedback": null, "round": null, "motion": null, "break_category": null}}, {"model": "actionlog.actionlogentry", "pk": 22, "fields": {"type": "br.rm.edit", "timestamp": "2016-04-14T18:04:48.977", "user": ["admin"], "ip_address": "0.0.0.0", "tournament": 1, "debate": null, "adjudicator": null, "ballot_submission": null, "adjudicator_test_score_history": null, "adjudicator_feedback": null, "round": null, "motion": null, "break_category": null}}, {"model": "actionlog.actionlogentry", "pk": 23, "fields": {"type": "av.ve.save", "timestamp": "2016-04-14T18:05:18.958", "user": ["admin"], "ip_address": null, "tournament": 1, "debate": null, "adjudicator": null, "ballot_submission": null, "adjudicator_test_score_history": null, "adjudicator_feedback": null, "round": 6, "motion": null, "break_category": null}}, {"model": "actionlog.actionlogentry", "pk": 24, "fields": {"type": "dr.crea", "timestamp": "2016-04-14T18:06:05.427", "user": ["admin"], "ip_address": null, "tournament": 1, "debate": null, "adjudicator": null, "ballot_submission": null, "adjudicator_test_score_history": null, "adjudicator_feedback": null, "round": 6, "motion": null, "break_category": null}}, {"model": "actionlog.actionlogentry", "pk": 25, "fields": {"type": "dr.conf", "timestamp": "2016-04-14T18:06:12.381", "user": ["admin"], "ip_address": null, "tournament": 1, "debate": null, "adjudicator": null, "ballot_submission": null, "adjudicator_test_score_history": null, "adjudicator_feedback": null, "round": 6, "motion": null, "break_category": null}}, {"model": "actionlog.actionlogentry", "pk": 26, "fields": {"type": "dr.crea", "timestamp": "2016-04-14T21:47:56.684", "user": ["admin"], "ip_address": null, "tournament": 1, "debate": null, "adjudicator": null, "ballot_submission": null, "adjudicator_test_score_history": null, "adjudicator_feedback": null, "round": 6, "motion": null, "break_category": null}}, {"model": "actionlog.actionlogentry", "pk": 27, "fields": {"type": "dr.crea", "timestamp": "2016-04-14T22:05:25.305", "user": ["admin"], "ip_address": null, "tournament": 1, "debate": null, "adjudicator": null, "ballot_submission": null, "adjudicator_test_score_history": null, "adjudicator_feedback": null, "round": 6, "motion": null, "break_category": null}}, {"model": "actionlog.actionlogentry", "pk": 28, "fields": {"type": "br.rm.edit", "timestamp": "2016-04-14T22:15:58.623", "user": ["admin"], "ip_address": "0.0.0.0", "tournament": 1, "debate": null, "adjudicator": null, "ballot_submission": null, "adjudicator_test_score_history": null, "adjudicator_feedback": null, "round": null, "motion": null, "break_category": null}}, {"model": "actionlog.actionlogentry", "pk": 29, "fields": {"type": "br.rm.edit", "timestamp": "2016-04-14T22:16:11.181", "user": ["admin"], "ip_address": "0.0.0.0", "tournament": 1, "debate": null, "adjudicator": null, "ballot_submission": null, "adjudicator_test_score_history": null, "adjudicator_feedback": null, "round": null, "motion": null, "break_category": null}}, {"model": "actionlog.actionlogentry", "pk": 30, "fields": {"type": "br.gene", "timestamp": "2016-04-14T22:16:36.674", "user": ["admin"], "ip_address": "0.0.0.0", "tournament": 1, "debate": null, "adjudicator": null, "ballot_submission": null, "adjudicator_test_score_history": null, "adjudicator_feedback": null, "round": null, "motion": null, "break_category": null}}, {"model": "actionlog.actionlogentry", "pk": 31, "fields": {"type": "av.tm.save", "timestamp": "2016-04-14T22:18:41.742", "user": ["admin"], "ip_address": null, "tournament": 1, "debate": null, "adjudicator": null, "ballot_submission": null, "adjudicator_test_score_history": null, "adjudicator_feedback": null, "round": 5, "motion": null, "break_category": null}}, {"model": "actionlog.actionlogentry", "pk": 32, "fields": {"type": "dr.crea", "timestamp": "2016-04-14T22:25:35.394", "user": ["admin"], "ip_address": null, "tournament": 1, "debate": null, "adjudicator": null, "ballot_submission": null, "adjudicator_test_score_history": null, "adjudicator_feedback": null, "round": 5, "motion": null, "break_category": null}}, {"model": "actionlog.actionlogentry", "pk": 33, "fields": {"type": "dr.conf", "timestamp": "2016-04-14T22:25:38.639", "user": ["admin"], "ip_address": null, "tournament": 1, "debate": null, "adjudicator": null, "ballot_submission": null, "adjudicator_test_score_history": null, "adjudicator_feedback": null, "round": 5, "motion": null, "break_category": null}}, {"model": "actionlog.actionlogentry", "pk": 34, "fields": {"type": "av.ve.save", "timestamp": "2016-04-14T22:28:56.668", "user": ["admin"], "ip_address": null, "tournament": 1, "debate": null, "adjudicator": null, "ballot_submission": null, "adjudicator_test_score_history": null, "adjudicator_feedback": null, "round": 7, "motion": null, "break_category": null}}, {"model": "actionlog.actionlogentry", "pk": 35, "fields": {"type": "dr.crea", "timestamp": "2016-04-14T22:33:29.382", "user": ["admin"], "ip_address": null, "tournament": 1, "debate": null, "adjudicator": null, "ballot_submission": null, "adjudicator_test_score_history": null, "adjudicator_feedback": null, "round": 7, "motion": null, "break_category": null}}, {"model": "actionlog.actionlogentry", "pk": 36, "fields": {"type": "dr.conf", "timestamp": "2016-04-14T22:35:46.395", "user": ["admin"], "ip_address": null, "tournament": 1, "debate": null, "adjudicator": null, "ballot_submission": null, "adjudicator_test_score_history": null, "adjudicator_feedback": null, "round": 7, "motion": null, "break_category": null}}, {"model": "actionlog.actionlogentry", "pk": 37, "fields": {"type": "op.edit", "timestamp": "2016-04-24T15:34:35.349", "user": ["admin"], "ip_address": "0.0.0.0", "tournament": 1, "debate": null, "adjudicator": null, "ballot_submission": null, "adjudicator_test_score_history": null, "adjudicator_feedback": null, "round": null, "motion": null, "break_category": null}}, {"model": "actionlog.actionlogentry", "pk": 38, "fields": {"type": "av.tm.save", "timestamp": "2016-04-24T15:35:11.314", "user": ["admin"], "ip_address": null, "tournament": 1, "debate": null, "adjudicator": null, "ballot_submission": null, "adjudicator_test_score_history": null, "adjudicator_feedback": null, "round": 2, "motion": null, "break_category": null}}, {"model": "actionlog.actionlogentry", "pk": 39, "fields": {"type": "op.edit", "timestamp": "2016-04-24T15:38:02.715", "user": ["admin"], "ip_address": "0.0.0.0", "tournament": 1, "debate": null, "adjudicator": null, "ballot_submission": null, "adjudicator_test_score_history": null, "adjudicator_feedback": null, "round": null, "motion": null, "break_category": null}}, {"model": "actionlog.actionlogentry", "pk": 40, "fields": {"type": "av.ve.save", "timestamp": "2016-04-24T15:44:15.086", "user": ["admin"], "ip_address": null, "tournament": 1, "debate": null, "adjudicator": null, "ballot_submission": null, "adjudicator_test_score_history": null, "adjudicator_feedback": null, "round": 1, "motion": null, "break_category": null}}, {"model": "actionlog.actionlogentry", "pk": 41, "fields": {"type": "av.aj.save", "timestamp": "2016-04-24T15:44:24.404", "user": ["admin"], "ip_address": null, "tournament": 1, "debate": null, "adjudicator": null, "ballot_submission": null, "adjudicator_test_score_history": null, "adjudicator_feedback": null, "round": 1, "motion": null, "break_category": null}}, {"model": "actionlog.actionlogentry", "pk": 45, "fields": {"type": "op.edit", "timestamp": "2016-05-01T21:53:16.267", "user": ["admin"], "ip_address": "0.0.0.0", "tournament": 1, "debate": null, "adjudicator": null, "ballot_submission": null, "adjudicator_test_score_history": null, "adjudicator_feedback": null, "round": null, "motion": null, "break_category": null}}, {"model": "actionlog.actionlogentry", "pk": 46, "fields": {"type": "dr.rele", "timestamp": "2016-05-01T21:53:31.708", "user": ["admin"], "ip_address": null, "tournament": 1, "debate": null, "adjudicator": null, "ballot_submission": null, "adjudicator_test_score_history": null, "adjudicator_feedback": null, "round": 1, "motion": null, "break_category": null}}, {"model": "actionlog.actionlogentry", "pk": 47, "fields": {"type": "dr.rele", "timestamp": "2016-05-01T21:53:32.588", "user": ["admin"], "ip_address": null, "tournament": 1, "debate": null, "adjudicator": null, "ballot_submission": null, "adjudicator_test_score_history": null, "adjudicator_feedback": null, "round": 2, "motion": null, "break_category": null}}, {"model": "actionlog.actionlogentry", "pk": 48, "fields": {"type": "op.edit", "timestamp": "2016-05-01T22:27:46.395", "user": ["admin"], "ip_address": "0.0.0.0", "tournament": 1, "debate": null, "adjudicator": null, "ballot_submission": null, "adjudicator_test_score_history": null, "adjudicator_feedback": null, "round": null, "motion": null, "break_category": null}}, {"model": "actionlog.actionlogentry", "pk": 49, "fields": {"type": "op.edit", "timestamp": "2016-05-01T22:36:55.463", "user": ["admin"], "ip_address": "0.0.0.0", "tournament": 1, "debate": null, "adjudicator": null, "ballot_submission": null, "adjudicator_test_score_history": null, "adjudicator_feedback": null, "round": null, "motion": null, "break_category": null}}, {"model": "actionlog.actionlogentry", "pk": 50, "fields": {"type": "op.edit", "timestamp": "2016-05-01T22:43:09.912", "user": ["admin"], "ip_address": "0.0.0.0", "tournament": 1, "debate": null, "adjudicator": null, "ballot_submission": null, "adjudicator_test_score_history": null, "adjudicator_feedback": null, "round": null, "motion": null, "break_category": null}}, {"model": "actionlog.actionlogentry", "pk": 69, "fields": {"type": "aa.save", "timestamp": "2016-05-14T16:40:34.594", "user": ["admin"], "ip_address": null, "tournament": 1, "debate": null, "adjudicator": null, "ballot_submission": null, "adjudicator_test_score_history": null, "adjudicator_feedback": null, "round": 5, "motion": null, "break_category": null}}, {"model": "actionlog.actionlogentry", "pk": 70, "fields": {"type": "aa.save", "timestamp": "2016-05-14T16:40:48.792", "user": ["admin"], "ip_address": null, "tournament": 1, "debate": null, "adjudicator": null, "ballot_submission": null, "adjudicator_test_score_history": null, "adjudicator_feedback": null, "round": 5, "motion": null, "break_category": null}}, {"model": "actionlog.actionlogentry", "pk": 71, "fields": {"type": "aa.save", "timestamp": "2016-05-14T16:43:39.686", "user": ["admin"], "ip_address": null, "tournament": 1, "debate": null, "adjudicator": null, "ballot_submission": null, "adjudicator_test_score_history": null, "adjudicator_feedback": null, "round": 5, "motion": null, "break_category": null}}, {"model": "actionlog.actionlogentry", "pk": 72, "fields": {"type": "op.edit", "timestamp": "2016-05-15T09:51:34.957", "user": ["admin"], "ip_address": "0.0.0.0", "tournament": 1, "debate": null, "adjudicator": null, "ballot_submission": null, "adjudicator_test_score_history": null, "adjudicator_feedback": null, "round": null, "motion": null, "break_category": null}}, {"model": "actionlog.actionlogentry", "pk": 73, "fields": {"type": "op.edit", "timestamp": "2016-05-15T18:59:58.290", "user": ["admin"], "ip_address": "0.0.0.0", "tournament": 1, "debate": null, "adjudicator": null, "ballot_submission": null, "adjudicator_test_score_history": null, "adjudicator_feedback": null, "round": null, "motion": null, "break_category": null}}, {"model": "actionlog.actionlogentry", "pk": 74, "fields": {"type": "op.edit", "timestamp": "2016-05-15T19:00:05.596", "user": ["admin"], "ip_address": "0.0.0.0", "tournament": 1, "debate": null, "adjudicator": null, "ballot_submission": null, "adjudicator_test_score_history": null, "adjudicator_feedback": null, "round": null, "motion": null, "break_category": null}}, {"model": "actionlog.actionlogentry", "pk": 75, "fields": {"type": "op.edit", "timestamp": "2016-05-15T21:11:10.270", "user": ["admin"], "ip_address": "0.0.0.0", "tournament": 1, "debate": null, "adjudicator": null, "ballot_submission": null, "adjudicator_test_score_history": null, "adjudicator_feedback": null, "round": null, "motion": null, "break_category": null}}, {"model": "actionlog.actionlogentry", "pk": 76, "fields": {"type": "op.edit", "timestamp": "2016-05-15T21:11:25.319", "user": ["admin"], "ip_address": "0.0.0.0", "tournament": 1, "debate": null, "adjudicator": null, "ballot_submission": null, "adjudicator_test_score_history": null, "adjudicator_feedback": null, "round": null, "motion": null, "break_category": null}}, {"model": "actionlog.actionlogentry", "pk": 77, "fields": {"type": "dr.rege", "timestamp": "2016-05-16T13:50:16.881", "user": ["admin"], "ip_address": null, "tournament": 1, "debate": null, "adjudicator": null, "ballot_submission": null, "adjudicator_test_score_history": null, "adjudicator_feedback": null, "round": 5, "motion": null, "break_category": null}}, {"model": "actionlog.actionlogentry", "pk": 78, "fields": {"type": "op.edit", "timestamp": "2016-05-16T14:04:19.008", "user": ["admin"], "ip_address": "0.0.0.0", "tournament": 1, "debate": null, "adjudicator": null, "ballot_submission": null, "adjudicator_test_score_history": null, "adjudicator_feedback": null, "round": null, "motion": null, "break_category": null}}, {"model": "actionlog.actionlogentry", "pk": 79, "fields": {"type": "op.edit", "timestamp": "2016-05-16T18:24:00.929", "user": ["admin"], "ip_address": "0.0.0.0", "tournament": 1, "debate": null, "adjudicator": null, "ballot_submission": null, "adjudicator_test_score_history": null, "adjudicator_feedback": null, "round": null, "motion": null, "break_category": null}}, {"model": "adjallocation.debateadjudicator", "pk": 1, "fields": {"debate": 12, "adjudicator": 77, "type": "C", "timing_confirmed": null}}, {"model": "adjallocation.debateadjudicator", "pk": 2, "fields": {"debate": 11, "adjudicator": 79, "type": "C", "timing_confirmed": null}}, {"model": "adjallocation.debateadjudicator", "pk": 3, "fields": {"debate": 10, "adjudicator": 75, "type": "C", "timing_confirmed": null}}, {"model": "adjallocation.debateadjudicator", "pk": 4, "fields": {"debate": 9, "adjudicator": 82, "type": "C", "timing_confirmed": null}}, {"model": "adjallocation.debateadjudicator", "pk": 5, "fields": {"debate": 8, "adjudicator": 88, "type": "C", "timing_confirmed": null}}, {"model": "adjallocation.debateadjudicator", "pk": 6, "fields": {"debate": 7, "adjudicator": 74, "type": "C", "timing_confirmed": null}}, {"model": "adjallocation.debateadjudicator", "pk": 7, "fields": {"debate": 6, "adjudicator": 99, "type": "C", "timing_confirmed": null}}, {"model": "adjallocation.debateadjudicator", "pk": 8, "fields": {"debate": 5, "adjudicator": 93, "type": "C", "timing_confirmed": null}}, {"model": "adjallocation.debateadjudicator", "pk": 9, "fields": {"debate": 5, "adjudicator": 83, "type": "P", "timing_confirmed": null}}, {"model": "adjallocation.debateadjudicator", "pk": 10, "fields": {"debate": 5, "adjudicator": 96, "type": "P", "timing_confirmed": null}}, {"model": "adjallocation.debateadjudicator", "pk": 11, "fields": {"debate": 4, "adjudicator": 95, "type": "C", "timing_confirmed": null}}, {"model": "adjallocation.debateadjudicator", "pk": 12, "fields": {"debate": 4, "adjudicator": 87, "type": "P", "timing_confirmed": null}}, {"model": "adjallocation.debateadjudicator", "pk": 13, "fields": {"debate": 4, "adjudicator": 94, "type": "P", "timing_confirmed": null}}, {"model": "adjallocation.debateadjudicator", "pk": 14, "fields": {"debate": 3, "adjudicator": 73, "type": "C", "timing_confirmed": null}}, {"model": "adjallocation.debateadjudicator", "pk": 15, "fields": {"debate": 3, "adjudicator": 80, "type": "P", "timing_confirmed": null}}, {"model": "adjallocation.debateadjudicator", "pk": 16, "fields": {"debate": 3, "adjudicator": 78, "type": "P", "timing_confirmed": null}}, {"model": "adjallocation.debateadjudicator", "pk": 17, "fields": {"debate": 2, "adjudicator": 81, "type": "C", "timing_confirmed": null}}, {"model": "adjallocation.debateadjudicator", "pk": 18, "fields": {"debate": 2, "adjudicator": 97, "type": "P", "timing_confirmed": null}}, {"model": "adjallocation.debateadjudicator", "pk": 19, "fields": {"debate": 2, "adjudicator": 90, "type": "P", "timing_confirmed": null}}, {"model": "adjallocation.debateadjudicator", "pk": 20, "fields": {"debate": 1, "adjudicator": 98, "type": "C", "timing_confirmed": null}}, {"model": "adjallocation.debateadjudicator", "pk": 21, "fields": {"debate": 1, "adjudicator": 89, "type": "P", "timing_confirmed": null}}, {"model": "adjallocation.debateadjudicator", "pk": 22, "fields": {"debate": 1, "adjudicator": 92, "type": "P", "timing_confirmed": null}}, {"model": "adjallocation.debateadjudicator", "pk": 23, "fields": {"debate": 19, "adjudicator": 74, "type": "C", "timing_confirmed": null}}, {"model": "adjallocation.debateadjudicator", "pk": 24, "fields": {"debate": 23, "adjudicator": 75, "type": "C", "timing_confirmed": null}}, {"model": "adjallocation.debateadjudicator", "pk": 25, "fields": {"debate": 13, "adjudicator": 99, "type": "C", "timing_confirmed": null}}, {"model": "adjallocation.debateadjudicator", "pk": 26, "fields": {"debate": 17, "adjudicator": 79, "type": "C", "timing_confirmed": null}}, {"model": "adjallocation.debateadjudicator", "pk": 27, "fields": {"debate": 18, "adjudicator": 88, "type": "C", "timing_confirmed": null}}, {"model": "adjallocation.debateadjudicator", "pk": 28, "fields": {"debate": 15, "adjudicator": 73, "type": "C", "timing_confirmed": null}}, {"model": "adjallocation.debateadjudicator", "pk": 29, "fields": {"debate": 16, "adjudicator": 77, "type": "C", "timing_confirmed": null}}, {"model": "adjallocation.debateadjudicator", "pk": 30, "fields": {"debate": 20, "adjudicator": 81, "type": "C", "timing_confirmed": null}}, {"model": "adjallocation.debateadjudicator", "pk": 31, "fields": {"debate": 20, "adjudicator": 82, "type": "P", "timing_confirmed": null}}, {"model": "adjallocation.debateadjudicator", "pk": 32, "fields": {"debate": 20, "adjudicator": 78, "type": "P", "timing_confirmed": null}}, {"model": "adjallocation.debateadjudicator", "pk": 33, "fields": {"debate": 24, "adjudicator": 97, "type": "C", "timing_confirmed": null}}, {"model": "adjallocation.debateadjudicator", "pk": 34, "fields": {"debate": 24, "adjudicator": 90, "type": "P", "timing_confirmed": null}}, {"model": "adjallocation.debateadjudicator", "pk": 35, "fields": {"debate": 24, "adjudicator": 92, "type": "P", "timing_confirmed": null}}, {"model": "adjallocation.debateadjudicator", "pk": 36, "fields": {"debate": 22, "adjudicator": 93, "type": "C", "timing_confirmed": null}}, {"model": "adjallocation.debateadjudicator", "pk": 37, "fields": {"debate": 22, "adjudicator": 95, "type": "P", "timing_confirmed": null}}, {"model": "adjallocation.debateadjudicator", "pk": 38, "fields": {"debate": 22, "adjudicator": 89, "type": "P", "timing_confirmed": null}}, {"model": "adjallocation.debateadjudicator", "pk": 39, "fields": {"debate": 21, "adjudicator": 80, "type": "C", "timing_confirmed": null}}, {"model": "adjallocation.debateadjudicator", "pk": 40, "fields": {"debate": 21, "adjudicator": 83, "type": "P", "timing_confirmed": null}}, {"model": "adjallocation.debateadjudicator", "pk": 41, "fields": {"debate": 21, "adjudicator": 96, "type": "P", "timing_confirmed": null}}, {"model": "adjallocation.debateadjudicator", "pk": 42, "fields": {"debate": 14, "adjudicator": 98, "type": "C", "timing_confirmed": null}}, {"model": "adjallocation.debateadjudicator", "pk": 43, "fields": {"debate": 14, "adjudicator": 94, "type": "P", "timing_confirmed": null}}, {"model": "adjallocation.debateadjudicator", "pk": 44, "fields": {"debate": 14, "adjudicator": 87, "type": "P", "timing_confirmed": null}}, {"model": "adjallocation.debateadjudicator", "pk": 45, "fields": {"debate": 31, "adjudicator": 77, "type": "C", "timing_confirmed": null}}, {"model": "adjallocation.debateadjudicator", "pk": 46, "fields": {"debate": 33, "adjudicator": 81, "type": "C", "timing_confirmed": null}}, {"model": "adjallocation.debateadjudicator", "pk": 47, "fields": {"debate": 26, "adjudicator": 74, "type": "C", "timing_confirmed": null}}, {"model": "adjallocation.debateadjudicator", "pk": 48, "fields": {"debate": 25, "adjudicator": 99, "type": "C", "timing_confirmed": null}}, {"model": "adjallocation.debateadjudicator", "pk": 49, "fields": {"debate": 32, "adjudicator": 73, "type": "C", "timing_confirmed": null}}, {"model": "adjallocation.debateadjudicator", "pk": 50, "fields": {"debate": 30, "adjudicator": 82, "type": "C", "timing_confirmed": null}}, {"model": "adjallocation.debateadjudicator", "pk": 51, "fields": {"debate": 36, "adjudicator": 88, "type": "C", "timing_confirmed": null}}, {"model": "adjallocation.debateadjudicator", "pk": 52, "fields": {"debate": 27, "adjudicator": 97, "type": "C", "timing_confirmed": null}}, {"model": "adjallocation.debateadjudicator", "pk": 53, "fields": {"debate": 27, "adjudicator": 98, "type": "P", "timing_confirmed": null}}, {"model": "adjallocation.debateadjudicator", "pk": 54, "fields": {"debate": 27, "adjudicator": 87, "type": "P", "timing_confirmed": null}}, {"model": "adjallocation.debateadjudicator", "pk": 55, "fields": {"debate": 28, "adjudicator": 83, "type": "C", "timing_confirmed": null}}, {"model": "adjallocation.debateadjudicator", "pk": 56, "fields": {"debate": 28, "adjudicator": 93, "type": "P", "timing_confirmed": null}}, {"model": "adjallocation.debateadjudicator", "pk": 57, "fields": {"debate": 28, "adjudicator": 92, "type": "P", "timing_confirmed": null}}, {"model": "adjallocation.debateadjudicator", "pk": 58, "fields": {"debate": 35, "adjudicator": 75, "type": "C", "timing_confirmed": null}}, {"model": "adjallocation.debateadjudicator", "pk": 59, "fields": {"debate": 35, "adjudicator": 95, "type": "P", "timing_confirmed": null}}, {"model": "adjallocation.debateadjudicator", "pk": 60, "fields": {"debate": 35, "adjudicator": 90, "type": "P", "timing_confirmed": null}}, {"model": "adjallocation.debateadjudicator", "pk": 61, "fields": {"debate": 34, "adjudicator": 79, "type": "C", "timing_confirmed": null}}, {"model": "adjallocation.debateadjudicator", "pk": 62, "fields": {"debate": 34, "adjudicator": 78, "type": "P", "timing_confirmed": null}}, {"model": "adjallocation.debateadjudicator", "pk": 63, "fields": {"debate": 34, "adjudicator": 94, "type": "P", "timing_confirmed": null}}, {"model": "adjallocation.debateadjudicator", "pk": 64, "fields": {"debate": 29, "adjudicator": 80, "type": "C", "timing_confirmed": null}}, {"model": "adjallocation.debateadjudicator", "pk": 65, "fields": {"debate": 29, "adjudicator": 96, "type": "P", "timing_confirmed": null}}, {"model": "adjallocation.debateadjudicator", "pk": 66, "fields": {"debate": 29, "adjudicator": 89, "type": "P", "timing_confirmed": null}}, {"model": "adjallocation.debateadjudicator", "pk": 67, "fields": {"debate": 38, "adjudicator": 88, "type": "C", "timing_confirmed": null}}, {"model": "adjallocation.debateadjudicator", "pk": 68, "fields": {"debate": 46, "adjudicator": 81, "type": "C", "timing_confirmed": null}}, {"model": "adjallocation.debateadjudicator", "pk": 69, "fields": {"debate": 48, "adjudicator": 79, "type": "C", "timing_confirmed": null}}, {"model": "adjallocation.debateadjudicator", "pk": 70, "fields": {"debate": 47, "adjudicator": 99, "type": "C", "timing_confirmed": null}}, {"model": "adjallocation.debateadjudicator", "pk": 71, "fields": {"debate": 44, "adjudicator": 82, "type": "C", "timing_confirmed": null}}, {"model": "adjallocation.debateadjudicator", "pk": 72, "fields": {"debate": 45, "adjudicator": 73, "type": "C", "timing_confirmed": null}}, {"model": "adjallocation.debateadjudicator", "pk": 73, "fields": {"debate": 37, "adjudicator": 74, "type": "C", "timing_confirmed": null}}, {"model": "adjallocation.debateadjudicator", "pk": 74, "fields": {"debate": 40, "adjudicator": 95, "type": "C", "timing_confirmed": null}}, {"model": "adjallocation.debateadjudicator", "pk": 75, "fields": {"debate": 40, "adjudicator": 87, "type": "P", "timing_confirmed": null}}, {"model": "adjallocation.debateadjudicator", "pk": 76, "fields": {"debate": 40, "adjudicator": 90, "type": "P", "timing_confirmed": null}}, {"model": "adjallocation.debateadjudicator", "pk": 77, "fields": {"debate": 39, "adjudicator": 98, "type": "C", "timing_confirmed": null}}, {"model": "adjallocation.debateadjudicator", "pk": 78, "fields": {"debate": 39, "adjudicator": 96, "type": "P", "timing_confirmed": null}}, {"model": "adjallocation.debateadjudicator", "pk": 79, "fields": {"debate": 39, "adjudicator": 78, "type": "P", "timing_confirmed": null}}, {"model": "adjallocation.debateadjudicator", "pk": 80, "fields": {"debate": 41, "adjudicator": 77, "type": "C", "timing_confirmed": null}}, {"model": "adjallocation.debateadjudicator", "pk": 81, "fields": {"debate": 41, "adjudicator": 80, "type": "P", "timing_confirmed": null}}, {"model": "adjallocation.debateadjudicator", "pk": 82, "fields": {"debate": 41, "adjudicator": 94, "type": "P", "timing_confirmed": null}}, {"model": "adjallocation.debateadjudicator", "pk": 83, "fields": {"debate": 43, "adjudicator": 75, "type": "C", "timing_confirmed": null}}, {"model": "adjallocation.debateadjudicator", "pk": 84, "fields": {"debate": 43, "adjudicator": 93, "type": "P", "timing_confirmed": null}}, {"model": "adjallocation.debateadjudicator", "pk": 85, "fields": {"debate": 43, "adjudicator": 92, "type": "P", "timing_confirmed": null}}, {"model": "adjallocation.debateadjudicator", "pk": 86, "fields": {"debate": 42, "adjudicator": 83, "type": "C", "timing_confirmed": null}}, {"model": "adjallocation.debateadjudicator", "pk": 87, "fields": {"debate": 42, "adjudicator": 97, "type": "P", "timing_confirmed": null}}, {"model": "adjallocation.debateadjudicator", "pk": 88, "fields": {"debate": 42, "adjudicator": 89, "type": "P", "timing_confirmed": null}}, {"model": "adjallocation.adjudicatorconflict", "pk": 1, "fields": {"adjudicator": 77, "team": 1}}, {"model": "adjallocation.adjudicatorconflict", "pk": 2, "fields": {"adjudicator": 81, "team": 2}}, {"model": "adjallocation.adjudicatorconflict", "pk": 3, "fields": {"adjudicator": 84, "team": 10}}, {"model": "adjallocation.adjudicatorconflict", "pk": 4, "fields": {"adjudicator": 87, "team": 13}}, {"model": "adjallocation.adjudicatorconflict", "pk": 5, "fields": {"adjudicator": 89, "team": 10}}, {"model": "adjallocation.adjudicatorconflict", "pk": 6, "fields": {"adjudicator": 91, "team": 17}}, {"model": "adjallocation.adjudicatorconflict", "pk": 7, "fields": {"adjudicator": 93, "team": 23}}, {"model": "adjallocation.adjudicatorconflict", "pk": 8, "fields": {"adjudicator": 89, "team": 7}}, {"model": "adjallocation.adjudicatorinstitutionconflict", "pk": 1, "fields": {"adjudicator": 73, "institution": 13}}, {"model": "adjallocation.adjudicatorinstitutionconflict", "pk": 2, "fields": {"adjudicator": 74, "institution": 8}}, {"model": "adjallocation.adjudicatorinstitutionconflict", "pk": 3, "fields": {"adjudicator": 75, "institution": 12}}, {"model": "adjallocation.adjudicatorinstitutionconflict", "pk": 4, "fields": {"adjudicator": 76, "institution": 1}}, {"model": "adjallocation.adjudicatorinstitutionconflict", "pk": 5, "fields": {"adjudicator": 77, "institution": 1}}, {"model": "adjallocation.adjudicatorinstitutionconflict", "pk": 6, "fields": {"adjudicator": 78, "institution": 2}}, {"model": "adjallocation.adjudicatorinstitutionconflict", "pk": 7, "fields": {"adjudicator": 79, "institution": 3}}, {"model": "adjallocation.adjudicatorinstitutionconflict", "pk": 8, "fields": {"adjudicator": 80, "institution": 4}}, {"model": "adjallocation.adjudicatorinstitutionconflict", "pk": 9, "fields": {"adjudicator": 81, "institution": 4}}, {"model": "adjallocation.adjudicatorinstitutionconflict", "pk": 10, "fields": {"adjudicator": 82, "institution": 12}}, {"model": "adjallocation.adjudicatorinstitutionconflict", "pk": 11, "fields": {"adjudicator": 83, "institution": 12}}, {"model": "adjallocation.adjudicatorinstitutionconflict", "pk": 12, "fields": {"adjudicator": 84, "institution": 8}}, {"model": "adjallocation.adjudicatorinstitutionconflict", "pk": 13, "fields": {"adjudicator": 85, "institution": 5}}, {"model": "adjallocation.adjudicatorinstitutionconflict", "pk": 14, "fields": {"adjudicator": 86, "institution": 5}}, {"model": "adjallocation.adjudicatorinstitutionconflict", "pk": 15, "fields": {"adjudicator": 87, "institution": 6}}, {"model": "adjallocation.adjudicatorinstitutionconflict", "pk": 16, "fields": {"adjudicator": 88, "institution": 6}}, {"model": "adjallocation.adjudicatorinstitutionconflict", "pk": 17, "fields": {"adjudicator": 89, "institution": 7}}, {"model": "adjallocation.adjudicatorinstitutionconflict", "pk": 18, "fields": {"adjudicator": 90, "institution": 7}}, {"model": "adjallocation.adjudicatorinstitutionconflict", "pk": 19, "fields": {"adjudicator": 91, "institution": 8}}, {"model": "adjallocation.adjudicatorinstitutionconflict", "pk": 20, "fields": {"adjudicator": 92, "institution": 8}}, {"model": "adjallocation.adjudicatorinstitutionconflict", "pk": 21, "fields": {"adjudicator": 93, "institution": 9}}, {"model": "adjallocation.adjudicatorinstitutionconflict", "pk": 22, "fields": {"adjudicator": 94, "institution": 10}}, {"model": "adjallocation.adjudicatorinstitutionconflict", "pk": 23, "fields": {"adjudicator": 95, "institution": 10}}, {"model": "adjallocation.adjudicatorinstitutionconflict", "pk": 24, "fields": {"adjudicator": 96, "institution": 11}}, {"model": "adjallocation.adjudicatorinstitutionconflict", "pk": 25, "fields": {"adjudicator": 97, "institution": 13}}, {"model": "adjallocation.adjudicatorinstitutionconflict", "pk": 26, "fields": {"adjudicator": 98, "institution": 13}}, {"model": "adjallocation.adjudicatorinstitutionconflict", "pk": 27, "fields": {"adjudicator": 99, "institution": 5}}, {"model": "adjallocation.adjudicatorinstitutionconflict", "pk": 28, "fields": {"adjudicator": 76, "institution": 7}}, {"model": "adjallocation.adjudicatorinstitutionconflict", "pk": 29, "fields": {"adjudicator": 81, "institution": 12}}, {"model": "adjallocation.adjudicatorinstitutionconflict", "pk": 30, "fields": {"adjudicator": 82, "institution": 4}}, {"model": "adjallocation.adjudicatorinstitutionconflict", "pk": 31, "fields": {"adjudicator": 87, "institution": 3}}, {"model": "adjallocation.adjudicatorinstitutionconflict", "pk": 32, "fields": {"adjudicator": 87, "institution": 11}}, {"model": "adjallocation.adjudicatorinstitutionconflict", "pk": 33, "fields": {"adjudicator": 87, "institution": 13}}, {"model": "adjallocation.adjudicatorinstitutionconflict", "pk": 34, "fields": {"adjudicator": 88, "institution": 9}}, {"model": "adjallocation.adjudicatorinstitutionconflict", "pk": 35, "fields": {"adjudicator": 94, "institution": 5}}, {"model": "adjallocation.adjudicatorinstitutionconflict", "pk": 36, "fields": {"adjudicator": 96, "institution": 8}}, {"model": "adjfeedback.adjudicatortestscorehistory", "pk": 1, "fields": {"adjudicator": 73, "round": null, "score": 5.0, "timestamp": "2016-04-14T13:19:04.407"}}, {"model": "adjfeedback.adjudicatortestscorehistory", "pk": 2, "fields": {"adjudicator": 74, "round": null, "score": 5.0, "timestamp": "2016-04-14T13:19:04.409"}}, {"model": "adjfeedback.adjudicatortestscorehistory", "pk": 3, "fields": {"adjudicator": 75, "round": null, "score": 5.0, "timestamp": "2016-04-14T13:19:04.410"}}, {"model": "adjfeedback.adjudicatortestscorehistory", "pk": 4, "fields": {"adjudicator": 76, "round": null, "score": 1.0, "timestamp": "2016-04-14T13:19:04.411"}}, {"model": "adjfeedback.adjudicatortestscorehistory", "pk": 5, "fields": {"adjudicator": 77, "round": null, "score": 5.0, "timestamp": "2016-04-14T13:19:04.412"}}, {"model": "adjfeedback.adjudicatortestscorehistory", "pk": 6, "fields": {"adjudicator": 78, "round": null, "score": 2.0, "timestamp": "2016-04-14T13:19:04.413"}}, {"model": "adjfeedback.adjudicatortestscorehistory", "pk": 7, "fields": {"adjudicator": 79, "round": null, "score": 5.0, "timestamp": "2016-04-14T13:19:04.414"}}, {"model": "adjfeedback.adjudicatortestscorehistory", "pk": 8, "fields": {"adjudicator": 80, "round": null, "score": 4.0, "timestamp": "2016-04-14T13:19:04.415"}}, {"model": "adjfeedback.adjudicatortestscorehistory", "pk": 9, "fields": {"adjudicator": 81, "round": null, "score": 5.0, "timestamp": "2016-04-14T13:19:04.416"}}, {"model": "adjfeedback.adjudicatortestscorehistory", "pk": 10, "fields": {"adjudicator": 82, "round": null, "score": 5.0, "timestamp": "2016-04-14T13:19:04.417"}}, {"model": "adjfeedback.adjudicatortestscorehistory", "pk": 11, "fields": {"adjudicator": 83, "round": null, "score": 4.0, "timestamp": "2016-04-14T13:19:04.417"}}, {"model": "adjfeedback.adjudicatortestscorehistory", "pk": 12, "fields": {"adjudicator": 84, "round": null, "score": 4.0, "timestamp": "2016-04-14T13:19:04.418"}}, {"model": "adjfeedback.adjudicatortestscorehistory", "pk": 13, "fields": {"adjudicator": 85, "round": null, "score": 4.0, "timestamp": "2016-04-14T13:19:04.419"}}, {"model": "adjfeedback.adjudicatortestscorehistory", "pk": 14, "fields": {"adjudicator": 86, "round": null, "score": 2.0, "timestamp": "2016-04-14T13:19:04.420"}}, {"model": "adjfeedback.adjudicatortestscorehistory", "pk": 15, "fields": {"adjudicator": 87, "round": null, "score": 2.0, "timestamp": "2016-04-14T13:19:04.421"}}, {"model": "adjfeedback.adjudicatortestscorehistory", "pk": 16, "fields": {"adjudicator": 88, "round": null, "score": 5.0, "timestamp": "2016-04-14T13:19:04.422"}}, {"model": "adjfeedback.adjudicatortestscorehistory", "pk": 17, "fields": {"adjudicator": 89, "round": null, "score": 2.0, "timestamp": "2016-04-14T13:19:04.423"}}, {"model": "adjfeedback.adjudicatortestscorehistory", "pk": 18, "fields": {"adjudicator": 90, "round": null, "score": 2.0, "timestamp": "2016-04-14T13:19:04.424"}}, {"model": "adjfeedback.adjudicatortestscorehistory", "pk": 19, "fields": {"adjudicator": 91, "round": null, "score": 1.0, "timestamp": "2016-04-14T13:19:04.425"}}, {"model": "adjfeedback.adjudicatortestscorehistory", "pk": 20, "fields": {"adjudicator": 92, "round": null, "score": 2.0, "timestamp": "2016-04-14T13:19:04.425"}}, {"model": "adjfeedback.adjudicatortestscorehistory", "pk": 21, "fields": {"adjudicator": 93, "round": null, "score": 4.0, "timestamp": "2016-04-14T13:19:04.426"}}, {"model": "adjfeedback.adjudicatortestscorehistory", "pk": 22, "fields": {"adjudicator": 94, "round": null, "score": 2.0, "timestamp": "2016-04-14T13:19:04.427"}}, {"model": "adjfeedback.adjudicatortestscorehistory", "pk": 23, "fields": {"adjudicator": 95, "round": null, "score": 3.0, "timestamp": "2016-04-14T13:19:04.428"}}, {"model": "adjfeedback.adjudicatortestscorehistory", "pk": 24, "fields": {"adjudicator": 96, "round": null, "score": 2.0, "timestamp": "2016-04-14T13:19:04.429"}}, {"model": "adjfeedback.adjudicatortestscorehistory", "pk": 25, "fields": {"adjudicator": 97, "round": null, "score": 4.0, "timestamp": "2016-04-14T13:19:04.430"}}, {"model": "adjfeedback.adjudicatortestscorehistory", "pk": 26, "fields": {"adjudicator": 98, "round": null, "score": 3.0, "timestamp": "2016-04-14T13:19:04.430"}}, {"model": "adjfeedback.adjudicatortestscorehistory", "pk": 27, "fields": {"adjudicator": 99, "round": null, "score": 5.0, "timestamp": "2016-04-14T13:19:04.431"}}, {"model": "adjfeedback.adjudicatorfeedbackquestion", "pk": 1, "fields": {"tournament": 1, "seq": 10, "text": "Did you agree with the decision?", "name": "Agree", "reference": "agree", "from_adj": false, "from_team": true, "answer_type": "bs", "required": true, "min_value": null, "max_value": null, "choices": null}}, {"model": "adjfeedback.adjudicatorfeedbackquestion", "pk": 2, "fields": {"tournament": 1, "seq": 11, "text": "Did this judge's decision concur with yours?", "name": "Concur", "reference": "concur", "from_adj": true, "from_team": false, "answer_type": "bs", "required": true, "min_value": null, "max_value": null, "choices": null}}, {"model": "adjfeedback.adjudicatorfeedbackquestion", "pk": 3, "fields": {"tournament": 1, "seq": 20, "text": "What adjustment should be applied to this judge's speaker scores?", "name": "Adjustment", "reference": "adjustment", "from_adj": true, "from_team": false, "answer_type": "f", "required": true, "min_value": -20.0, "max_value": 20.0, "choices": null}}, {"model": "adjfeedback.adjudicatorfeedbackquestion", "pk": 4, "fields": {"tournament": 1, "seq": 30, "text": "Choose one word to describe this adjudicator.", "name": "One word", "reference": "word", "from_adj": true, "from_team": true, "answer_type": "t", "required": true, "min_value": null, "max_value": null, "choices": null}}, {"model": "adjfeedback.adjudicatorfeedbackquestion", "pk": 5, "fields": {"tournament": 1, "seq": 40, "text": "Do you think this adjudicator should be promoted?", "name": "Promote", "reference": "promote", "from_adj": true, "from_team": true, "answer_type": "bc", "required": false, "min_value": null, "max_value": null, "choices": null}}, {"model": "adjfeedback.adjudicatorfeedbackquestion", "pk": 6, "fields": {"tournament": 1, "seq": 50, "text": "Do you think this adjudicator should be demoted?", "name": "Demote", "reference": "demote", "from_adj": true, "from_team": true, "answer_type": "bc", "required": false, "min_value": null, "max_value": null, "choices": null}}, {"model": "adjfeedback.adjudicatorfeedbackquestion", "pk": 7, "fields": {"tournament": 1, "seq": 60, "text": "How well was this adjudicator's reasoning explained?", "name": "Explanation", "reference": "explanation", "from_adj": true, "from_team": true, "answer_type": "is", "required": true, "min_value": 0.0, "max_value": 10.0, "choices": null}}, {"model": "adjfeedback.adjudicatorfeedbackquestion", "pk": 8, "fields": {"tournament": 1, "seq": 70, "text": "How impartial did you think this adjudicator was?", "name": "Impartial", "reference": "impartial", "from_adj": true, "from_team": true, "answer_type": "is", "required": true, "min_value": 0.0, "max_value": 10.0, "choices": null}}, {"model": "adjfeedback.adjudicatorfeedbackquestion", "pk": 9, "fields": {"tournament": 1, "seq": 80, "text": "Would you like to see this adjudicator again?", "name": "Again", "reference": "again", "from_adj": false, "from_team": true, "answer_type": "ss", "required": false, "min_value": null, "max_value": null, "choices": "Absolutely!//Sure, why not//If I have to//Please don't"}}, {"model": "adjfeedback.adjudicatorfeedbackquestion", "pk": 10, "fields": {"tournament": 1, "seq": 90, "text": "How would you describe this adjudicator?", "name": "Adjectives", "reference": "adjectives", "from_adj": false, "from_team": true, "answer_type": "ms", "required": false, "min_value": null, "max_value": null, "choices": "biased//clear//concise//rambly//attentive//inattentive"}}, {"model": "adjfeedback.adjudicatorfeedbackquestion", "pk": 11, "fields": {"tournament": 1, "seq": 1000, "text": "Other comments:", "name": "Comments", "reference": "comments", "from_adj": true, "from_team": true, "answer_type": "tl", "required": false, "min_value": null, "max_value": null, "choices": null}}, {"model": "availability.activevenue", "pk": 1, "fields": {"venue": 1, "round": 4}}, {"model": "availability.activevenue", "pk": 2, "fields": {"venue": 2, "round": 4}}, {"model": "availability.activevenue", "pk": 3, "fields": {"venue": 3, "round": 4}}, {"model": "availability.activevenue", "pk": 4, "fields": {"venue": 4, "round": 4}}, {"model": "availability.activevenue", "pk": 5, "fields": {"venue": 5, "round": 4}}, {"model": "availability.activevenue", "pk": 6, "fields": {"venue": 6, "round": 4}}, {"model": "availability.activevenue", "pk": 7, "fields": {"venue": 7, "round": 4}}, {"model": "availability.activevenue", "pk": 8, "fields": {"venue": 8, "round": 4}}, {"model": "availability.activevenue", "pk": 9, "fields": {"venue": 9, "round": 4}}, {"model": "availability.activevenue", "pk": 10, "fields": {"venue": 10, "round": 4}}, {"model": "availability.activevenue", "pk": 11, "fields": {"venue": 11, "round": 4}}, {"model": "availability.activevenue", "pk": 12, "fields": {"venue": 12, "round": 4}}, {"model": "availability.activevenue", "pk": 13, "fields": {"venue": 13, "round": 4}}, {"model": "availability.activevenue", "pk": 14, "fields": {"venue": 14, "round": 4}}, {"model": "availability.activevenue", "pk": 15, "fields": {"venue": 15, "round": 4}}, {"model": "availability.activevenue", "pk": 16, "fields": {"venue": 16, "round": 4}}, {"model": "availability.activevenue", "pk": 17, "fields": {"venue": 17, "round": 4}}, {"model": "availability.activevenue", "pk": 18, "fields": {"venue": 18, "round": 4}}, {"model": "availability.activevenue", "pk": 19, "fields": {"venue": 19, "round": 4}}, {"model": "availability.activevenue", "pk": 20, "fields": {"venue": 20, "round": 4}}, {"model": "availability.activevenue", "pk": 21, "fields": {"venue": 21, "round": 4}}, {"model": "availability.activevenue", "pk": 22, "fields": {"venue": 22, "round": 4}}, {"model": "availability.activevenue", "pk": 23, "fields": {"venue": 23, "round": 4}}, {"model": "availability.activevenue", "pk": 24, "fields": {"venue": 1, "round": 3}}, {"model": "availability.activevenue", "pk": 25, "fields": {"venue": 2, "round": 3}}, {"model": "availability.activevenue", "pk": 26, "fields": {"venue": 3, "round": 3}}, {"model": "availability.activevenue", "pk": 27, "fields": {"venue": 4, "round": 3}}, {"model": "availability.activevenue", "pk": 28, "fields": {"venue": 5, "round": 3}}, {"model": "availability.activevenue", "pk": 29, "fields": {"venue": 6, "round": 3}}, {"model": "availability.activevenue", "pk": 30, "fields": {"venue": 7, "round": 3}}, {"model": "availability.activevenue", "pk": 31, "fields": {"venue": 8, "round": 3}}, {"model": "availability.activevenue", "pk": 32, "fields": {"venue": 9, "round": 3}}, {"model": "availability.activevenue", "pk": 33, "fields": {"venue": 10, "round": 3}}, {"model": "availability.activevenue", "pk": 34, "fields": {"venue": 11, "round": 3}}, {"model": "availability.activevenue", "pk": 35, "fields": {"venue": 12, "round": 3}}, {"model": "availability.activevenue", "pk": 36, "fields": {"venue": 13, "round": 3}}, {"model": "availability.activevenue", "pk": 37, "fields": {"venue": 14, "round": 3}}, {"model": "availability.activevenue", "pk": 38, "fields": {"venue": 15, "round": 3}}, {"model": "availability.activevenue", "pk": 39, "fields": {"venue": 16, "round": 3}}, {"model": "availability.activevenue", "pk": 40, "fields": {"venue": 17, "round": 3}}, {"model": "availability.activevenue", "pk": 41, "fields": {"venue": 18, "round": 3}}, {"model": "availability.activevenue", "pk": 42, "fields": {"venue": 19, "round": 3}}, {"model": "availability.activevenue", "pk": 43, "fields": {"venue": 20, "round": 3}}, {"model": "availability.activevenue", "pk": 44, "fields": {"venue": 21, "round": 3}}, {"model": "availability.activevenue", "pk": 45, "fields": {"venue": 22, "round": 3}}, {"model": "availability.activevenue", "pk": 46, "fields": {"venue": 23, "round": 3}}, {"model": "availability.activevenue", "pk": 47, "fields": {"venue": 1, "round": 2}}, {"model": "availability.activevenue", "pk": 48, "fields": {"venue": 2, "round": 2}}, {"model": "availability.activevenue", "pk": 49, "fields": {"venue": 3, "round": 2}}, {"model": "availability.activevenue", "pk": 50, "fields": {"venue": 4, "round": 2}}, {"model": "availability.activevenue", "pk": 51, "fields": {"venue": 5, "round": 2}}, {"model": "availability.activevenue", "pk": 52, "fields": {"venue": 6, "round": 2}}, {"model": "availability.activevenue", "pk": 53, "fields": {"venue": 7, "round": 2}}, {"model": "availability.activevenue", "pk": 54, "fields": {"venue": 8, "round": 2}}, {"model": "availability.activevenue", "pk": 55, "fields": {"venue": 9, "round": 2}}, {"model": "availability.activevenue", "pk": 56, "fields": {"venue": 10, "round": 2}}, {"model": "availability.activevenue", "pk": 57, "fields": {"venue": 11, "round": 2}}, {"model": "availability.activevenue", "pk": 58, "fields": {"venue": 12, "round": 2}}, {"model": "availability.activevenue", "pk": 59, "fields": {"venue": 13, "round": 2}}, {"model": "availability.activevenue", "pk": 60, "fields": {"venue": 14, "round": 2}}, {"model": "availability.activevenue", "pk": 61, "fields": {"venue": 15, "round": 2}}, {"model": "availability.activevenue", "pk": 62, "fields": {"venue": 16, "round": 2}}, {"model": "availability.activevenue", "pk": 63, "fields": {"venue": 17, "round": 2}}, {"model": "availability.activevenue", "pk": 64, "fields": {"venue": 18, "round": 2}}, {"model": "availability.activevenue", "pk": 65, "fields": {"venue": 19, "round": 2}}, {"model": "availability.activevenue", "pk": 66, "fields": {"venue": 20, "round": 2}}, {"model": "availability.activevenue", "pk": 67, "fields": {"venue": 21, "round": 2}}, {"model": "availability.activevenue", "pk": 68, "fields": {"venue": 22, "round": 2}}, {"model": "availability.activevenue", "pk": 69, "fields": {"venue": 23, "round": 2}}, {"model": "availability.activevenue", "pk": 93, "fields": {"venue": 1, "round": 5}}, {"model": "availability.activevenue", "pk": 94, "fields": {"venue": 2, "round": 5}}, {"model": "availability.activevenue", "pk": 95, "fields": {"venue": 3, "round": 5}}, {"model": "availability.activevenue", "pk": 96, "fields": {"venue": 4, "round": 5}}, {"model": "availability.activevenue", "pk": 97, "fields": {"venue": 5, "round": 5}}, {"model": "availability.activevenue", "pk": 98, "fields": {"venue": 6, "round": 5}}, {"model": "availability.activevenue", "pk": 99, "fields": {"venue": 7, "round": 5}}, {"model": "availability.activevenue", "pk": 100, "fields": {"venue": 8, "round": 5}}, {"model": "availability.activevenue", "pk": 101, "fields": {"venue": 9, "round": 5}}, {"model": "availability.activevenue", "pk": 102, "fields": {"venue": 10, "round": 5}}, {"model": "availability.activevenue", "pk": 103, "fields": {"venue": 11, "round": 5}}, {"model": "availability.activevenue", "pk": 104, "fields": {"venue": 12, "round": 5}}, {"model": "availability.activevenue", "pk": 105, "fields": {"venue": 13, "round": 5}}, {"model": "availability.activevenue", "pk": 106, "fields": {"venue": 14, "round": 5}}, {"model": "availability.activevenue", "pk": 107, "fields": {"venue": 15, "round": 5}}, {"model": "availability.activevenue", "pk": 108, "fields": {"venue": 16, "round": 5}}, {"model": "availability.activevenue", "pk": 109, "fields": {"venue": 17, "round": 5}}, {"model": "availability.activevenue", "pk": 110, "fields": {"venue": 18, "round": 5}}, {"model": "availability.activevenue", "pk": 111, "fields": {"venue": 19, "round": 5}}, {"model": "availability.activevenue", "pk": 112, "fields": {"venue": 20, "round": 5}}, {"model": "availability.activevenue", "pk": 113, "fields": {"venue": 21, "round": 5}}, {"model": "availability.activevenue", "pk": 114, "fields": {"venue": 22, "round": 5}}, {"model": "availability.activevenue", "pk": 115, "fields": {"venue": 23, "round": 5}}, {"model": "availability.activevenue", "pk": 116, "fields": {"venue": 1, "round": 6}}, {"model": "availability.activevenue", "pk": 117, "fields": {"venue": 2, "round": 6}}, {"model": "availability.activevenue", "pk": 118, "fields": {"venue": 3, "round": 6}}, {"model": "availability.activevenue", "pk": 119, "fields": {"venue": 4, "round": 6}}, {"model": "availability.activevenue", "pk": 120, "fields": {"venue": 5, "round": 6}}, {"model": "availability.activevenue", "pk": 121, "fields": {"venue": 6, "round": 6}}, {"model": "availability.activevenue", "pk": 122, "fields": {"venue": 7, "round": 6}}, {"model": "availability.activevenue", "pk": 123, "fields": {"venue": 8, "round": 6}}, {"model": "availability.activevenue", "pk": 124, "fields": {"venue": 9, "round": 6}}, {"model": "availability.activevenue", "pk": 125, "fields": {"venue": 10, "round": 6}}, {"model": "availability.activevenue", "pk": 126, "fields": {"venue": 11, "round": 6}}, {"model": "availability.activevenue", "pk": 127, "fields": {"venue": 12, "round": 6}}, {"model": "availability.activevenue", "pk": 128, "fields": {"venue": 13, "round": 6}}, {"model": "availability.activevenue", "pk": 129, "fields": {"venue": 14, "round": 6}}, {"model": "availability.activevenue", "pk": 130, "fields": {"venue": 15, "round": 6}}, {"model": "availability.activevenue", "pk": 131, "fields": {"venue": 16, "round": 6}}, {"model": "availability.activevenue", "pk": 132, "fields": {"venue": 17, "round": 6}}, {"model": "availability.activevenue", "pk": 133, "fields": {"venue": 18, "round": 6}}, {"model": "availability.activevenue", "pk": 134, "fields": {"venue": 19, "round": 6}}, {"model": "availability.activevenue", "pk": 135, "fields": {"venue": 20, "round": 6}}, {"model": "availability.activevenue", "pk": 136, "fields": {"venue": 21, "round": 6}}, {"model": "availability.activevenue", "pk": 137, "fields": {"venue": 22, "round": 6}}, {"model": "availability.activevenue", "pk": 138, "fields": {"venue": 23, "round": 6}}, {"model": "availability.activevenue", "pk": 139, "fields": {"venue": 16, "round": 7}}, {"model": "availability.activevenue", "pk": 140, "fields": {"venue": 9, "round": 7}}, {"model": "availability.activevenue", "pk": 141, "fields": {"venue": 12, "round": 7}}, {"model": "availability.activevenue", "pk": 142, "fields": {"venue": 6, "round": 7}}, {"model": "availability.activevenue", "pk": 152, "fields": {"venue": 1, "round": 1}}, {"model": "availability.activevenue", "pk": 153, "fields": {"venue": 3, "round": 1}}, {"model": "availability.activevenue", "pk": 154, "fields": {"venue": 4, "round": 1}}, {"model": "availability.activevenue", "pk": 155, "fields": {"venue": 5, "round": 1}}, {"model": "availability.activevenue", "pk": 156, "fields": {"venue": 6, "round": 1}}, {"model": "availability.activevenue", "pk": 157, "fields": {"venue": 7, "round": 1}}, {"model": "availability.activevenue", "pk": 158, "fields": {"venue": 8, "round": 1}}, {"model": "availability.activevenue", "pk": 159, "fields": {"venue": 9, "round": 1}}, {"model": "availability.activevenue", "pk": 160, "fields": {"venue": 10, "round": 1}}, {"model": "availability.activevenue", "pk": 161, "fields": {"venue": 11, "round": 1}}, {"model": "availability.activevenue", "pk": 162, "fields": {"venue": 12, "round": 1}}, {"model": "availability.activevenue", "pk": 163, "fields": {"venue": 13, "round": 1}}, {"model": "availability.activevenue", "pk": 164, "fields": {"venue": 14, "round": 1}}, {"model": "availability.activevenue", "pk": 165, "fields": {"venue": 15, "round": 1}}, {"model": "availability.activevenue", "pk": 166, "fields": {"venue": 16, "round": 1}}, {"model": "availability.activevenue", "pk": 167, "fields": {"venue": 17, "round": 1}}, {"model": "availability.activevenue", "pk": 168, "fields": {"venue": 18, "round": 1}}, {"model": "availability.activevenue", "pk": 169, "fields": {"venue": 19, "round": 1}}, {"model": "availability.activevenue", "pk": 170, "fields": {"venue": 20, "round": 1}}, {"model": "availability.activevenue", "pk": 171, "fields": {"venue": 21, "round": 1}}, {"model": "availability.activevenue", "pk": 172, "fields": {"venue": 22, "round": 1}}, {"model": "availability.activevenue", "pk": 173, "fields": {"venue": 23, "round": 1}}, {"model": "availability.activevenue", "pk": 174, "fields": {"venue": 24, "round": 1}}, {"model": "availability.activevenue", "pk": 175, "fields": {"venue": 25, "round": 1}}, {"model": "availability.activevenue", "pk": 176, "fields": {"venue": 26, "round": 1}}, {"model": "availability.activevenue", "pk": 177, "fields": {"venue": 27, "round": 1}}, {"model": "availability.activeteam", "pk": 1, "fields": {"team": 1, "round": 4}}, {"model": "availability.activeteam", "pk": 2, "fields": {"team": 2, "round": 4}}, {"model": "availability.activeteam", "pk": 3, "fields": {"team": 3, "round": 4}}, {"model": "availability.activeteam", "pk": 4, "fields": {"team": 4, "round": 4}}, {"model": "availability.activeteam", "pk": 5, "fields": {"team": 5, "round": 4}}, {"model": "availability.activeteam", "pk": 6, "fields": {"team": 6, "round": 4}}, {"model": "availability.activeteam", "pk": 7, "fields": {"team": 7, "round": 4}}, {"model": "availability.activeteam", "pk": 8, "fields": {"team": 8, "round": 4}}, {"model": "availability.activeteam", "pk": 9, "fields": {"team": 9, "round": 4}}, {"model": "availability.activeteam", "pk": 10, "fields": {"team": 10, "round": 4}}, {"model": "availability.activeteam", "pk": 11, "fields": {"team": 11, "round": 4}}, {"model": "availability.activeteam", "pk": 12, "fields": {"team": 12, "round": 4}}, {"model": "availability.activeteam", "pk": 13, "fields": {"team": 13, "round": 4}}, {"model": "availability.activeteam", "pk": 14, "fields": {"team": 14, "round": 4}}, {"model": "availability.activeteam", "pk": 15, "fields": {"team": 15, "round": 4}}, {"model": "availability.activeteam", "pk": 16, "fields": {"team": 16, "round": 4}}, {"model": "availability.activeteam", "pk": 17, "fields": {"team": 17, "round": 4}}, {"model": "availability.activeteam", "pk": 18, "fields": {"team": 18, "round": 4}}, {"model": "availability.activeteam", "pk": 19, "fields": {"team": 19, "round": 4}}, {"model": "availability.activeteam", "pk": 20, "fields": {"team": 20, "round": 4}}, {"model": "availability.activeteam", "pk": 160, "fields": {"team": 9, "round": 6}}, {"model": "availability.activeteam", "pk": 161, "fields": {"team": 10, "round": 6}}, {"model": "availability.activeteam", "pk": 162, "fields": {"team": 5, "round": 6}}, {"model": "availability.activeteam", "pk": 163, "fields": {"team": 6, "round": 6}}, {"model": "availability.activeteam", "pk": 164, "fields": {"team": 19, "round": 9}}, {"model": "availability.activeteam", "pk": 165, "fields": {"team": 1, "round": 5}}, {"model": "availability.activeteam", "pk": 173, "fields": {"team": 4, "round": 5}}, {"model": "availability.activeteam", "pk": 174, "fields": {"team": 7, "round": 5}}, {"model": "availability.activeteam", "pk": 175, "fields": {"team": 11, "round": 5}}, {"model": "availability.activeteam", "pk": 176, "fields": {"team": 12, "round": 5}}, {"model": "availability.activeteam", "pk": 177, "fields": {"team": 17, "round": 5}}, {"model": "availability.activeteam", "pk": 178, "fields": {"team": 18, "round": 5}}, {"model": "availability.activeteam", "pk": 179, "fields": {"team": 20, "round": 5}}, {"model": "availability.activeteam", "pk": 180, "fields": {"team": 18, "round": 7}}, {"model": "availability.activeteam", "pk": 181, "fields": {"team": 12, "round": 7}}, {"model": "availability.activeteam", "pk": 182, "fields": {"team": 4, "round": 7}}, {"model": "availability.activeteam", "pk": 183, "fields": {"team": 20, "round": 7}}, {"model": "availability.activeteam", "pk": 184, "fields": {"team": 1, "round": 2}}, {"model": "availability.activeteam", "pk": 185, "fields": {"team": 2, "round": 2}}, {"model": "availability.activeteam", "pk": 186, "fields": {"team": 3, "round": 2}}, {"model": "availability.activeteam", "pk": 187, "fields": {"team": 4, "round": 2}}, {"model": "availability.activeteam", "pk": 188, "fields": {"team": 5, "round": 2}}, {"model": "availability.activeteam", "pk": 189, "fields": {"team": 6, "round": 2}}, {"model": "availability.activeteam", "pk": 190, "fields": {"team": 7, "round": 2}}, {"model": "availability.activeteam", "pk": 191, "fields": {"team": 8, "round": 2}}, {"model": "availability.activeteam", "pk": 192, "fields": {"team": 9, "round": 2}}, {"model": "availability.activeteam", "pk": 193, "fields": {"team": 10, "round": 2}}, {"model": "availability.activeteam", "pk": 194, "fields": {"team": 11, "round": 2}}, {"model": "availability.activeteam", "pk": 195, "fields": {"team": 12, "round": 2}}, {"model": "availability.activeteam", "pk": 196, "fields": {"team": 13, "round": 2}}, {"model": "availability.activeteam", "pk": 197, "fields": {"team": 14, "round": 2}}, {"model": "availability.activeteam", "pk": 198, "fields": {"team": 15, "round": 2}}, {"model": "availability.activeteam", "pk": 199, "fields": {"team": 16, "round": 2}}, {"model": "availability.activeteam", "pk": 200, "fields": {"team": 17, "round": 2}}, {"model": "availability.activeteam", "pk": 201, "fields": {"team": 18, "round": 2}}, {"model": "availability.activeteam", "pk": 202, "fields": {"team": 19, "round": 2}}, {"model": "availability.activeteam", "pk": 203, "fields": {"team": 20, "round": 2}}, {"model": "availability.activeteam", "pk": 204, "fields": {"team": 21, "round": 2}}, {"model": "availability.activeteam", "pk": 205, "fields": {"team": 22, "round": 2}}, {"model": "availability.activeteam", "pk": 206, "fields": {"team": 23, "round": 2}}, {"model": "availability.activeteam", "pk": 207, "fields": {"team": 24, "round": 2}}, {"model": "availability.activeteam", "pk": 213, "fields": {"team": 1, "round": 1}}, {"model": "availability.activeteam", "pk": 214, "fields": {"team": 2, "round": 1}}, {"model": "availability.activeteam", "pk": 215, "fields": {"team": 3, "round": 1}}, {"model": "availability.activeteam", "pk": 216, "fields": {"team": 4, "round": 1}}, {"model": "availability.activeteam", "pk": 217, "fields": {"team": 5, "round": 1}}, {"model": "availability.activeteam", "pk": 218, "fields": {"team": 6, "round": 1}}, {"model": "availability.activeteam", "pk": 219, "fields": {"team": 7, "round": 1}}, {"model": "availability.activeteam", "pk": 220, "fields": {"team": 8, "round": 1}}, {"model": "availability.activeteam", "pk": 221, "fields": {"team": 9, "round": 1}}, {"model": "availability.activeteam", "pk": 222, "fields": {"team": 10, "round": 1}}, {"model": "availability.activeteam", "pk": 223, "fields": {"team": 11, "round": 1}}, {"model": "availability.activeteam", "pk": 224, "fields": {"team": 12, "round": 1}}, {"model": "availability.activeteam", "pk": 225, "fields": {"team": 13, "round": 1}}, {"model": "availability.activeteam", "pk": 226, "fields": {"team": 14, "round": 1}}, {"model": "availability.activeteam", "pk": 227, "fields": {"team": 15, "round": 1}}, {"model": "availability.activeteam", "pk": 228, "fields": {"team": 16, "round": 1}}, {"model": "availability.activeteam", "pk": 229, "fields": {"team": 17, "round": 1}}, {"model": "availability.activeteam", "pk": 230, "fields": {"team": 18, "round": 1}}, {"model": "availability.activeteam", "pk": 231, "fields": {"team": 19, "round": 1}}, {"model": "availability.activeteam", "pk": 232, "fields": {"team": 20, "round": 1}}, {"model": "availability.activeteam", "pk": 233, "fields": {"team": 21, "round": 1}}, {"model": "availability.activeteam", "pk": 234, "fields": {"team": 22, "round": 1}}, {"model": "availability.activeteam", "pk": 235, "fields": {"team": 23, "round": 1}}, {"model": "availability.activeteam", "pk": 236, "fields": {"team": 24, "round": 1}}, {"model": "availability.activeadjudicator", "pk": 1, "fields": {"adjudicator": 73, "round": 4}}, {"model": "availability.activeadjudicator", "pk": 2, "fields": {"adjudicator": 74, "round": 4}}, {"model": "availability.activeadjudicator", "pk": 3, "fields": {"adjudicator": 75, "round": 4}}, {"model": "availability.activeadjudicator", "pk": 4, "fields": {"adjudicator": 76, "round": 4}}, {"model": "availability.activeadjudicator", "pk": 5, "fields": {"adjudicator": 77, "round": 4}}, {"model": "availability.activeadjudicator", "pk": 6, "fields": {"adjudicator": 78, "round": 4}}, {"model": "availability.activeadjudicator", "pk": 7, "fields": {"adjudicator": 79, "round": 4}}, {"model": "availability.activeadjudicator", "pk": 8, "fields": {"adjudicator": 80, "round": 4}}, {"model": "availability.activeadjudicator", "pk": 9, "fields": {"adjudicator": 81, "round": 4}}, {"model": "availability.activeadjudicator", "pk": 10, "fields": {"adjudicator": 82, "round": 4}}, {"model": "availability.activeadjudicator", "pk": 11, "fields": {"adjudicator": 83, "round": 4}}, {"model": "availability.activeadjudicator", "pk": 12, "fields": {"adjudicator": 84, "round": 4}}, {"model": "availability.activeadjudicator", "pk": 13, "fields": {"adjudicator": 85, "round": 4}}, {"model": "availability.activeadjudicator", "pk": 14, "fields": {"adjudicator": 86, "round": 4}}, {"model": "availability.activeadjudicator", "pk": 15, "fields": {"adjudicator": 87, "round": 4}}, {"model": "availability.activeadjudicator", "pk": 16, "fields": {"adjudicator": 88, "round": 4}}, {"model": "availability.activeadjudicator", "pk": 17, "fields": {"adjudicator": 89, "round": 4}}, {"model": "availability.activeadjudicator", "pk": 18, "fields": {"adjudicator": 90, "round": 4}}, {"model": "availability.activeadjudicator", "pk": 19, "fields": {"adjudicator": 91, "round": 4}}, {"model": "availability.activeadjudicator", "pk": 20, "fields": {"adjudicator": 92, "round": 4}}, {"model": "availability.activeadjudicator", "pk": 21, "fields": {"adjudicator": 93, "round": 4}}, {"model": "availability.activeadjudicator", "pk": 22, "fields": {"adjudicator": 94, "round": 4}}, {"model": "availability.activeadjudicator", "pk": 23, "fields": {"adjudicator": 95, "round": 4}}, {"model": "availability.activeadjudicator", "pk": 24, "fields": {"adjudicator": 96, "round": 4}}, {"model": "availability.activeadjudicator", "pk": 25, "fields": {"adjudicator": 97, "round": 4}}, {"model": "availability.activeadjudicator", "pk": 26, "fields": {"adjudicator": 98, "round": 4}}, {"model": "availability.activeadjudicator", "pk": 27, "fields": {"adjudicator": 99, "round": 4}}, {"model": "availability.activeadjudicator", "pk": 28, "fields": {"adjudicator": 73, "round": 3}}, {"model": "availability.activeadjudicator", "pk": 29, "fields": {"adjudicator": 74, "round": 3}}, {"model": "availability.activeadjudicator", "pk": 30, "fields": {"adjudicator": 75, "round": 3}}, {"model": "availability.activeadjudicator", "pk": 31, "fields": {"adjudicator": 76, "round": 3}}, {"model": "availability.activeadjudicator", "pk": 32, "fields": {"adjudicator": 77, "round": 3}}, {"model": "availability.activeadjudicator", "pk": 33, "fields": {"adjudicator": 78, "round": 3}}, {"model": "availability.activeadjudicator", "pk": 34, "fields": {"adjudicator": 79, "round": 3}}, {"model": "availability.activeadjudicator", "pk": 35, "fields": {"adjudicator": 80, "round": 3}}, {"model": "availability.activeadjudicator", "pk": 36, "fields": {"adjudicator": 81, "round": 3}}, {"model": "availability.activeadjudicator", "pk": 37, "fields": {"adjudicator": 82, "round": 3}}, {"model": "availability.activeadjudicator", "pk": 38, "fields": {"adjudicator": 83, "round": 3}}, {"model": "availability.activeadjudicator", "pk": 39, "fields": {"adjudicator": 84, "round": 3}}, {"model": "availability.activeadjudicator", "pk": 40, "fields": {"adjudicator": 85, "round": 3}}, {"model": "availability.activeadjudicator", "pk": 41, "fields": {"adjudicator": 86, "round": 3}}, {"model": "availability.activeadjudicator", "pk": 42, "fields": {"adjudicator": 87, "round": 3}}, {"model": "availability.activeadjudicator", "pk": 43, "fields": {"adjudicator": 88, "round": 3}}, {"model": "availability.activeadjudicator", "pk": 44, "fields": {"adjudicator": 89, "round": 3}}, {"model": "availability.activeadjudicator", "pk": 45, "fields": {"adjudicator": 90, "round": 3}}, {"model": "availability.activeadjudicator", "pk": 46, "fields": {"adjudicator": 91, "round": 3}}, {"model": "availability.activeadjudicator", "pk": 47, "fields": {"adjudicator": 92, "round": 3}}, {"model": "availability.activeadjudicator", "pk": 48, "fields": {"adjudicator": 93, "round": 3}}, {"model": "availability.activeadjudicator", "pk": 49, "fields": {"adjudicator": 94, "round": 3}}, {"model": "availability.activeadjudicator", "pk": 50, "fields": {"adjudicator": 95, "round": 3}}, {"model": "availability.activeadjudicator", "pk": 51, "fields": {"adjudicator": 96, "round": 3}}, {"model": "availability.activeadjudicator", "pk": 52, "fields": {"adjudicator": 97, "round": 3}}, {"model": "availability.activeadjudicator", "pk": 53, "fields": {"adjudicator": 98, "round": 3}}, {"model": "availability.activeadjudicator", "pk": 54, "fields": {"adjudicator": 99, "round": 3}}, {"model": "availability.activeadjudicator", "pk": 55, "fields": {"adjudicator": 73, "round": 2}}, {"model": "availability.activeadjudicator", "pk": 56, "fields": {"adjudicator": 74, "round": 2}}, {"model": "availability.activeadjudicator", "pk": 57, "fields": {"adjudicator": 75, "round": 2}}, {"model": "availability.activeadjudicator", "pk": 58, "fields": {"adjudicator": 76, "round": 2}}, {"model": "availability.activeadjudicator", "pk": 59, "fields": {"adjudicator": 77, "round": 2}}, {"model": "availability.activeadjudicator", "pk": 60, "fields": {"adjudicator": 78, "round": 2}}, {"model": "availability.activeadjudicator", "pk": 61, "fields": {"adjudicator": 79, "round": 2}}, {"model": "availability.activeadjudicator", "pk": 62, "fields": {"adjudicator": 80, "round": 2}}, {"model": "availability.activeadjudicator", "pk": 63, "fields": {"adjudicator": 81, "round": 2}}, {"model": "availability.activeadjudicator", "pk": 64, "fields": {"adjudicator": 82, "round": 2}}, {"model": "availability.activeadjudicator", "pk": 65, "fields": {"adjudicator": 83, "round": 2}}, {"model": "availability.activeadjudicator", "pk": 66, "fields": {"adjudicator": 84, "round": 2}}, {"model": "availability.activeadjudicator", "pk": 67, "fields": {"adjudicator": 85, "round": 2}}, {"model": "availability.activeadjudicator", "pk": 68, "fields": {"adjudicator": 86, "round": 2}}, {"model": "availability.activeadjudicator", "pk": 69, "fields": {"adjudicator": 87, "round": 2}}, {"model": "availability.activeadjudicator", "pk": 70, "fields": {"adjudicator": 88, "round": 2}}, {"model": "availability.activeadjudicator", "pk": 71, "fields": {"adjudicator": 89, "round": 2}}, {"model": "availability.activeadjudicator", "pk": 72, "fields": {"adjudicator": 90, "round": 2}}, {"model": "availability.activeadjudicator", "pk": 73, "fields": {"adjudicator": 91, "round": 2}}, {"model": "availability.activeadjudicator", "pk": 74, "fields": {"adjudicator": 92, "round": 2}}, {"model": "availability.activeadjudicator", "pk": 75, "fields": {"adjudicator": 93, "round": 2}}, {"model": "availability.activeadjudicator", "pk": 76, "fields": {"adjudicator": 94, "round": 2}}, {"model": "availability.activeadjudicator", "pk": 77, "fields": {"adjudicator": 95, "round": 2}}, {"model": "availability.activeadjudicator", "pk": 78, "fields": {"adjudicator": 96, "round": 2}}, {"model": "availability.activeadjudicator", "pk": 79, "fields": {"adjudicator": 97, "round": 2}}, {"model": "availability.activeadjudicator", "pk": 80, "fields": {"adjudicator": 98, "round": 2}}, {"model": "availability.activeadjudicator", "pk": 81, "fields": {"adjudicator": 99, "round": 2}}, {"model": "availability.activeadjudicator", "pk": 136, "fields": {"adjudicator": 98, "round": 5}}, {"model": "availability.activeadjudicator", "pk": 137, "fields": {"adjudicator": 74, "round": 5}}, {"model": "availability.activeadjudicator", "pk": 138, "fields": {"adjudicator": 78, "round": 5}}, {"model": "availability.activeadjudicator", "pk": 139, "fields": {"adjudicator": 87, "round": 5}}, {"model": "availability.activeadjudicator", "pk": 140, "fields": {"adjudicator": 88, "round": 5}}, {"model": "availability.activeadjudicator", "pk": 141, "fields": {"adjudicator": 89, "round": 5}}, {"model": "availability.activeadjudicator", "pk": 142, "fields": {"adjudicator": 90, "round": 5}}, {"model": "availability.activeadjudicator", "pk": 145, "fields": {"adjudicator": 95, "round": 5}}, {"model": "availability.activeadjudicator", "pk": 146, "fields": {"adjudicator": 92, "round": 5}}, {"model": "availability.activeadjudicator", "pk": 147, "fields": {"adjudicator": 94, "round": 5}}, {"model": "availability.activeadjudicator", "pk": 148, "fields": {"adjudicator": 98, "round": 6}}, {"model": "availability.activeadjudicator", "pk": 149, "fields": {"adjudicator": 74, "round": 6}}, {"model": "availability.activeadjudicator", "pk": 150, "fields": {"adjudicator": 78, "round": 6}}, {"model": "availability.activeadjudicator", "pk": 151, "fields": {"adjudicator": 87, "round": 6}}, {"model": "availability.activeadjudicator", "pk": 152, "fields": {"adjudicator": 88, "round": 6}}, {"model": "availability.activeadjudicator", "pk": 153, "fields": {"adjudicator": 89, "round": 6}}, {"model": "availability.activeadjudicator", "pk": 154, "fields": {"adjudicator": 90, "round": 6}}, {"model": "availability.activeadjudicator", "pk": 155, "fields": {"adjudicator": 92, "round": 6}}, {"model": "availability.activeadjudicator", "pk": 156, "fields": {"adjudicator": 94, "round": 6}}, {"model": "availability.activeadjudicator", "pk": 157, "fields": {"adjudicator": 95, "round": 6}}, {"model": "availability.activeadjudicator", "pk": 158, "fields": {"adjudicator": 98, "round": 7}}, {"model": "availability.activeadjudicator", "pk": 159, "fields": {"adjudicator": 74, "round": 7}}, {"model": "availability.activeadjudicator", "pk": 160, "fields": {"adjudicator": 78, "round": 7}}, {"model": "availability.activeadjudicator", "pk": 161, "fields": {"adjudicator": 87, "round": 7}}, {"model": "availability.activeadjudicator", "pk": 162, "fields": {"adjudicator": 88, "round": 7}}, {"model": "availability.activeadjudicator", "pk": 163, "fields": {"adjudicator": 89, "round": 7}}, {"model": "availability.activeadjudicator", "pk": 164, "fields": {"adjudicator": 90, "round": 7}}, {"model": "availability.activeadjudicator", "pk": 165, "fields": {"adjudicator": 92, "round": 7}}, {"model": "availability.activeadjudicator", "pk": 166, "fields": {"adjudicator": 94, "round": 7}}, {"model": "availability.activeadjudicator", "pk": 167, "fields": {"adjudicator": 95, "round": 7}}, {"model": "availability.activeadjudicator", "pk": 174, "fields": {"adjudicator": 73, "round": 1}}, {"model": "availability.activeadjudicator", "pk": 175, "fields": {"adjudicator": 74, "round": 1}}, {"model": "availability.activeadjudicator", "pk": 176, "fields": {"adjudicator": 75, "round": 1}}, {"model": "availability.activeadjudicator", "pk": 177, "fields": {"adjudicator": 76, "round": 1}}, {"model": "availability.activeadjudicator", "pk": 178, "fields": {"adjudicator": 77, "round": 1}}, {"model": "availability.activeadjudicator", "pk": 179, "fields": {"adjudicator": 78, "round": 1}}, {"model": "availability.activeadjudicator", "pk": 180, "fields": {"adjudicator": 79, "round": 1}}, {"model": "availability.activeadjudicator", "pk": 181, "fields": {"adjudicator": 80, "round": 1}}, {"model": "availability.activeadjudicator", "pk": 182, "fields": {"adjudicator": 81, "round": 1}}, {"model": "availability.activeadjudicator", "pk": 183, "fields": {"adjudicator": 82, "round": 1}}, {"model": "availability.activeadjudicator", "pk": 184, "fields": {"adjudicator": 83, "round": 1}}, {"model": "availability.activeadjudicator", "pk": 185, "fields": {"adjudicator": 84, "round": 1}}, {"model": "availability.activeadjudicator", "pk": 186, "fields": {"adjudicator": 85, "round": 1}}, {"model": "availability.activeadjudicator", "pk": 187, "fields": {"adjudicator": 86, "round": 1}}, {"model": "availability.activeadjudicator", "pk": 188, "fields": {"adjudicator": 87, "round": 1}}, {"model": "availability.activeadjudicator", "pk": 189, "fields": {"adjudicator": 88, "round": 1}}, {"model": "availability.activeadjudicator", "pk": 190, "fields": {"adjudicator": 89, "round": 1}}, {"model": "availability.activeadjudicator", "pk": 191, "fields": {"adjudicator": 90, "round": 1}}, {"model": "availability.activeadjudicator", "pk": 192, "fields": {"adjudicator": 91, "round": 1}}, {"model": "availability.activeadjudicator", "pk": 193, "fields": {"adjudicator": 92, "round": 1}}, {"model": "availability.activeadjudicator", "pk": 194, "fields": {"adjudicator": 93, "round": 1}}, {"model": "availability.activeadjudicator", "pk": 195, "fields": {"adjudicator": 94, "round": 1}}, {"model": "availability.activeadjudicator", "pk": 196, "fields": {"adjudicator": 95, "round": 1}}, {"model": "availability.activeadjudicator", "pk": 197, "fields": {"adjudicator": 96, "round": 1}}, {"model": "availability.activeadjudicator", "pk": 198, "fields": {"adjudicator": 97, "round": 1}}, {"model": "availability.activeadjudicator", "pk": 199, "fields": {"adjudicator": 98, "round": 1}}, {"model": "availability.activeadjudicator", "pk": 200, "fields": {"adjudicator": 99, "round": 1}}, {"model": "breakqual.breakcategory", "pk": 1, "fields": {"tournament": 1, "name": "Open", "slug": "open", "seq": 10, "break_size": 8, "is_general": true, "priority": 10, "rule": "standard"}}, {"model": "breakqual.breakcategory", "pk": 2, "fields": {"tournament": 1, "name": "ESL", "slug": "esl", "seq": 20, "break_size": 4, "is_general": false, "priority": 20, "rule": "standard"}}, {"model": "breakqual.breakcategory", "pk": 3, "fields": {"tournament": 1, "name": "EFL", "slug": "efl", "seq": 30, "break_size": 2, "is_general": false, "priority": 30, "rule": "standard"}}, {"model": "breakqual.breakingteam", "pk": 44, "fields": {"break_category": 1, "team": 7, "rank": 1, "break_rank": 1, "remark": null}}, {"model": "breakqual.breakingteam", "pk": 45, "fields": {"break_category": 1, "team": 18, "rank": 2, "break_rank": 2, "remark": null}}, {"model": "breakqual.breakingteam", "pk": 46, "fields": {"break_category": 1, "team": 17, "rank": 3, "break_rank": 3, "remark": null}}, {"model": "breakqual.breakingteam", "pk": 47, "fields": {"break_category": 1, "team": 1, "rank": 4, "break_rank": 4, "remark": null}}, {"model": "breakqual.breakingteam", "pk": 48, "fields": {"break_category": 1, "team": 12, "rank": 5, "break_rank": 5, "remark": null}}, {"model": "breakqual.breakingteam", "pk": 49, "fields": {"break_category": 1, "team": 20, "rank": 6, "break_rank": 6, "remark": null}}, {"model": "breakqual.breakingteam", "pk": 50, "fields": {"break_category": 1, "team": 11, "rank": 7, "break_rank": 7, "remark": null}}, {"model": "breakqual.breakingteam", "pk": 51, "fields": {"break_category": 1, "team": 4, "rank": 8, "break_rank": 8, "remark": null}}, {"model": "breakqual.breakingteam", "pk": 52, "fields": {"break_category": 2, "team": 18, "rank": 1, "break_rank": null, "remark": "D"}}, {"model": "breakqual.breakingteam", "pk": 53, "fields": {"break_category": 2, "team": 17, "rank": 2, "break_rank": null, "remark": "D"}}, {"model": "breakqual.breakingteam", "pk": 54, "fields": {"break_category": 2, "team": 4, "rank": 3, "break_rank": null, "remark": "D"}}, {"model": "breakqual.breakingteam", "pk": 55, "fields": {"break_category": 2, "team": 10, "rank": 4, "break_rank": 1, "remark": null}}, {"model": "breakqual.breakingteam", "pk": 56, "fields": {"break_category": 2, "team": 6, "rank": 5, "break_rank": 2, "remark": null}}, {"model": "breakqual.breakingteam", "pk": 57, "fields": {"break_category": 2, "team": 5, "rank": 6, "break_rank": 3, "remark": null}}, {"model": "breakqual.breakingteam", "pk": 58, "fields": {"break_category": 2, "team": 9, "rank": 7, "break_rank": 4, "remark": null}}, {"model": "breakqual.breakingteam", "pk": 59, "fields": {"break_category": 3, "team": 4, "rank": 1, "break_rank": null, "remark": "D"}}, {"model": "breakqual.breakingteam", "pk": 60, "fields": {"break_category": 3, "team": 6, "rank": 2, "break_rank": null, "remark": "D"}}, {"model": "breakqual.breakingteam", "pk": 61, "fields": {"break_category": 3, "team": 5, "rank": 3, "break_rank": null, "remark": "D"}}, {"model": "breakqual.breakingteam", "pk": 62, "fields": {"break_category": 3, "team": 19, "rank": 4, "break_rank": 1, "remark": null}}, {"model": "draw.debate", "pk": 1, "fields": {"round": 1, "venue": 21, "division": null, "bracket": 0.0, "room_rank": 0, "time": null, "flags": "", "importance": 2, "result_status": "C", "ballot_in": false}}, {"model": "draw.debate", "pk": 2, "fields": {"round": 1, "venue": 23, "division": null, "bracket": 0.0, "room_rank": 0, "time": null, "flags": "", "importance": 2, "result_status": "C", "ballot_in": false}}, {"model": "draw.debate", "pk": 3, "fields": {"round": 1, "venue": 14, "division": null, "bracket": 0.0, "room_rank": 0, "time": null, "flags": "", "importance": 2, "result_status": "C", "ballot_in": false}}, {"model": "draw.debate", "pk": 4, "fields": {"round": 1, "venue": 18, "division": null, "bracket": 0.0, "room_rank": 0, "time": null, "flags": "", "importance": 2, "result_status": "C", "ballot_in": false}}, {"model": "draw.debate", "pk": 5, "fields": {"round": 1, "venue": 1, "division": null, "bracket": 0.0, "room_rank": 0, "time": null, "flags": "", "importance": 2, "result_status": "C", "ballot_in": false}}, {"model": "draw.debate", "pk": 6, "fields": {"round": 1, "venue": 19, "division": null, "bracket": 0.0, "room_rank": 0, "time": null, "flags": "", "importance": 2, "result_status": "C", "ballot_in": false}}, {"model": "draw.debate", "pk": 7, "fields": {"round": 1, "venue": 22, "division": null, "bracket": 0.0, "room_rank": 0, "time": null, "flags": "", "importance": 2, "result_status": "C", "ballot_in": false}}, {"model": "draw.debate", "pk": 8, "fields": {"round": 1, "venue": 17, "division": null, "bracket": 0.0, "room_rank": 0, "time": null, "flags": "", "importance": 2, "result_status": "C", "ballot_in": false}}, {"model": "draw.debate", "pk": 9, "fields": {"round": 1, "venue": 16, "division": null, "bracket": 0.0, "room_rank": 0, "time": null, "flags": "", "importance": 2, "result_status": "C", "ballot_in": false}}, {"model": "draw.debate", "pk": 10, "fields": {"round": 1, "venue": 20, "division": null, "bracket": 0.0, "room_rank": 0, "time": null, "flags": "", "importance": 2, "result_status": "C", "ballot_in": false}}, {"model": "draw.debate", "pk": 11, "fields": {"round": 1, "venue": 13, "division": null, "bracket": 0.0, "room_rank": 0, "time": null, "flags": "", "importance": 2, "result_status": "C", "ballot_in": false}}, {"model": "draw.debate", "pk": 12, "fields": {"round": 1, "venue": 15, "division": null, "bracket": 0.0, "room_rank": 0, "time": null, "flags": "", "importance": 2, "result_status": "C", "ballot_in": false}}, {"model": "draw.debate", "pk": 13, "fields": {"round": 2, "venue": 17, "division": null, "bracket": 1.0, "room_rank": 3, "time": null, "flags": "", "importance": 2, "result_status": "C", "ballot_in": false}}, {"model": "draw.debate", "pk": 14, "fields": {"round": 2, "venue": 20, "division": null, "bracket": 0.0, "room_rank": 12, "time": null, "flags": "", "importance": 2, "result_status": "C", "ballot_in": false}}, {"model": "draw.debate", "pk": 15, "fields": {"round": 2, "venue": 1, "division": null, "bracket": 1.0, "room_rank": 6, "time": null, "flags": "", "importance": 2, "result_status": "C", "ballot_in": false}}, {"model": "draw.debate", "pk": 16, "fields": {"round": 2, "venue": 22, "division": null, "bracket": 0.0, "room_rank": 7, "time": null, "flags": "", "importance": 2, "result_status": "C", "ballot_in": false}}, {"model": "draw.debate", "pk": 17, "fields": {"round": 2, "venue": 23, "division": null, "bracket": 1.0, "room_rank": 4, "time": null, "flags": "1u1d_inst", "importance": 2, "result_status": "C", "ballot_in": false}}, {"model": "draw.debate", "pk": 18, "fields": {"round": 2, "venue": 15, "division": null, "bracket": 1.0, "room_rank": 5, "time": null, "flags": "1u1d_other", "importance": 2, "result_status": "C", "ballot_in": false}}, {"model": "draw.debate", "pk": 19, "fields": {"round": 2, "venue": 14, "division": null, "bracket": 1.0, "room_rank": 1, "time": null, "flags": "", "importance": 2, "result_status": "C", "ballot_in": false}}, {"model": "draw.debate", "pk": 20, "fields": {"round": 2, "venue": 19, "division": null, "bracket": 0.0, "room_rank": 8, "time": null, "flags": "", "importance": 2, "result_status": "C", "ballot_in": false}}, {"model": "draw.debate", "pk": 21, "fields": {"round": 2, "venue": 13, "division": null, "bracket": 0.0, "room_rank": 11, "time": null, "flags": "", "importance": 2, "result_status": "C", "ballot_in": false}}, {"model": "draw.debate", "pk": 22, "fields": {"round": 2, "venue": 18, "division": null, "bracket": 0.0, "room_rank": 10, "time": null, "flags": "", "importance": 2, "result_status": "C", "ballot_in": false}}, {"model": "draw.debate", "pk": 23, "fields": {"round": 2, "venue": 16, "division": null, "bracket": 1.0, "room_rank": 2, "time": null, "flags": "", "importance": 2, "result_status": "C", "ballot_in": false}}, {"model": "draw.debate", "pk": 24, "fields": {"round": 2, "venue": 21, "division": null, "bracket": 0.0, "room_rank": 9, "time": null, "flags": "", "importance": 2, "result_status": "C", "ballot_in": false}}, {"model": "draw.debate", "pk": 25, "fields": {"round": 3, "venue": 20, "division": null, "bracket": 1.0, "room_rank": 4, "time": null, "flags": "", "importance": 2, "result_status": "C", "ballot_in": false}}, {"model": "draw.debate", "pk": 26, "fields": {"round": 3, "venue": 14, "division": null, "bracket": 2.0, "room_rank": 3, "time": null, "flags": "", "importance": 2, "result_status": "C", "ballot_in": false}}, {"model": "draw.debate", "pk": 27, "fields": {"round": 3, "venue": 16, "division": null, "bracket": 1.0, "room_rank": 8, "time": null, "flags": "", "importance": 2, "result_status": "C", "ballot_in": false}}, {"model": "draw.debate", "pk": 28, "fields": {"round": 3, "venue": 18, "division": null, "bracket": 1.0, "room_rank": 9, "time": null, "flags": "", "importance": 2, "result_status": "C", "ballot_in": false}}, {"model": "draw.debate", "pk": 29, "fields": {"round": 3, "venue": 21, "division": null, "bracket": 0.0, "room_rank": 12, "time": null, "flags": "1u1d_other", "importance": 2, "result_status": "C", "ballot_in": false}}, {"model": "draw.debate", "pk": 30, "fields": {"round": 3, "venue": 17, "division": null, "bracket": 1.0, "room_rank": 6, "time": null, "flags": "", "importance": 2, "result_status": "C", "ballot_in": false}}, {"model": "draw.debate", "pk": 31, "fields": {"round": 3, "venue": 23, "division": null, "bracket": 2.0, "room_rank": 1, "time": null, "flags": "", "importance": 2, "result_status": "C", "ballot_in": false}}, {"model": "draw.debate", "pk": 32, "fields": {"round": 3, "venue": 1, "division": null, "bracket": 1.0, "room_rank": 5, "time": null, "flags": "", "importance": 2, "result_status": "C", "ballot_in": false}}, {"model": "draw.debate", "pk": 33, "fields": {"round": 3, "venue": 19, "division": null, "bracket": 2.0, "room_rank": 2, "time": null, "flags": "", "importance": 2, "result_status": "C", "ballot_in": false}}, {"model": "draw.debate", "pk": 34, "fields": {"round": 3, "venue": 22, "division": null, "bracket": 0.0, "room_rank": 11, "time": null, "flags": "1u1d_inst", "importance": 2, "result_status": "C", "ballot_in": false}}, {"model": "draw.debate", "pk": 35, "fields": {"round": 3, "venue": 13, "division": null, "bracket": 0.0, "room_rank": 10, "time": null, "flags": "", "importance": 2, "result_status": "C", "ballot_in": false}}, {"model": "draw.debate", "pk": 36, "fields": {"round": 3, "venue": 15, "division": null, "bracket": 1.0, "room_rank": 7, "time": null, "flags": "", "importance": 2, "result_status": "C", "ballot_in": false}}, {"model": "draw.debate", "pk": 37, "fields": {"round": 4, "venue": 23, "division": null, "bracket": 1.0, "room_rank": 7, "time": null, "flags": "", "importance": 2, "result_status": "C", "ballot_in": false}}, {"model": "draw.debate", "pk": 38, "fields": {"round": 4, "venue": 16, "division": null, "bracket": 3.0, "room_rank": 1, "time": null, "flags": "", "importance": 2, "result_status": "C", "ballot_in": false}}, {"model": "draw.debate", "pk": 39, "fields": {"round": 4, "venue": 18, "division": null, "bracket": 1.0, "room_rank": 9, "time": null, "flags": "", "importance": 2, "result_status": "C", "ballot_in": false}}, {"model": "draw.debate", "pk": 40, "fields": {"round": 4, "venue": 15, "division": null, "bracket": 1.0, "room_rank": 8, "time": null, "flags": "", "importance": 2, "result_status": "C", "ballot_in": false}}, {"model": "draw.debate", "pk": 41, "fields": {"round": 4, "venue": 21, "division": null, "bracket": 1.0, "room_rank": 10, "time": null, "flags": "", "importance": 2, "result_status": "C", "ballot_in": false}}, {"model": "draw.debate", "pk": 42, "fields": {"round": 4, "venue": 13, "division": null, "bracket": 0.0, "room_rank": 12, "time": null, "flags": "", "importance": 2, "result_status": "C", "ballot_in": false}}, {"model": "draw.debate", "pk": 43, "fields": {"round": 4, "venue": 17, "division": null, "bracket": 0.5, "room_rank": 11, "time": null, "flags": "", "importance": 2, "result_status": "C", "ballot_in": false}}, {"model": "draw.debate", "pk": 44, "fields": {"round": 4, "venue": 1, "division": null, "bracket": 2.0, "room_rank": 5, "time": null, "flags": "", "importance": 2, "result_status": "C", "ballot_in": false}}, {"model": "draw.debate", "pk": 45, "fields": {"round": 4, "venue": 19, "division": null, "bracket": 2.0, "room_rank": 6, "time": null, "flags": "", "importance": 2, "result_status": "C", "ballot_in": false}}, {"model": "draw.debate", "pk": 46, "fields": {"round": 4, "venue": 22, "division": null, "bracket": 2.5, "room_rank": 2, "time": null, "flags": "", "importance": 2, "result_status": "C", "ballot_in": false}}, {"model": "draw.debate", "pk": 47, "fields": {"round": 4, "venue": 14, "division": null, "bracket": 2.0, "room_rank": 4, "time": null, "flags": "", "importance": 2, "result_status": "C", "ballot_in": false}}, {"model": "draw.debate", "pk": 48, "fields": {"round": 4, "venue": 20, "division": null, "bracket": 2.0, "room_rank": 3, "time": null, "flags": "", "importance": 2, "result_status": "C", "ballot_in": false}}, {"model": "draw.debate", "pk": 61, "fields": {"round": 6, "venue": 23, "division": null, "bracket": 0.0, "room_rank": 1, "time": null, "flags": "", "importance": 2, "result_status": "N", "ballot_in": false}}, {"model": "draw.debate", "pk": 62, "fields": {"round": 6, "venue": 22, "division": null, "bracket": 0.0, "room_rank": 2, "time": null, "flags": "", "importance": 2, "result_status": "N", "ballot_in": false}}, {"model": "draw.debate", "pk": 67, "fields": {"round": 7, "venue": 9, "division": null, "bracket": 0.0, "room_rank": 2, "time": null, "flags": "", "importance": 2, "result_status": "N", "ballot_in": false}}, {"model": "draw.debate", "pk": 68, "fields": {"round": 7, "venue": 16, "division": null, "bracket": 0.0, "room_rank": 1, "time": null, "flags": "", "importance": 2, "result_status": "N", "ballot_in": false}}, {"model": "draw.debateteam", "pk": 1, "fields": {"debate": 1, "team": 3, "position": "A"}}, {"model": "draw.debateteam", "pk": 2, "fields": {"debate": 1, "team": 21, "position": "N"}}, {"model": "draw.debateteam", "pk": 3, "fields": {"debate": 2, "team": 20, "position": "A"}}, {"model": "draw.debateteam", "pk": 4, "fields": {"debate": 2, "team": 9, "position": "N"}}, {"model": "draw.debateteam", "pk": 5, "fields": {"debate": 3, "team": 2, "position": "A"}}, {"model": "draw.debateteam", "pk": 6, "fields": {"debate": 3, "team": 13, "position": "N"}}, {"model": "draw.debateteam", "pk": 7, "fields": {"debate": 4, "team": 7, "position": "A"}}, {"model": "draw.debateteam", "pk": 8, "fields": {"debate": 4, "team": 24, "position": "N"}}, {"model": "draw.debateteam", "pk": 9, "fields": {"debate": 5, "team": 6, "position": "A"}}, {"model": "draw.debateteam", "pk": 10, "fields": {"debate": 5, "team": 22, "position": "N"}}, {"model": "draw.debateteam", "pk": 11, "fields": {"debate": 6, "team": 5, "position": "A"}}, {"model": "draw.debateteam", "pk": 12, "fields": {"debate": 6, "team": 10, "position": "N"}}, {"model": "draw.debateteam", "pk": 13, "fields": {"debate": 7, "team": 12, "position": "A"}}, {"model": "draw.debateteam", "pk": 14, "fields": {"debate": 7, "team": 16, "position": "N"}}, {"model": "draw.debateteam", "pk": 15, "fields": {"debate": 8, "team": 19, "position": "A"}}, {"model": "draw.debateteam", "pk": 16, "fields": {"debate": 8, "team": 15, "position": "N"}}, {"model": "draw.debateteam", "pk": 17, "fields": {"debate": 9, "team": 17, "position": "A"}}, {"model": "draw.debateteam", "pk": 18, "fields": {"debate": 9, "team": 1, "position": "N"}}, {"model": "draw.debateteam", "pk": 19, "fields": {"debate": 10, "team": 23, "position": "A"}}, {"model": "draw.debateteam", "pk": 20, "fields": {"debate": 10, "team": 11, "position": "N"}}, {"model": "draw.debateteam", "pk": 21, "fields": {"debate": 11, "team": 4, "position": "A"}}, {"model": "draw.debateteam", "pk": 22, "fields": {"debate": 11, "team": 8, "position": "N"}}, {"model": "draw.debateteam", "pk": 23, "fields": {"debate": 12, "team": 14, "position": "A"}}, {"model": "draw.debateteam", "pk": 24, "fields": {"debate": 12, "team": 18, "position": "N"}}, {"model": "draw.debateteam", "pk": 25, "fields": {"debate": 13, "team": 16, "position": "A"}}, {"model": "draw.debateteam", "pk": 26, "fields": {"debate": 13, "team": 2, "position": "N"}}, {"model": "draw.debateteam", "pk": 27, "fields": {"debate": 14, "team": 13, "position": "A"}}, {"model": "draw.debateteam", "pk": 28, "fields": {"debate": 14, "team": 12, "position": "N"}}, {"model": "draw.debateteam", "pk": 29, "fields": {"debate": 15, "team": 15, "position": "A"}}, {"model": "draw.debateteam", "pk": 30, "fields": {"debate": 15, "team": 7, "position": "N"}}, {"model": "draw.debateteam", "pk": 31, "fields": {"debate": 16, "team": 22, "position": "A"}}, {"model": "draw.debateteam", "pk": 32, "fields": {"debate": 16, "team": 4, "position": "N"}}, {"model": "draw.debateteam", "pk": 33, "fields": {"debate": 17, "team": 18, "position": "A"}}, {"model": "draw.debateteam", "pk": 34, "fields": {"debate": 17, "team": 3, "position": "N"}}, {"model": "draw.debateteam", "pk": 35, "fields": {"debate": 18, "team": 1, "position": "A"}}, {"model": "draw.debateteam", "pk": 36, "fields": {"debate": 18, "team": 6, "position": "N"}}, {"model": "draw.debateteam", "pk": 37, "fields": {"debate": 19, "team": 11, "position": "A"}}, {"model": "draw.debateteam", "pk": 38, "fields": {"debate": 19, "team": 5, "position": "N"}}, {"model": "draw.debateteam", "pk": 39, "fields": {"debate": 20, "team": 24, "position": "A"}}, {"model": "draw.debateteam", "pk": 40, "fields": {"debate": 20, "team": 21, "position": "N"}}, {"model": "draw.debateteam", "pk": 41, "fields": {"debate": 21, "team": 17, "position": "A"}}, {"model": "draw.debateteam", "pk": 42, "fields": {"debate": 21, "team": 23, "position": "N"}}, {"model": "draw.debateteam", "pk": 43, "fields": {"debate": 22, "team": 14, "position": "A"}}, {"model": "draw.debateteam", "pk": 44, "fields": {"debate": 22, "team": 20, "position": "N"}}, {"model": "draw.debateteam", "pk": 45, "fields": {"debate": 23, "team": 9, "position": "A"}}, {"model": "draw.debateteam", "pk": 46, "fields": {"debate": 23, "team": 8, "position": "N"}}, {"model": "draw.debateteam", "pk": 47, "fields": {"debate": 24, "team": 10, "position": "A"}}, {"model": "draw.debateteam", "pk": 48, "fields": {"debate": 24, "team": 19, "position": "N"}}, {"model": "draw.debateteam", "pk": 49, "fields": {"debate": 25, "team": 3, "position": "A"}}, {"model": "draw.debateteam", "pk": 50, "fields": {"debate": 25, "team": 4, "position": "N"}}, {"model": "draw.debateteam", "pk": 51, "fields": {"debate": 26, "team": 1, "position": "A"}}, {"model": "draw.debateteam", "pk": 52, "fields": {"debate": 26, "team": 18, "position": "N"}}, {"model": "draw.debateteam", "pk": 53, "fields": {"debate": 27, "team": 15, "position": "A"}}, {"model": "draw.debateteam", "pk": 54, "fields": {"debate": 27, "team": 6, "position": "N"}}, {"model": "draw.debateteam", "pk": 55, "fields": {"debate": 28, "team": 21, "position": "A"}}, {"model": "draw.debateteam", "pk": 56, "fields": {"debate": 28, "team": 12, "position": "N"}}, {"model": "draw.debateteam", "pk": 57, "fields": {"debate": 29, "team": 24, "position": "A"}}, {"model": "draw.debateteam", "pk": 58, "fields": {"debate": 29, "team": 19, "position": "N"}}, {"model": "draw.debateteam", "pk": 59, "fields": {"debate": 30, "team": 10, "position": "A"}}, {"model": "draw.debateteam", "pk": 60, "fields": {"debate": 30, "team": 2, "position": "N"}}, {"model": "draw.debateteam", "pk": 61, "fields": {"debate": 31, "team": 9, "position": "A"}}, {"model": "draw.debateteam", "pk": 62, "fields": {"debate": 31, "team": 7, "position": "N"}}, {"model": "draw.debateteam", "pk": 63, "fields": {"debate": 32, "team": 20, "position": "A"}}, {"model": "draw.debateteam", "pk": 64, "fields": {"debate": 32, "team": 5, "position": "N"}}, {"model": "draw.debateteam", "pk": 65, "fields": {"debate": 33, "team": 16, "position": "A"}}, {"model": "draw.debateteam", "pk": 66, "fields": {"debate": 33, "team": 11, "position": "N"}}, {"model": "draw.debateteam", "pk": 67, "fields": {"debate": 34, "team": 23, "position": "A"}}, {"model": "draw.debateteam", "pk": 68, "fields": {"debate": 34, "team": 14, "position": "N"}}, {"model": "draw.debateteam", "pk": 69, "fields": {"debate": 35, "team": 22, "position": "A"}}, {"model": "draw.debateteam", "pk": 70, "fields": {"debate": 35, "team": 13, "position": "N"}}, {"model": "draw.debateteam", "pk": 71, "fields": {"debate": 36, "team": 8, "position": "A"}}, {"model": "draw.debateteam", "pk": 72, "fields": {"debate": 36, "team": 17, "position": "N"}}, {"model": "draw.debateteam", "pk": 73, "fields": {"debate": 37, "team": 19, "position": "A"}}, {"model": "draw.debateteam", "pk": 74, "fields": {"debate": 37, "team": 22, "position": "N"}}, {"model": "draw.debateteam", "pk": 75, "fields": {"debate": 38, "team": 11, "position": "A"}}, {"model": "draw.debateteam", "pk": 76, "fields": {"debate": 38, "team": 7, "position": "N"}}, {"model": "draw.debateteam", "pk": 77, "fields": {"debate": 39, "team": 8, "position": "A"}}, {"model": "draw.debateteam", "pk": 78, "fields": {"debate": 39, "team": 5, "position": "N"}}, {"model": "draw.debateteam", "pk": 79, "fields": {"debate": 40, "team": 3, "position": "A"}}, {"model": "draw.debateteam", "pk": 80, "fields": {"debate": 40, "team": 23, "position": "N"}}, {"model": "draw.debateteam", "pk": 81, "fields": {"debate": 41, "team": 21, "position": "A"}}, {"model": "draw.debateteam", "pk": 82, "fields": {"debate": 41, "team": 15, "position": "N"}}, {"model": "draw.debateteam", "pk": 83, "fields": {"debate": 42, "team": 13, "position": "A"}}, {"model": "draw.debateteam", "pk": 84, "fields": {"debate": 42, "team": 14, "position": "N"}}, {"model": "draw.debateteam", "pk": 85, "fields": {"debate": 43, "team": 2, "position": "A"}}, {"model": "draw.debateteam", "pk": 86, "fields": {"debate": 43, "team": 24, "position": "N"}}, {"model": "draw.debateteam", "pk": 87, "fields": {"debate": 44, "team": 12, "position": "A"}}, {"model": "draw.debateteam", "pk": 88, "fields": {"debate": 44, "team": 9, "position": "N"}}, {"model": "draw.debateteam", "pk": 89, "fields": {"debate": 45, "team": 16, "position": "A"}}, {"model": "draw.debateteam", "pk": 90, "fields": {"debate": 45, "team": 1, "position": "N"}}, {"model": "draw.debateteam", "pk": 91, "fields": {"debate": 46, "team": 4, "position": "A"}}, {"model": "draw.debateteam", "pk": 92, "fields": {"debate": 46, "team": 18, "position": "N"}}, {"model": "draw.debateteam", "pk": 93, "fields": {"debate": 47, "team": 6, "position": "A"}}, {"model": "draw.debateteam", "pk": 94, "fields": {"debate": 47, "team": 20, "position": "N"}}, {"model": "draw.debateteam", "pk": 95, "fields": {"debate": 48, "team": 17, "position": "A"}}, {"model": "draw.debateteam", "pk": 96, "fields": {"debate": 48, "team": 10, "position": "N"}}, {"model": "draw.debateteam", "pk": 121, "fields": {"debate": 61, "team": 10, "position": "A"}}, {"model": "draw.debateteam", "pk": 122, "fields": {"debate": 61, "team": 9, "position": "N"}}, {"model": "draw.debateteam", "pk": 123, "fields": {"debate": 62, "team": 6, "position": "A"}}, {"model": "draw.debateteam", "pk": 124, "fields": {"debate": 62, "team": 5, "position": "N"}}, {"model": "draw.debateteam", "pk": 133, "fields": {"debate": 67, "team": 12, "position": "A"}}, {"model": "draw.debateteam", "pk": 134, "fields": {"debate": 67, "team": 20, "position": "N"}}, {"model": "draw.debateteam", "pk": 135, "fields": {"debate": 68, "team": 18, "position": "A"}}, {"model": "draw.debateteam", "pk": 136, "fields": {"debate": 68, "team": 4, "position": "N"}}, {"model": "motions.motion", "pk": 1, "fields": {"seq": 1, "text": "This House would abolish national days", "reference": "National days", "flagged": false, "round": 1, "divisions": []}}, {"model": "motions.motion", "pk": 2, "fields": {"seq": 2, "text": "This House regrets the existence of Valentine's Day", "reference": "Valentine\u2019s Day", "flagged": false, "round": 1, "divisions": []}}, {"model": "motions.motion", "pk": 3, "fields": {"seq": 3, "text": "This House would rename Christmas with a name that is religiously neutral", "reference": "Christmas", "flagged": false, "round": 1, "divisions": []}}, {"model": "motions.motion", "pk": 4, "fields": {"seq": 1, "text": "This House would not buy Apple", "reference": "Apple", "flagged": false, "round": 2, "divisions": []}}, {"model": "motions.motion", "pk": 5, "fields": {"seq": 2, "text": "This House would end all research and development tax credits for highly profitable technology companies", "reference": "R&D tax credit", "flagged": false, "round": 2, "divisions": []}}, {"model": "motions.motion", "pk": 6, "fields": {"seq": 3, "text": "This House regrets the rise of computer science at the expense of the humanities", "reference": "Computer science", "flagged": false, "round": 2, "divisions": []}}, {"model": "motions.motion", "pk": 7, "fields": {"seq": 1, "text": "This House would favour creativity over intelligence", "reference": "Creativity and intelligence", "flagged": false, "round": 3, "divisions": []}}, {"model": "motions.motion", "pk": 8, "fields": {"seq": 2, "text": "This House believes that field hockey is better than ice hockey", "reference": "Hockey", "flagged": false, "round": 3, "divisions": []}}, {"model": "motions.motion", "pk": 9, "fields": {"seq": 3, "text": "This House would rather play with Lego than Barbie", "reference": "Lego and Barbie", "flagged": false, "round": 3, "divisions": []}}, {"model": "motions.motion", "pk": 10, "fields": {"seq": 1, "text": "This House would stop importing bananas from Latin America", "reference": "Bananas", "flagged": false, "round": 4, "divisions": []}}, {"model": "motions.motion", "pk": 11, "fields": {"seq": 2, "text": "This House believes that tomatoes are a fruit", "reference": "Tomatoes", "flagged": false, "round": 4, "divisions": []}}, {"model": "motions.motion", "pk": 12, "fields": {"seq": 3, "text": "This House would require all fruit to carry labels noting what pesticides are used on them", "reference": "Pesticide labelling", "flagged": false, "round": 4, "divisions": []}}, {"model": "motions.motion", "pk": 13, "fields": {"seq": 1, "text": "This House would make an exception to laws forbidding indecent exposure for days with hot temperatures", "reference": "Indecent exposure", "flagged": false, "round": 7, "divisions": []}}, {"model": "motions.motion", "pk": 14, "fields": {"seq": 2, "text": "This House regrets the development of different fashion lines for men and women", "reference": "Gender and fashion", "flagged": false, "round": 7, "divisions": []}}, {"model": "motions.motion", "pk": 15, "fields": {"seq": 3, "text": "This House believes that it is unprofessional to wear flip-flops (jandals, thongs) to work", "reference": "Flip-flops", "flagged": false, "round": 7, "divisions": []}}, {"model": "motions.motion", "pk": 16, "fields": {"seq": 1, "text": "This House would stop using cash", "reference": "Cash", "flagged": false, "round": 10, "divisions": []}}, {"model": "motions.motion", "pk": 17, "fields": {"seq": 2, "text": "This House supports Bitcoin", "reference": "Bitcoin", "flagged": false, "round": 10, "divisions": []}}, {"model": "motions.motion", "pk": 18, "fields": {"seq": 3, "text": "This House would allow private organisations to compete in providing currency", "reference": "Private currency", "flagged": false, "round": 10, "divisions": []}}, {"model": "participants.region", "pk": 1, "fields": {"name": "NY", "tournament": 1}}, {"model": "participants.region", "pk": 2, "fields": {"name": "MA", "tournament": 1}}, {"model": "participants.region", "pk": 3, "fields": {"name": "MD", "tournament": 1}}, {"model": "participants.region", "pk": 4, "fields": {"name": "CT", "tournament": 1}}, {"model": "participants.region", "pk": 5, "fields": {"name": "PA", "tournament": 1}}, {"model": "participants.region", "pk": 6, "fields": {"name": "CA", "tournament": 1}}, {"model": "participants.region", "pk": 7, "fields": {"name": "Other", "tournament": 1}}, {"model": "participants.institution", "pk": 1, "fields": {"name": "California Institute of Technology", "code": "Caltech", "abbreviation": "Calt", "region": 6}}, {"model": "participants.institution", "pk": 2, "fields": {"name": "Columbia University", "code": "Columbia", "abbreviation": "Colum", "region": 1}}, {"model": "participants.institution", "pk": 3, "fields": {"name": "Cornell University", "code": "Cornell", "abbreviation": "Corn", "region": 1}}, {"model": "participants.institution", "pk": 4, "fields": {"name": "Harvard University", "code": "Harvard", "abbreviation": "Harv", "region": 2}}, {"model": "participants.institution", "pk": 5, "fields": {"name": "Johns Hopkins University", "code": "Johns Hopkins", "abbreviation": "JHU", "region": 3}}, {"model": "participants.institution", "pk": 6, "fields": {"name": "Massachusetts Institute of Technology", "code": "MIT", "abbreviation": "MIT", "region": 2}}, {"model": "participants.institution", "pk": 7, "fields": {"name": "Princeton University", "code": "Princeton", "abbreviation": "Prin", "region": null}}, {"model": "participants.institution", "pk": 8, "fields": {"name": "Stanford University", "code": "Stanford", "abbreviation": "Stan", "region": 6}}, {"model": "participants.institution", "pk": 9, "fields": {"name": "University of California, Berkeley", "code": "Berkeley", "abbreviation": "Cal", "region": 6}}, {"model": "participants.institution", "pk": 10, "fields": {"name": "University of Chicago", "code": "Chicago", "abbreviation": "Chic", "region": null}}, {"model": "participants.institution", "pk": 11, "fields": {"name": "University of Pennsylvania", "code": "Pennsylvania", "abbreviation": "Penn", "region": 5}}, {"model": "participants.institution", "pk": 12, "fields": {"name": "University of Toronto", "code": "Toronto", "abbreviation": "Toron", "region": null}}, {"model": "participants.institution", "pk": 13, "fields": {"name": "Yale University", "code": "Yale", "abbreviation": "Yale", "region": 4}}, {"model": "participants.person", "pk": 1, "fields": {"name": "Georgia Crawford", "barcode_id": null, "email": null, "phone": null, "novice": false, "checkin_message": "", "notes": null, "gender": "F", "pronoun": "she"}}, {"model": "participants.person", "pk": 2, "fields": {"name": "Wanda Griffin", "barcode_id": null, "email": null, "phone": null, "novice": true, "checkin_message": "", "notes": null, "gender": "F", "pronoun": "she"}}, {"model": "participants.person", "pk": 3, "fields": {"name": "Helen Keller", "barcode_id": null, "email": null, "phone": null, "novice": false, "checkin_message": "", "notes": null, "gender": "F", "pronoun": "she"}}, {"model": "participants.person", "pk": 4, "fields": {"name": "Russell Warren", "barcode_id": null, "email": null, "phone": null, "novice": false, "checkin_message": "", "notes": null, "gender": "M", "pronoun": "he"}}, {"model": "participants.person", "pk": 5, "fields": {"name": "Angel Rhodes", "barcode_id": null, "email": null, "phone": null, "novice": true, "checkin_message": "", "notes": null, "gender": null, "pronoun": "they"}}, {"model": "participants.person", "pk": 6, "fields": {"name": "Terry Henderson", "barcode_id": null, "email": null, "phone": null, "novice": false, "checkin_message": "", "notes": null, "gender": "M", "pronoun": "he"}}, {"model": "participants.person", "pk": 7, "fields": {"name": "Kyle Ruiz", "barcode_id": null, "email": null, "phone": null, "novice": false, "checkin_message": "", "notes": null, "gender": "M", "pronoun": "he"}}, {"model": "participants.person", "pk": 8, "fields": {"name": "Randolph Lambert", "barcode_id": null, "email": null, "phone": null, "novice": true, "checkin_message": "", "notes": null, "gender": "M", "pronoun": null}}, {"model": "participants.person", "pk": 9, "fields": {"name": "Sergio Pittman", "barcode_id": null, "email": null, "phone": null, "novice": false, "checkin_message": "", "notes": null, "gender": "M", "pronoun": "he"}}, {"model": "participants.person", "pk": 10, "fields": {"name": "Earnest Becker", "barcode_id": null, "email": null, "phone": null, "novice": false, "checkin_message": "", "notes": null, "gender": "M", "pronoun": "he"}}, {"model": "participants.person", "pk": 11, "fields": {"name": "Ellis Rowe", "barcode_id": null, "email": null, "phone": null, "novice": false, "checkin_message": "", "notes": null, "gender": "M", "pronoun": "he"}}, {"model": "participants.person", "pk": 12, "fields": {"name": "Robin Roberson", "barcode_id": null, "email": null, "phone": null, "novice": true, "checkin_message": "", "notes": null, "gender": "M", "pronoun": "he"}}, {"model": "participants.person", "pk": 13, "fields": {"name": "Gwen Newman", "barcode_id": null, "email": null, "phone": null, "novice": true, "checkin_message": "", "notes": null, "gender": "F", "pronoun": "she"}}, {"model": "participants.person", "pk": 14, "fields": {"name": "Robyn Caldwell", "barcode_id": null, "email": null, "phone": null, "novice": false, "checkin_message": "", "notes": null, "gender": "F", "pronoun": null}}, {"model": "participants.person", "pk": 15, "fields": {"name": "Angie Holt", "barcode_id": null, "email": null, "phone": null, "novice": true, "checkin_message": "", "notes": null, "gender": "F", "pronoun": "she"}}, {"model": "participants.person", "pk": 16, "fields": {"name": "Melvin Jordan", "barcode_id": null, "email": null, "phone": null, "novice": false, "checkin_message": "", "notes": null, "gender": "M", "pronoun": "he"}}, {"model": "participants.person", "pk": 17, "fields": {"name": "Gladys Burke", "barcode_id": null, "email": null, "phone": null, "novice": false, "checkin_message": "", "notes": null, "gender": "F", "pronoun": null}}, {"model": "participants.person", "pk": 18, "fields": {"name": "Patty Saunders", "barcode_id": null, "email": null, "phone": null, "novice": false, "checkin_message": "", "notes": null, "gender": "M", "pronoun": "he"}}, {"model": "participants.person", "pk": 19, "fields": {"name": "Thomas Pierce", "barcode_id": null, "email": null, "phone": null, "novice": true, "checkin_message": "", "notes": null, "gender": "M", "pronoun": "he"}}, {"model": "participants.person", "pk": 20, "fields": {"name": "Stella Lindsey", "barcode_id": null, "email": null, "phone": null, "novice": true, "checkin_message": "", "notes": null, "gender": "F", "pronoun": "she"}}, {"model": "participants.person", "pk": 21, "fields": {"name": "Adrian May", "barcode_id": null, "email": null, "phone": null, "novice": true, "checkin_message": "", "notes": null, "gender": "M", "pronoun": "he"}}, {"model": "participants.person", "pk": 22, "fields": {"name": "Taylor Brown", "barcode_id": null, "email": null, "phone": null, "novice": false, "checkin_message": "", "notes": null, "gender": "M", "pronoun": null}}, {"model": "participants.person", "pk": 23, "fields": {"name": "Bethany Chambers", "barcode_id": null, "email": null, "phone": null, "novice": true, "checkin_message": "", "notes": null, "gender": "M", "pronoun": "he"}}, {"model": "participants.person", "pk": 24, "fields": {"name": "Pamela Bryan", "barcode_id": null, "email": null, "phone": null, "novice": true, "checkin_message": "", "notes": null, "gender": "F", "pronoun": "she"}}, {"model": "participants.person", "pk": 25, "fields": {"name": "Janet Nunez", "barcode_id": null, "email": null, "phone": null, "novice": true, "checkin_message": "", "notes": null, "gender": "F", "pronoun": "she"}}, {"model": "participants.person", "pk": 26, "fields": {"name": "Owen Chandler", "barcode_id": null, "email": null, "phone": null, "novice": true, "checkin_message": "", "notes": null, "gender": "M", "pronoun": null}}, {"model": "participants.person", "pk": 27, "fields": {"name": "Lillie Rodriquez", "barcode_id": null, "email": null, "phone": null, "novice": true, "checkin_message": "", "notes": null, "gender": "F", "pronoun": "she"}}, {"model": "participants.person", "pk": 28, "fields": {"name": "Rufus Dennis", "barcode_id": null, "email": null, "phone": null, "novice": false, "checkin_message": "", "notes": null, "gender": "M", "pronoun": "he"}}, {"model": "participants.person", "pk": 29, "fields": {"name": "Marty Love", "barcode_id": null, "email": null, "phone": null, "novice": true, "checkin_message": "", "notes": null, "gender": "M", "pronoun": "he"}}, {"model": "participants.person", "pk": 30, "fields": {"name": "Shelia Wright", "barcode_id": null, "email": null, "phone": null, "novice": false, "checkin_message": "", "notes": null, "gender": "F", "pronoun": "she"}}, {"model": "participants.person", "pk": 31, "fields": {"name": "Clark Mills", "barcode_id": null, "email": null, "phone": null, "novice": true, "checkin_message": "", "notes": null, "gender": "M", "pronoun": "he"}}, {"model": "participants.person", "pk": 32, "fields": {"name": "Randy Carroll", "barcode_id": null, "email": null, "phone": null, "novice": true, "checkin_message": "", "notes": null, "gender": "M", "pronoun": "he"}}, {"model": "participants.person", "pk": 33, "fields": {"name": "Casey Sparks", "barcode_id": null, "email": null, "phone": null, "novice": true, "checkin_message": "", "notes": null, "gender": "M", "pronoun": "he"}}, {"model": "participants.person", "pk": 34, "fields": {"name": "Candace Bowen", "barcode_id": null, "email": null, "phone": null, "novice": true, "checkin_message": "", "notes": null, "gender": "F", "pronoun": "she"}}, {"model": "participants.person", "pk": 35, "fields": {"name": "Jaime Long", "barcode_id": null, "email": null, "phone": null, "novice": true, "checkin_message": "", "notes": null, "gender": "M", "pronoun": "he"}}, {"model": "participants.person", "pk": 36, "fields": {"name": "Leon Hall", "barcode_id": null, "email": null, "phone": null, "novice": false, "checkin_message": "", "notes": null, "gender": "M", "pronoun": "he"}}, {"model": "participants.person", "pk": 37, "fields": {"name": "Morris Nichols", "barcode_id": null, "email": null, "phone": null, "novice": false, "checkin_message": "", "notes": null, "gender": "M", "pronoun": "he"}}, {"model": "participants.person", "pk": 38, "fields": {"name": "Benjamin Padilla", "barcode_id": null, "email": null, "phone": null, "novice": true, "checkin_message": "", "notes": null, "gender": "M", "pronoun": "he"}}, {"model": "participants.person", "pk": 39, "fields": {"name": "Phil Lyons", "barcode_id": null, "email": null, "phone": null, "novice": true, "checkin_message": "", "notes": null, "gender": "M", "pronoun": "he"}}, {"model": "participants.person", "pk": 40, "fields": {"name": "Clay Holland", "barcode_id": null, "email": null, "phone": null, "novice": true, "checkin_message": "", "notes": null, "gender": "M", "pronoun": "he"}}, {"model": "participants.person", "pk": 41, "fields": {"name": "Elena Cobb", "barcode_id": null, "email": null, "phone": null, "novice": false, "checkin_message": "", "notes": null, "gender": "F", "pronoun": "she"}}, {"model": "participants.person", "pk": 42, "fields": {"name": "Shawn Torres", "barcode_id": null, "email": null, "phone": null, "novice": false, "checkin_message": "", "notes": null, "gender": "M", "pronoun": "he"}}, {"model": "participants.person", "pk": 43, "fields": {"name": "Willis Carson", "barcode_id": null, "email": null, "phone": null, "novice": true, "checkin_message": "", "notes": null, "gender": "M", "pronoun": "he"}}, {"model": "participants.person", "pk": 44, "fields": {"name": "Wendell Nelson", "barcode_id": null, "email": null, "phone": null, "novice": true, "checkin_message": "", "notes": null, "gender": "F", "pronoun": "she"}}, {"model": "participants.person", "pk": 45, "fields": {"name": "Felicia Welch", "barcode_id": null, "email": null, "phone": null, "novice": true, "checkin_message": "", "notes": null, "gender": "F", "pronoun": "she"}}, {"model": "participants.person", "pk": 46, "fields": {"name": "Cory Meyer", "barcode_id": null, "email": null, "phone": null, "novice": true, "checkin_message": "", "notes": null, "gender": "M", "pronoun": "he"}}, {"model": "participants.person", "pk": 47, "fields": {"name": "Stacy Frazier", "barcode_id": null, "email": null, "phone": null, "novice": true, "checkin_message": "", "notes": null, "gender": "F", "pronoun": "she"}}, {"model": "participants.person", "pk": 48, "fields": {"name": "Claire Dunn", "barcode_id": null, "email": null, "phone": null, "novice": false, "checkin_message": "", "notes": null, "gender": "F", "pronoun": "she"}}, {"model": "participants.person", "pk": 49, "fields": {"name": "Eloise Munoz", "barcode_id": null, "email": null, "phone": null, "novice": true, "checkin_message": "", "notes": null, "gender": "M", "pronoun": "he"}}, {"model": "participants.person", "pk": 50, "fields": {"name": "Patricia Palmer", "barcode_id": null, "email": null, "phone": null, "novice": true, "checkin_message": "", "notes": null, "gender": "M", "pronoun": "he"}}, {"model": "participants.person", "pk": 51, "fields": {"name": "Stewart Day", "barcode_id": null, "email": null, "phone": null, "novice": true, "checkin_message": "", "notes": null, "gender": "M", "pronoun": "he"}}, {"model": "participants.person", "pk": 52, "fields": {"name": "Timmy Craig", "barcode_id": null, "email": null, "phone": null, "novice": true, "checkin_message": "", "notes": null, "gender": "M", "pronoun": "he"}}, {"model": "participants.person", "pk": 53, "fields": {"name": "Patrick Kelly", "barcode_id": null, "email": null, "phone": null, "novice": false, "checkin_message": "", "notes": null, "gender": "M", "pronoun": "he"}}, {"model": "participants.person", "pk": 54, "fields": {"name": "Kristopher Hayes", "barcode_id": null, "email": null, "phone": null, "novice": true, "checkin_message": "", "notes": null, "gender": "M", "pronoun": "he"}}, {"model": "participants.person", "pk": 55, "fields": {"name": "Andy Lane", "barcode_id": null, "email": null, "phone": null, "novice": true, "checkin_message": "", "notes": null, "gender": "M", "pronoun": "he"}}, {"model": "participants.person", "pk": 56, "fields": {"name": "Scott Mcdonald", "barcode_id": null, "email": null, "phone": null, "novice": true, "checkin_message": "", "notes": null, "gender": "M", "pronoun": "he"}}, {"model": "participants.person", "pk": 57, "fields": {"name": "Charlene Cortez", "barcode_id": null, "email": null, "phone": null, "novice": true, "checkin_message": "", "notes": null, "gender": "M", "pronoun": "he"}}, {"model": "participants.person", "pk": 58, "fields": {"name": "Leigh Holmes", "barcode_id": null, "email": null, "phone": null, "novice": false, "checkin_message": "", "notes": null, "gender": "F", "pronoun": null}}, {"model": "participants.person", "pk": 59, "fields": {"name": "Alma Spencer", "barcode_id": null, "email": null, "phone": null, "novice": false, "checkin_message": "", "notes": null, "gender": "F", "pronoun": "she"}}, {"model": "participants.person", "pk": 60, "fields": {"name": "Winston Castro", "barcode_id": null, "email": null, "phone": null, "novice": true, "checkin_message": "", "notes": null, "gender": "M", "pronoun": "he"}}, {"model": "participants.person", "pk": 61, "fields": {"name": "Emilio Simmons", "barcode_id": null, "email": null, "phone": null, "novice": false, "checkin_message": "", "notes": null, "gender": "M", "pronoun": "he"}}, {"model": "participants.person", "pk": 62, "fields": {"name": "Ron Delgado", "barcode_id": null, "email": null, "phone": null, "novice": true, "checkin_message": "", "notes": null, "gender": null, "pronoun": "he"}}, {"model": "participants.person", "pk": 63, "fields": {"name": "Nadine Barber", "barcode_id": null, "email": null, "phone": null, "novice": false, "checkin_message": "", "notes": null, "gender": "M", "pronoun": "he"}}, {"model": "participants.person", "pk": 64, "fields": {"name": "Gail Adkins", "barcode_id": null, "email": null, "phone": null, "novice": false, "checkin_message": "", "notes": null, "gender": null, "pronoun": "he"}}, {"model": "participants.person", "pk": 65, "fields": {"name": "Willard Walton", "barcode_id": null, "email": null, "phone": null, "novice": false, "checkin_message": "", "notes": null, "gender": "M", "pronoun": null}}, {"model": "participants.person", "pk": 66, "fields": {"name": "Jackie Peterson", "barcode_id": null, "email": null, "phone": null, "novice": true, "checkin_message": "", "notes": null, "gender": "M", "pronoun": "he"}}, {"model": "participants.person", "pk": 67, "fields": {"name": "Terry Thornton", "barcode_id": null, "email": null, "phone": null, "novice": true, "checkin_message": "", "notes": null, "gender": null, "pronoun": "they"}}, {"model": "participants.person", "pk": 68, "fields": {"name": "Norman Rodgers", "barcode_id": null, "email": null, "phone": null, "novice": false, "checkin_message": "", "notes": null, "gender": "M", "pronoun": "he"}}, {"model": "participants.person", "pk": 69, "fields": {"name": "Mattie Lee", "barcode_id": null, "email": null, "phone": null, "novice": false, "checkin_message": "", "notes": null, "gender": null, "pronoun": "they"}}, {"model": "participants.person", "pk": 70, "fields": {"name": "Woodrow Harvey", "barcode_id": null, "email": null, "phone": null, "novice": true, "checkin_message": "", "notes": null, "gender": "M", "pronoun": "he"}}, {"model": "participants.person", "pk": 71, "fields": {"name": "Javier Chavez", "barcode_id": null, "email": null, "phone": null, "novice": false, "checkin_message": "", "notes": null, "gender": null, "pronoun": null}}, {"model": "participants.person", "pk": 72, "fields": {"name": "Janie Daniels", "barcode_id": null, "email": null, "phone": null, "novice": false, "checkin_message": "", "notes": null, "gender": "F", "pronoun": "she"}}, {"model": "participants.person", "pk": 73, "fields": {"name": "Levi Flores", "barcode_id": null, "email": "leviflores@gmail.com", "phone": "(400) 258-4262", "novice": false, "checkin_message": "", "notes": null, "gender": "M", "pronoun": "he"}}, {"model": "participants.person", "pk": 74, "fields": {"name": "Boyd Pierce", "barcode_id": null, "email": "boydpierce@yahoo.com", "phone": "(645) 106-7743", "novice": false, "checkin_message": "", "notes": null, "gender": "M", "pronoun": "he"}}, {"model": "participants.person", "pk": 75, "fields": {"name": "Eunice Mcbride", "barcode_id": null, "email": "eunicemcbride@outlook.com", "phone": "(549) 309-9187", "novice": false, "checkin_message": "", "notes": null, "gender": "F", "pronoun": "she"}}, {"model": "participants.person", "pk": 76, "fields": {"name": "Ramona Cobb", "barcode_id": null, "email": "ramonacobb@yahoo.com", "phone": "(440) 487-5776", "novice": false, "checkin_message": "", "notes": null, "gender": "F", "pronoun": "she"}}, {"model": "participants.person", "pk": 77, "fields": {"name": "Justin Ford", "barcode_id": null, "email": "justinford@outlook.com", "phone": "(618) 921-9188", "novice": false, "checkin_message": "", "notes": null, "gender": "M", "pronoun": "he"}}, {"model": "participants.person", "pk": 78, "fields": {"name": "Luis Bennett", "barcode_id": null, "email": "luisbennett@gmail.com", "phone": "(730) 097-8797", "novice": false, "checkin_message": "", "notes": null, "gender": "M", "pronoun": "he"}}, {"model": "participants.person", "pk": 79, "fields": {"name": "Mandy Estrada", "barcode_id": null, "email": "mandyestrada@gmail.com", "phone": "(559) 299-0471", "novice": false, "checkin_message": "", "notes": null, "gender": "F", "pronoun": "she"}}, {"model": "participants.person", "pk": 80, "fields": {"name": "Leigh Mcgee", "barcode_id": null, "email": "leighmcgee@gmail.com", "phone": "(844) 760-9302", "novice": false, "checkin_message": "", "notes": null, "gender": "F", "pronoun": "she"}}, {"model": "participants.person", "pk": 81, "fields": {"name": "Jacqueline Freeman", "barcode_id": null, "email": "jacquelinefreeman@yahoo.com", "phone": "(297) 916-1716", "novice": false, "checkin_message": "", "notes": null, "gender": "F", "pronoun": "she"}}, {"model": "participants.person", "pk": 82, "fields": {"name": "Holly Howard", "barcode_id": null, "email": "hollyhoward@gmail.com", "phone": "(958) 783-2610", "novice": false, "checkin_message": "", "notes": null, "gender": "F", "pronoun": "she"}}, {"model": "participants.person", "pk": 83, "fields": {"name": "Pedro Burgess", "barcode_id": null, "email": "pedroburgess@yahoo.com", "phone": "(854) 441-0104", "novice": false, "checkin_message": "", "notes": null, "gender": null, "pronoun": null}}, {"model": "participants.person", "pk": 84, "fields": {"name": "Kristy Carr", "barcode_id": null, "email": "kristycarr@yahoo.com", "phone": "(644) 607-3297", "novice": true, "checkin_message": "", "notes": null, "gender": "M", "pronoun": "he"}}, {"model": "participants.person", "pk": 85, "fields": {"name": "Wilma Vaughn", "barcode_id": null, "email": "wilmavaughn@outlook.com", "phone": "(398) 759-9537", "novice": true, "checkin_message": "", "notes": null, "gender": "F", "pronoun": "she"}}, {"model": "participants.person", "pk": 86, "fields": {"name": "Virginia Mccarthy", "barcode_id": null, "email": "virginiamccarthy@gmail.com", "phone": "(455) 177-0459", "novice": true, "checkin_message": "", "notes": null, "gender": "F", "pronoun": "she"}}, {"model": "participants.person", "pk": 87, "fields": {"name": "Tasha Jenkins", "barcode_id": null, "email": "tashajenkins@outlook.com", "phone": "(875) 519-9891", "novice": false, "checkin_message": "", "notes": null, "gender": null, "pronoun": null}}, {"model": "participants.person", "pk": 88, "fields": {"name": "Toby Wong", "barcode_id": null, "email": "tobywong@gmail.com", "phone": "(404) 641-5999", "novice": false, "checkin_message": "", "notes": null, "gender": "M", "pronoun": "he"}}, {"model": "participants.person", "pk": 89, "fields": {"name": "Jo Allen", "barcode_id": null, "email": "joallen@yahoo.com", "phone": "(761) 993-2983", "novice": false, "checkin_message": "", "notes": "", "gender": "M", "pronoun": "he"}}, {"model": "participants.person", "pk": 90, "fields": {"name": "Billy Griffin", "barcode_id": null, "email": "billygriffin@outlook.com", "phone": "(430) 532-2939", "novice": false, "checkin_message": "", "notes": null, "gender": "M", "pronoun": "he"}}, {"model": "participants.person", "pk": 91, "fields": {"name": "Angela Reed", "barcode_id": null, "email": "angelareed@yahoo.com", "phone": "(936) 500-1228", "novice": false, "checkin_message": "", "notes": null, "gender": "F", "pronoun": "she"}}, {"model": "participants.person", "pk": 92, "fields": {"name": "Hugo Lewis", "barcode_id": null, "email": "hugolewis@outlook.com", "phone": "(422) 585-9609", "novice": false, "checkin_message": "", "notes": null, "gender": "M", "pronoun": "they"}}, {"model": "participants.person", "pk": 93, "fields": {"name": "Cassandra Wilson", "barcode_id": null, "email": "cassandrawilson@gmail.com", "phone": "(604) 306-2084", "novice": false, "checkin_message": "", "notes": null, "gender": "F", "pronoun": "she"}}, {"model": "participants.person", "pk": 94, "fields": {"name": "George Willis", "barcode_id": null, "email": "georgewillis@yahoo.com", "phone": "(222) 204-5944", "novice": false, "checkin_message": "", "notes": null, "gender": "M", "pronoun": "he"}}, {"model": "participants.person", "pk": 95, "fields": {"name": "Jamie Hodges", "barcode_id": null, "email": "jamiehodges@outlook.com", "phone": "(737) 122-6102", "novice": false, "checkin_message": "", "notes": null, "gender": "F", "pronoun": "she"}}, {"model": "participants.person", "pk": 96, "fields": {"name": "Bennie Rodriguez", "barcode_id": null, "email": "bennierodriguez@gmail.com", "phone": "(537) 641-2175", "novice": false, "checkin_message": "", "notes": null, "gender": "F", "pronoun": "she"}}, {"model": "participants.person", "pk": 97, "fields": {"name": "Allison Martin", "barcode_id": null, "email": "allisonmartin@outlook.com", "phone": "(525) 384-2715", "novice": false, "checkin_message": "", "notes": null, "gender": "F", "pronoun": "she"}}, {"model": "participants.person", "pk": 98, "fields": {"name": "Kristi Elliott", "barcode_id": null, "email": "kristielliott@gmail.com", "phone": "(790) 289-5430", "novice": false, "checkin_message": "", "notes": null, "gender": "F", "pronoun": "she"}}, {"model": "participants.person", "pk": 99, "fields": {"name": "Pearl Graves", "barcode_id": null, "email": "pearlgraves@outlook.com", "phone": "(317) 721-2439", "novice": false, "checkin_message": "", "notes": null, "gender": "F", "pronoun": "she"}}, {"model": "participants.person", "pk": 159, "fields": {"name": "New Adjudicator Shared", "barcode_id": null, "email": null, "phone": null, "novice": false, "checkin_message": "", "notes": null, "gender": null, "pronoun": null}}, {"model": "participants.person", "pk": 160, "fields": {"name": "New Adjudicator Shared", "barcode_id": null, "email": null, "phone": null, "novice": false, "checkin_message": "", "notes": null, "gender": null, "pronoun": null}}, {"model": "participants.team", "pk": 1, "fields": {"reference": "1", "short_reference": "1", "short_name": "Caltech 1", "long_name": "California Institute of Technology 1", "emoji": "\ud83c\udf29", "institution": 1, "tournament": 1, "division": null, "use_institution_prefix": true, "url_key": null, "type": "N", "break_categories": [1]}}, {"model": "participants.team", "pk": 2, "fields": {"reference": "2", "short_reference": "2", "short_name": "Caltech 2", "long_name": "California Institute of Technology 2", "emoji": "\ud83c\udf83", "institution": 1, "tournament": 1, "division": null, "use_institution_prefix": true, "url_key": null, "type": "N", "break_categories": [1]}}, {"model": "participants.team", "pk": 3, "fields": {"reference": "3", "short_reference": "3", "short_name": "Caltech 3", "long_name": "California Institute of Technology 3", "emoji": "\ud83c\udd92", "institution": 1, "tournament": 1, "division": null, "use_institution_prefix": true, "url_key": null, "type": "N", "break_categories": [1]}}, {"model": "participants.team", "pk": 4, "fields": {"reference": "1", "short_reference": "1", "short_name": "Columbia 1", "long_name": "Columbia University 1", "emoji": "\ud83c\udf4c", "institution": 2, "tournament": 1, "division": null, "use_institution_prefix": true, "url_key": null, "type": "N", "break_categories": [1, 2, 3]}}, {"model": "participants.team", "pk": 5, "fields": {"reference": "1", "short_reference": "1", "short_name": "Cornell 1", "long_name": "Cornell University 1", "emoji": "\ud83c\udd98", "institution": 3, "tournament": 1, "division": null, "use_institution_prefix": true, "url_key": null, "type": "N", "break_categories": [1, 2, 3]}}, {"model": "participants.team", "pk": 6, "fields": {"reference": "1", "short_reference": "1", "short_name": "Harvard 1", "long_name": "Harvard University 1", "emoji": "\ud83d\udc8e", "institution": 4, "tournament": 1, "division": null, "use_institution_prefix": true, "url_key": null, "type": "N", "break_categories": [1, 2, 3]}}, {"model": "participants.team", "pk": 7, "fields": {"reference": "2", "short_reference": "2", "short_name": "Harvard 2", "long_name": "Harvard University 2", "emoji": "\ud83d\udd6f", "institution": 4, "tournament": 1, "division": null, "use_institution_prefix": true, "url_key": null, "type": "N", "break_categories": [1]}}, {"model": "participants.team", "pk": 8, "fields": {"reference": "1", "short_reference": "1", "short_name": "Johns Hopkins 1", "long_name": "Johns Hopkins University 1", "emoji": "\ud83c\udf96", "institution": 5, "tournament": 1, "division": null, "use_institution_prefix": true, "url_key": null, "type": "N", "break_categories": [1]}}, {"model": "participants.team", "pk": 9, "fields": {"reference": "1", "short_reference": "1", "short_name": "MIT 1", "long_name": "Massachusetts Institute of Technology 1", "emoji": "\ud83d\udda8", "institution": 6, "tournament": 1, "division": null, "use_institution_prefix": true, "url_key": null, "type": "N", "break_categories": [1, 2]}}, {"model": "participants.team", "pk": 10, "fields": {"reference": "2", "short_reference": "2", "short_name": "MIT 2", "long_name": "Massachusetts Institute of Technology 2", "emoji": "\ud83d\ude34", "institution": 6, "tournament": 1, "division": null, "use_institution_prefix": true, "url_key": null, "type": "N", "break_categories": [1, 2]}}, {"model": "participants.team", "pk": 11, "fields": {"reference": "1", "short_reference": "1", "short_name": "Princeton 1", "long_name": "Princeton University 1", "emoji": "\ud83c\udf36", "institution": 7, "tournament": 1, "division": null, "use_institution_prefix": true, "url_key": null, "type": "N", "break_categories": [1]}}, {"model": "participants.team", "pk": 12, "fields": {"reference": "2", "short_reference": "2", "short_name": "Princeton 2", "long_name": "Princeton University 2", "emoji": "\ud83d\ude4c", "institution": 7, "tournament": 1, "division": null, "use_institution_prefix": true, "url_key": null, "type": "N", "break_categories": [1]}}, {"model": "participants.team", "pk": 13, "fields": {"reference": "1", "short_reference": "1", "short_name": "Stanford 1", "long_name": "Stanford University 1", "emoji": "\ud83d\udd96", "institution": 8, "tournament": 1, "division": null, "use_institution_prefix": true, "url_key": null, "type": "N", "break_categories": [1]}}, {"model": "participants.team", "pk": 14, "fields": {"reference": "2", "short_reference": "2", "short_name": "Stanford 2", "long_name": "Stanford University 2", "emoji": "\ud83d\udd95", "institution": 8, "tournament": 1, "division": null, "use_institution_prefix": true, "url_key": null, "type": "N", "break_categories": [1]}}, {"model": "participants.team", "pk": 15, "fields": {"reference": "3", "short_reference": "3", "short_name": "Stanford 3", "long_name": "Stanford University 3", "emoji": "\u26cf", "institution": 8, "tournament": 1, "division": null, "use_institution_prefix": true, "url_key": null, "type": "N", "break_categories": [1]}}, {"model": "participants.team", "pk": 16, "fields": {"reference": "1", "short_reference": "1", "short_name": "Berkeley 1", "long_name": "University of California, Berkeley 1", "emoji": "\ud83d\udc26", "institution": 9, "tournament": 1, "division": null, "use_institution_prefix": true, "url_key": null, "type": "N", "break_categories": [1]}}, {"model": "participants.team", "pk": 17, "fields": {"reference": "1", "short_reference": "1", "short_name": "Chicago 1", "long_name": "University of Chicago 1", "emoji": "\ud83d\ude2e", "institution": 10, "tournament": 1, "division": null, "use_institution_prefix": true, "url_key": null, "type": "N", "break_categories": [1, 2]}}, {"model": "participants.team", "pk": 18, "fields": {"reference": "2", "short_reference": "2", "short_name": "Chicago 2", "long_name": "University of Chicago 2", "emoji": "\ud83c\udf37", "institution": 10, "tournament": 1, "division": null, "use_institution_prefix": true, "url_key": null, "type": "N", "break_categories": [1, 2]}}, {"model": "participants.team", "pk": 19, "fields": {"reference": "3", "short_reference": "3", "short_name": "Chicago 3", "long_name": "University of Chicago 3", "emoji": "\ud83d\udd75", "institution": 10, "tournament": 1, "division": null, "use_institution_prefix": true, "url_key": null, "type": "N", "break_categories": [1, 2, 3]}}, {"model": "participants.team", "pk": 20, "fields": {"reference": "1", "short_reference": "1", "short_name": "Pennsylvania 1", "long_name": "University of Pennsylvania 1", "emoji": "\ud83d\udeac", "institution": 11, "tournament": 1, "division": null, "use_institution_prefix": true, "url_key": null, "type": "N", "break_categories": [1]}}, {"model": "participants.team", "pk": 21, "fields": {"reference": "2", "short_reference": "2", "short_name": "Pennsylvania 2", "long_name": "University of Pennsylvania 2", "emoji": "\ud83d\udc60", "institution": 11, "tournament": 1, "division": null, "use_institution_prefix": true, "url_key": null, "type": "N", "break_categories": [1]}}, {"model": "participants.team", "pk": 22, "fields": {"reference": "1", "short_reference": "1", "short_name": "Yale 1", "long_name": "Yale University 1", "emoji": "\ud83d\udc53", "institution": 13, "tournament": 1, "division": null, "use_institution_prefix": true, "url_key": null, "type": "N", "break_categories": [1]}}, {"model": "participants.team", "pk": 23, "fields": {"reference": "2", "short_reference": "2", "short_name": "Yale 2", "long_name": "Yale University 2", "emoji": "\ud83d\udc4a", "institution": 13, "tournament": 1, "division": null, "use_institution_prefix": true, "url_key": null, "type": "N", "break_categories": [1]}}, {"model": "participants.team", "pk": 24, "fields": {"reference": "3", "short_reference": "3", "short_name": "Yale 3", "long_name": "Yale University 3", "emoji": "\ud83c\udf53", "institution": 13, "tournament": 1, "division": null, "use_institution_prefix": true, "url_key": null, "type": "N", "break_categories": [1]}}, {"model": "participants.speaker", "pk": 1, "fields": {"team": 1}}, {"model": "participants.speaker", "pk": 2, "fields": {"team": 1}}, {"model": "participants.speaker", "pk": 3, "fields": {"team": 1}}, {"model": "participants.speaker", "pk": 4, "fields": {"team": 2}}, {"model": "participants.speaker", "pk": 5, "fields": {"team": 2}}, {"model": "participants.speaker", "pk": 6, "fields": {"team": 2}}, {"model": "participants.speaker", "pk": 7, "fields": {"team": 3}}, {"model": "participants.speaker", "pk": 8, "fields": {"team": 3}}, {"model": "participants.speaker", "pk": 9, "fields": {"team": 3}}, {"model": "participants.speaker", "pk": 10, "fields": {"team": 4}}, {"model": "participants.speaker", "pk": 11, "fields": {"team": 4}}, {"model": "participants.speaker", "pk": 12, "fields": {"team": 4}}, {"model": "participants.speaker", "pk": 13, "fields": {"team": 5}}, {"model": "participants.speaker", "pk": 14, "fields": {"team": 5}}, {"model": "participants.speaker", "pk": 15, "fields": {"team": 5}}, {"model": "participants.speaker", "pk": 16, "fields": {"team": 6}}, {"model": "participants.speaker", "pk": 17, "fields": {"team": 6}}, {"model": "participants.speaker", "pk": 18, "fields": {"team": 6}}, {"model": "participants.speaker", "pk": 19, "fields": {"team": 7}}, {"model": "participants.speaker", "pk": 20, "fields": {"team": 7}}, {"model": "participants.speaker", "pk": 21, "fields": {"team": 7}}, {"model": "participants.speaker", "pk": 22, "fields": {"team": 8}}, {"model": "participants.speaker", "pk": 23, "fields": {"team": 8}}, {"model": "participants.speaker", "pk": 24, "fields": {"team": 8}}, {"model": "participants.speaker", "pk": 25, "fields": {"team": 9}}, {"model": "participants.speaker", "pk": 26, "fields": {"team": 9}}, {"model": "participants.speaker", "pk": 27, "fields": {"team": 9}}, {"model": "participants.speaker", "pk": 28, "fields": {"team": 10}}, {"model": "participants.speaker", "pk": 29, "fields": {"team": 10}}, {"model": "participants.speaker", "pk": 30, "fields": {"team": 10}}, {"model": "participants.speaker", "pk": 31, "fields": {"team": 11}}, {"model": "participants.speaker", "pk": 32, "fields": {"team": 11}}, {"model": "participants.speaker", "pk": 33, "fields": {"team": 11}}, {"model": "participants.speaker", "pk": 34, "fields": {"team": 12}}, {"model": "participants.speaker", "pk": 35, "fields": {"team": 12}}, {"model": "participants.speaker", "pk": 36, "fields": {"team": 12}}, {"model": "participants.speaker", "pk": 37, "fields": {"team": 13}}, {"model": "participants.speaker", "pk": 38, "fields": {"team": 13}}, {"model": "participants.speaker", "pk": 39, "fields": {"team": 13}}, {"model": "participants.speaker", "pk": 40, "fields": {"team": 14}}, {"model": "participants.speaker", "pk": 41, "fields": {"team": 14}}, {"model": "participants.speaker", "pk": 42, "fields": {"team": 14}}, {"model": "participants.speaker", "pk": 43, "fields": {"team": 15}}, {"model": "participants.speaker", "pk": 44, "fields": {"team": 15}}, {"model": "participants.speaker", "pk": 45, "fields": {"team": 15}}, {"model": "participants.speaker", "pk": 46, "fields": {"team": 16}}, {"model": "participants.speaker", "pk": 47, "fields": {"team": 16}}, {"model": "participants.speaker", "pk": 48, "fields": {"team": 16}}, {"model": "participants.speaker", "pk": 49, "fields": {"team": 17}}, {"model": "participants.speaker", "pk": 50, "fields": {"team": 17}}, {"model": "participants.speaker", "pk": 51, "fields": {"team": 17}}, {"model": "participants.speaker", "pk": 52, "fields": {"team": 18}}, {"model": "participants.speaker", "pk": 53, "fields": {"team": 18}}, {"model": "participants.speaker", "pk": 54, "fields": {"team": 18}}, {"model": "participants.speaker", "pk": 55, "fields": {"team": 19}}, {"model": "participants.speaker", "pk": 56, "fields": {"team": 19}}, {"model": "participants.speaker", "pk": 57, "fields": {"team": 19}}, {"model": "participants.speaker", "pk": 58, "fields": {"team": 20}}, {"model": "participants.speaker", "pk": 59, "fields": {"team": 20}}, {"model": "participants.speaker", "pk": 60, "fields": {"team": 20}}, {"model": "participants.speaker", "pk": 61, "fields": {"team": 21}}, {"model": "participants.speaker", "pk": 62, "fields": {"team": 21}}, {"model": "participants.speaker", "pk": 63, "fields": {"team": 21}}, {"model": "participants.speaker", "pk": 64, "fields": {"team": 22}}, {"model": "participants.speaker", "pk": 65, "fields": {"team": 22}}, {"model": "participants.speaker", "pk": 66, "fields": {"team": 22}}, {"model": "participants.speaker", "pk": 67, "fields": {"team": 23}}, {"model": "participants.speaker", "pk": 68, "fields": {"team": 23}}, {"model": "participants.speaker", "pk": 69, "fields": {"team": 23}}, {"model": "participants.speaker", "pk": 70, "fields": {"team": 24}}, {"model": "participants.speaker", "pk": 71, "fields": {"team": 24}}, {"model": "participants.speaker", "pk": 72, "fields": {"team": 24}}, {"model": "participants.adjudicator", "pk": 73, "fields": {"institution": 13, "tournament": 1, "test_score": 5.0, "url_key": null, "breaking": false, "independent": false, "adj_core": false}}, {"model": "participants.adjudicator", "pk": 74, "fields": {"institution": 8, "tournament": 1, "test_score": 5.0, "url_key": null, "breaking": true, "independent": true, "adj_core": false}}, {"model": "participants.adjudicator", "pk": 75, "fields": {"institution": 12, "tournament": 1, "test_score": 5.0, "url_key": null, "breaking": false, "independent": false, "adj_core": false}}, {"model": "participants.adjudicator", "pk": 76, "fields": {"institution": 1, "tournament": 1, "test_score": 1.0, "url_key": null, "breaking": false, "independent": true, "adj_core": false}}, {"model": "participants.adjudicator", "pk": 77, "fields": {"institution": 1, "tournament": 1, "test_score": 5.0, "url_key": null, "breaking": false, "independent": false, "adj_core": false}}, {"model": "participants.adjudicator", "pk": 78, "fields": {"institution": 2, "tournament": 1, "test_score": 2.0, "url_key": null, "breaking": true, "independent": false, "adj_core": false}}, {"model": "participants.adjudicator", "pk": 79, "fields": {"institution": 3, "tournament": 1, "test_score": 5.0, "url_key": null, "breaking": false, "independent": true, "adj_core": false}}, {"model": "participants.adjudicator", "pk": 80, "fields": {"institution": 4, "tournament": 1, "test_score": 4.0, "url_key": null, "breaking": false, "independent": false, "adj_core": false}}, {"model": "participants.adjudicator", "pk": 81, "fields": {"institution": 4, "tournament": 1, "test_score": 5.0, "url_key": null, "breaking": false, "independent": true, "adj_core": false}}, {"model": "participants.adjudicator", "pk": 82, "fields": {"institution": 12, "tournament": 1, "test_score": 5.0, "url_key": null, "breaking": false, "independent": true, "adj_core": false}}, {"model": "participants.adjudicator", "pk": 83, "fields": {"institution": 12, "tournament": 1, "test_score": 4.0, "url_key": null, "breaking": false, "independent": false, "adj_core": false}}, {"model": "participants.adjudicator", "pk": 84, "fields": {"institution": 8, "tournament": 1, "test_score": 4.0, "url_key": null, "breaking": false, "independent": false, "adj_core": false}}, {"model": "participants.adjudicator", "pk": 85, "fields": {"institution": 5, "tournament": 1, "test_score": 4.0, "url_key": null, "breaking": false, "independent": true, "adj_core": false}}, {"model": "participants.adjudicator", "pk": 86, "fields": {"institution": 5, "tournament": 1, "test_score": 2.0, "url_key": null, "breaking": false, "independent": false, "adj_core": false}}, {"model": "participants.adjudicator", "pk": 87, "fields": {"institution": 6, "tournament": 1, "test_score": 2.0, "url_key": null, "breaking": true, "independent": true, "adj_core": false}}, {"model": "participants.adjudicator", "pk": 88, "fields": {"institution": 6, "tournament": 1, "test_score": 5.0, "url_key": null, "breaking": true, "independent": false, "adj_core": false}}, {"model": "participants.adjudicator", "pk": 89, "fields": {"institution": 7, "tournament": 1, "test_score": 2.0, "url_key": null, "breaking": true, "independent": false, "adj_core": false}}, {"model": "participants.adjudicator", "pk": 90, "fields": {"institution": 7, "tournament": 1, "test_score": 2.0, "url_key": null, "breaking": true, "independent": false, "adj_core": false}}, {"model": "participants.adjudicator", "pk": 91, "fields": {"institution": 8, "tournament": 1, "test_score": 1.0, "url_key": null, "breaking": false, "independent": false, "adj_core": false}}, {"model": "participants.adjudicator", "pk": 92, "fields": {"institution": 8, "tournament": 1, "test_score": 2.0, "url_key": null, "breaking": true, "independent": false, "adj_core": false}}, {"model": "participants.adjudicator", "pk": 93, "fields": {"institution": 9, "tournament": 1, "test_score": 4.0, "url_key": null, "breaking": false, "independent": false, "adj_core": false}}, {"model": "participants.adjudicator", "pk": 94, "fields": {"institution": 10, "tournament": 1, "test_score": 2.0, "url_key": null, "breaking": true, "independent": false, "adj_core": false}}, {"model": "participants.adjudicator", "pk": 95, "fields": {"institution": 10, "tournament": 1, "test_score": 3.0, "url_key": null, "breaking": true, "independent": false, "adj_core": false}}, {"model": "participants.adjudicator", "pk": 96, "fields": {"institution": 11, "tournament": 1, "test_score": 2.0, "url_key": null, "breaking": false, "independent": false, "adj_core": false}}, {"model": "participants.adjudicator", "pk": 97, "fields": {"institution": 13, "tournament": 1, "test_score": 4.0, "url_key": null, "breaking": false, "independent": false, "adj_core": false}}, {"model": "participants.adjudicator", "pk": 98, "fields": {"institution": 13, "tournament": 1, "test_score": 3.0, "url_key": null, "breaking": true, "independent": false, "adj_core": false}}, {"model": "participants.adjudicator", "pk": 99, "fields": {"institution": 5, "tournament": 1, "test_score": 5.0, "url_key": null, "breaking": false, "independent": false, "adj_core": false}}, {"model": "participants.adjudicator", "pk": 159, "fields": {"institution": 1, "tournament": null, "test_score": 2.5, "url_key": null, "breaking": false, "independent": false, "adj_core": false}}, {"model": "participants.adjudicator", "pk": 160, "fields": {"institution": 2, "tournament": null, "test_score": 2.5, "url_key": null, "breaking": false, "independent": false, "adj_core": false}}, {"model": "results.ballotsubmission", "pk": 1, "fields": {"timestamp": "2016-04-14T13:21:34.759", "version": 1, "submitter_type": "T", "submitter": ["admin"], "confirmer": null, "confirm_timestamp": null, "ip_address": null, "confirmed": true, "debate": 12, "motion": 3, "copied_from": null, "discarded": false, "forfeit": null}}, {"model": "results.ballotsubmission", "pk": 2, "fields": {"timestamp": "2016-04-14T13:21:34.841", "version": 1, "submitter_type": "T", "submitter": ["admin"], "confirmer": null, "confirm_timestamp": null, "ip_address": null, "confirmed": true, "debate": 11, "motion": 2, "copied_from": null, "discarded": false, "forfeit": null}}, {"model": "results.ballotsubmission", "pk": 3, "fields": {"timestamp": "2016-04-14T13:21:34.914", "version": 1, "submitter_type": "T", "submitter": ["admin"], "confirmer": null, "confirm_timestamp": null, "ip_address": null, "confirmed": true, "debate": 10, "motion": 2, "copied_from": null, "discarded": false, "forfeit": null}}, {"model": "results.ballotsubmission", "pk": 4, "fields": {"timestamp": "2016-04-14T13:21:34.987", "version": 1, "submitter_type": "T", "submitter": ["admin"], "confirmer": null, "confirm_timestamp": null, "ip_address": null, "confirmed": true, "debate": 9, "motion": 1, "copied_from": null, "discarded": false, "forfeit": null}}, {"model": "results.ballotsubmission", "pk": 5, "fields": {"timestamp": "2016-04-14T13:21:35.057", "version": 1, "submitter_type": "T", "submitter": ["admin"], "confirmer": null, "confirm_timestamp": null, "ip_address": null, "confirmed": true, "debate": 8, "motion": 3, "copied_from": null, "discarded": false, "forfeit": null}}, {"model": "results.ballotsubmission", "pk": 6, "fields": {"timestamp": "2016-04-14T13:21:35.127", "version": 1, "submitter_type": "T", "submitter": ["admin"], "confirmer": null, "confirm_timestamp": null, "ip_address": null, "confirmed": true, "debate": 7, "motion": 2, "copied_from": null, "discarded": false, "forfeit": null}}, {"model": "results.ballotsubmission", "pk": 7, "fields": {"timestamp": "2016-04-14T13:21:35.198", "version": 1, "submitter_type": "T", "submitter": ["admin"], "confirmer": null, "confirm_timestamp": null, "ip_address": null, "confirmed": true, "debate": 6, "motion": 2, "copied_from": null, "discarded": false, "forfeit": null}}, {"model": "results.ballotsubmission", "pk": 8, "fields": {"timestamp": "2016-04-14T13:21:35.268", "version": 1, "submitter_type": "T", "submitter": ["admin"], "confirmer": null, "confirm_timestamp": null, "ip_address": null, "confirmed": true, "debate": 5, "motion": 3, "copied_from": null, "discarded": false, "forfeit": null}}, {"model": "results.ballotsubmission", "pk": 9, "fields": {"timestamp": "2016-04-14T13:21:35.398", "version": 1, "submitter_type": "T", "submitter": ["admin"], "confirmer": null, "confirm_timestamp": null, "ip_address": null, "confirmed": true, "debate": 4, "motion": 1, "copied_from": null, "discarded": false, "forfeit": null}}, {"model": "results.ballotsubmission", "pk": 10, "fields": {"timestamp": "2016-04-14T13:21:35.503", "version": 1, "submitter_type": "T", "submitter": ["admin"], "confirmer": null, "confirm_timestamp": null, "ip_address": null, "confirmed": true, "debate": 3, "motion": 3, "copied_from": null, "discarded": false, "forfeit": null}}, {"model": "results.ballotsubmission", "pk": 11, "fields": {"timestamp": "2016-04-14T13:21:35.654", "version": 1, "submitter_type": "T", "submitter": ["admin"], "confirmer": null, "confirm_timestamp": null, "ip_address": null, "confirmed": true, "debate": 2, "motion": 1, "copied_from": null, "discarded": false, "forfeit": null}}, {"model": "results.ballotsubmission", "pk": 12, "fields": {"timestamp": "2016-04-14T13:21:35.757", "version": 1, "submitter_type": "T", "submitter": ["admin"], "confirmer": null, "confirm_timestamp": null, "ip_address": null, "confirmed": true, "debate": 1, "motion": 2, "copied_from": null, "discarded": false, "forfeit": null}}, {"model": "results.ballotsubmission", "pk": 13, "fields": {"timestamp": "2016-04-14T13:22:17.975", "version": 1, "submitter_type": "T", "submitter": ["admin"], "confirmer": null, "confirm_timestamp": null, "ip_address": null, "confirmed": true, "debate": 24, "motion": 4, "copied_from": null, "discarded": false, "forfeit": null}}, {"model": "results.ballotsubmission", "pk": 14, "fields": {"timestamp": "2016-04-14T13:22:18.113", "version": 1, "submitter_type": "T", "submitter": ["admin"], "confirmer": null, "confirm_timestamp": null, "ip_address": null, "confirmed": true, "debate": 23, "motion": 6, "copied_from": null, "discarded": false, "forfeit": null}}, {"model": "results.ballotsubmission", "pk": 15, "fields": {"timestamp": "2016-04-14T13:22:18.193", "version": 1, "submitter_type": "T", "submitter": ["admin"], "confirmer": null, "confirm_timestamp": null, "ip_address": null, "confirmed": true, "debate": 22, "motion": 5, "copied_from": null, "discarded": false, "forfeit": null}}, {"model": "results.ballotsubmission", "pk": 16, "fields": {"timestamp": "2016-04-14T13:22:18.319", "version": 1, "submitter_type": "T", "submitter": ["admin"], "confirmer": null, "confirm_timestamp": null, "ip_address": null, "confirmed": true, "debate": 21, "motion": 4, "copied_from": null, "discarded": false, "forfeit": null}}, {"model": "results.ballotsubmission", "pk": 17, "fields": {"timestamp": "2016-04-14T13:22:18.475", "version": 1, "submitter_type": "T", "submitter": ["admin"], "confirmer": null, "confirm_timestamp": null, "ip_address": null, "confirmed": true, "debate": 20, "motion": 4, "copied_from": null, "discarded": false, "forfeit": null}}, {"model": "results.ballotsubmission", "pk": 18, "fields": {"timestamp": "2016-04-14T13:22:18.592", "version": 1, "submitter_type": "T", "submitter": ["admin"], "confirmer": null, "confirm_timestamp": null, "ip_address": null, "confirmed": true, "debate": 19, "motion": 6, "copied_from": null, "discarded": false, "forfeit": null}}, {"model": "results.ballotsubmission", "pk": 19, "fields": {"timestamp": "2016-04-14T13:22:18.666", "version": 1, "submitter_type": "T", "submitter": ["admin"], "confirmer": null, "confirm_timestamp": null, "ip_address": null, "confirmed": true, "debate": 18, "motion": 6, "copied_from": null, "discarded": false, "forfeit": null}}, {"model": "results.ballotsubmission", "pk": 20, "fields": {"timestamp": "2016-04-14T13:22:18.789", "version": 1, "submitter_type": "T", "submitter": ["admin"], "confirmer": null, "confirm_timestamp": null, "ip_address": null, "confirmed": true, "debate": 17, "motion": 4, "copied_from": null, "discarded": false, "forfeit": null}}, {"model": "results.ballotsubmission", "pk": 21, "fields": {"timestamp": "2016-04-14T13:22:18.909", "version": 1, "submitter_type": "T", "submitter": ["admin"], "confirmer": null, "confirm_timestamp": null, "ip_address": null, "confirmed": true, "debate": 16, "motion": 4, "copied_from": null, "discarded": false, "forfeit": null}}, {"model": "results.ballotsubmission", "pk": 22, "fields": {"timestamp": "2016-04-14T13:22:18.986", "version": 1, "submitter_type": "T", "submitter": ["admin"], "confirmer": null, "confirm_timestamp": null, "ip_address": null, "confirmed": true, "debate": 15, "motion": 4, "copied_from": null, "discarded": false, "forfeit": null}}, {"model": "results.ballotsubmission", "pk": 23, "fields": {"timestamp": "2016-04-14T13:22:19.061", "version": 1, "submitter_type": "T", "submitter": ["admin"], "confirmer": null, "confirm_timestamp": null, "ip_address": null, "confirmed": true, "debate": 14, "motion": 5, "copied_from": null, "discarded": false, "forfeit": null}}, {"model": "results.ballotsubmission", "pk": 24, "fields": {"timestamp": "2016-04-14T13:22:19.183", "version": 1, "submitter_type": "T", "submitter": ["admin"], "confirmer": null, "confirm_timestamp": null, "ip_address": null, "confirmed": true, "debate": 13, "motion": 4, "copied_from": null, "discarded": false, "forfeit": null}}, {"model": "results.ballotsubmission", "pk": 25, "fields": {"timestamp": "2016-04-14T13:23:01.130", "version": 1, "submitter_type": "T", "submitter": ["admin"], "confirmer": null, "confirm_timestamp": null, "ip_address": null, "confirmed": true, "debate": 25, "motion": 9, "copied_from": null, "discarded": false, "forfeit": null}}, {"model": "results.ballotsubmission", "pk": 26, "fields": {"timestamp": "2016-04-14T13:23:01.211", "version": 1, "submitter_type": "T", "submitter": ["admin"], "confirmer": null, "confirm_timestamp": null, "ip_address": null, "confirmed": true, "debate": 26, "motion": 9, "copied_from": null, "discarded": false, "forfeit": null}}, {"model": "results.ballotsubmission", "pk": 27, "fields": {"timestamp": "2016-04-14T13:23:01.279", "version": 1, "submitter_type": "T", "submitter": ["admin"], "confirmer": null, "confirm_timestamp": null, "ip_address": null, "confirmed": true, "debate": 27, "motion": 9, "copied_from": null, "discarded": false, "forfeit": null}}, {"model": "results.ballotsubmission", "pk": 28, "fields": {"timestamp": "2016-04-14T13:23:01.382", "version": 1, "submitter_type": "T", "submitter": ["admin"], "confirmer": null, "confirm_timestamp": null, "ip_address": null, "confirmed": true, "debate": 28, "motion": 9, "copied_from": null, "discarded": false, "forfeit": null}}, {"model": "results.ballotsubmission", "pk": 29, "fields": {"timestamp": "2016-04-14T13:23:01.490", "version": 1, "submitter_type": "T", "submitter": ["admin"], "confirmer": null, "confirm_timestamp": null, "ip_address": null, "confirmed": true, "debate": 29, "motion": 9, "copied_from": null, "discarded": false, "forfeit": null}}, {"model": "results.ballotsubmission", "pk": 30, "fields": {"timestamp": "2016-04-14T13:23:01.595", "version": 1, "submitter_type": "T", "submitter": ["admin"], "confirmer": null, "confirm_timestamp": null, "ip_address": null, "confirmed": true, "debate": 30, "motion": 8, "copied_from": null, "discarded": false, "forfeit": null}}, {"model": "results.ballotsubmission", "pk": 31, "fields": {"timestamp": "2016-04-14T13:23:01.664", "version": 1, "submitter_type": "T", "submitter": ["admin"], "confirmer": null, "confirm_timestamp": null, "ip_address": null, "confirmed": true, "debate": 31, "motion": 7, "copied_from": null, "discarded": false, "forfeit": null}}, {"model": "results.ballotsubmission", "pk": 32, "fields": {"timestamp": "2016-04-14T13:23:01.732", "version": 1, "submitter_type": "T", "submitter": ["admin"], "confirmer": null, "confirm_timestamp": null, "ip_address": null, "confirmed": true, "debate": 32, "motion": 9, "copied_from": null, "discarded": false, "forfeit": null}}, {"model": "results.ballotsubmission", "pk": 33, "fields": {"timestamp": "2016-04-14T13:23:01.800", "version": 1, "submitter_type": "T", "submitter": ["admin"], "confirmer": null, "confirm_timestamp": null, "ip_address": null, "confirmed": true, "debate": 33, "motion": 9, "copied_from": null, "discarded": false, "forfeit": null}}, {"model": "results.ballotsubmission", "pk": 34, "fields": {"timestamp": "2016-04-14T13:23:01.870", "version": 1, "submitter_type": "T", "submitter": ["admin"], "confirmer": null, "confirm_timestamp": null, "ip_address": null, "confirmed": true, "debate": 34, "motion": 9, "copied_from": null, "discarded": false, "forfeit": null}}, {"model": "results.ballotsubmission", "pk": 35, "fields": {"timestamp": "2016-04-14T13:23:02.052", "version": 1, "submitter_type": "T", "submitter": ["admin"], "confirmer": null, "confirm_timestamp": null, "ip_address": null, "confirmed": true, "debate": 35, "motion": 9, "copied_from": null, "discarded": false, "forfeit": null}}, {"model": "results.ballotsubmission", "pk": 36, "fields": {"timestamp": "2016-04-14T13:23:02.157", "version": 1, "submitter_type": "T", "submitter": ["admin"], "confirmer": null, "confirm_timestamp": null, "ip_address": null, "confirmed": true, "debate": 36, "motion": 7, "copied_from": null, "discarded": false, "forfeit": null}}, {"model": "results.ballotsubmission", "pk": 37, "fields": {"timestamp": "2016-04-14T13:25:54.869", "version": 1, "submitter_type": "T", "submitter": ["admin"], "confirmer": null, "confirm_timestamp": null, "ip_address": null, "confirmed": true, "debate": 37, "motion": 12, "copied_from": null, "discarded": false, "forfeit": null}}, {"model": "results.ballotsubmission", "pk": 38, "fields": {"timestamp": "2016-04-14T13:25:54.956", "version": 1, "submitter_type": "T", "submitter": ["admin"], "confirmer": null, "confirm_timestamp": null, "ip_address": null, "confirmed": true, "debate": 38, "motion": 12, "copied_from": null, "discarded": false, "forfeit": null}}, {"model": "results.ballotsubmission", "pk": 39, "fields": {"timestamp": "2016-04-14T13:25:55.027", "version": 1, "submitter_type": "T", "submitter": ["admin"], "confirmer": null, "confirm_timestamp": null, "ip_address": null, "confirmed": true, "debate": 39, "motion": 12, "copied_from": null, "discarded": false, "forfeit": null}}, {"model": "results.ballotsubmission", "pk": 40, "fields": {"timestamp": "2016-04-14T13:25:55.136", "version": 1, "submitter_type": "T", "submitter": ["admin"], "confirmer": null, "confirm_timestamp": null, "ip_address": null, "confirmed": true, "debate": 40, "motion": 10, "copied_from": null, "discarded": false, "forfeit": null}}, {"model": "results.ballotsubmission", "pk": 41, "fields": {"timestamp": "2016-04-14T13:25:55.246", "version": 1, "submitter_type": "T", "submitter": ["admin"], "confirmer": null, "confirm_timestamp": null, "ip_address": null, "confirmed": true, "debate": 41, "motion": 12, "copied_from": null, "discarded": false, "forfeit": null}}, {"model": "results.ballotsubmission", "pk": 42, "fields": {"timestamp": "2016-04-14T13:25:55.351", "version": 1, "submitter_type": "T", "submitter": ["admin"], "confirmer": null, "confirm_timestamp": null, "ip_address": null, "confirmed": true, "debate": 42, "motion": 12, "copied_from": null, "discarded": false, "forfeit": null}}, {"model": "results.ballotsubmission", "pk": 43, "fields": {"timestamp": "2016-04-14T13:25:55.486", "version": 1, "submitter_type": "T", "submitter": ["admin"], "confirmer": null, "confirm_timestamp": null, "ip_address": null, "confirmed": true, "debate": 43, "motion": 12, "copied_from": null, "discarded": false, "forfeit": null}}, {"model": "results.ballotsubmission", "pk": 44, "fields": {"timestamp": "2016-04-14T13:25:55.594", "version": 1, "submitter_type": "T", "submitter": ["admin"], "confirmer": null, "confirm_timestamp": null, "ip_address": null, "confirmed": true, "debate": 44, "motion": 11, "copied_from": null, "discarded": false, "forfeit": null}}, {"model": "results.ballotsubmission", "pk": 45, "fields": {"timestamp": "2016-04-14T13:25:55.665", "version": 1, "submitter_type": "T", "submitter": ["admin"], "confirmer": null, "confirm_timestamp": null, "ip_address": null, "confirmed": true, "debate": 45, "motion": 12, "copied_from": null, "discarded": false, "forfeit": null}}, {"model": "results.ballotsubmission", "pk": 46, "fields": {"timestamp": "2016-04-14T13:25:55.778", "version": 1, "submitter_type": "T", "submitter": ["admin"], "confirmer": null, "confirm_timestamp": null, "ip_address": null, "confirmed": true, "debate": 46, "motion": 11, "copied_from": null, "discarded": false, "forfeit": null}}, {"model": "results.ballotsubmission", "pk": 47, "fields": {"timestamp": "2016-04-14T13:25:55.854", "version": 1, "submitter_type": "T", "submitter": ["admin"], "confirmer": null, "confirm_timestamp": null, "ip_address": null, "confirmed": true, "debate": 47, "motion": 11, "copied_from": null, "discarded": false, "forfeit": null}}, {"model": "results.ballotsubmission", "pk": 48, "fields": {"timestamp": "2016-04-14T13:25:55.933", "version": 1, "submitter_type": "T", "submitter": ["admin"], "confirmer": null, "confirm_timestamp": null, "ip_address": null, "confirmed": true, "debate": 48, "motion": 12, "copied_from": null, "discarded": false, "forfeit": null}}, {"model": "results.speakerscorebyadj", "pk": 1, "fields": {"ballot_submission": 1, "debate_adjudicator": 1, "debate_team": 23, "score": 73.0, "position": 1}}, {"model": "results.speakerscorebyadj", "pk": 2, "fields": {"ballot_submission": 1, "debate_adjudicator": 1, "debate_team": 23, "score": 75.0, "position": 2}}, {"model": "results.speakerscorebyadj", "pk": 3, "fields": {"ballot_submission": 1, "debate_adjudicator": 1, "debate_team": 23, "score": 73.0, "position": 3}}, {"model": "results.speakerscorebyadj", "pk": 4, "fields": {"ballot_submission": 1, "debate_adjudicator": 1, "debate_team": 23, "score": 38.0, "position": 4}}, {"model": "results.speakerscorebyadj", "pk": 5, "fields": {"ballot_submission": 1, "debate_adjudicator": 1, "debate_team": 24, "score": 73.0, "position": 1}}, {"model": "results.speakerscorebyadj", "pk": 6, "fields": {"ballot_submission": 1, "debate_adjudicator": 1, "debate_team": 24, "score": 73.0, "position": 2}}, {"model": "results.speakerscorebyadj", "pk": 7, "fields": {"ballot_submission": 1, "debate_adjudicator": 1, "debate_team": 24, "score": 78.0, "position": 3}}, {"model": "results.speakerscorebyadj", "pk": 8, "fields": {"ballot_submission": 1, "debate_adjudicator": 1, "debate_team": 24, "score": 37.5, "position": 4}}, {"model": "results.speakerscorebyadj", "pk": 9, "fields": {"ballot_submission": 2, "debate_adjudicator": 2, "debate_team": 21, "score": 76.0, "position": 1}}, {"model": "results.speakerscorebyadj", "pk": 10, "fields": {"ballot_submission": 2, "debate_adjudicator": 2, "debate_team": 21, "score": 77.0, "position": 2}}, {"model": "results.speakerscorebyadj", "pk": 11, "fields": {"ballot_submission": 2, "debate_adjudicator": 2, "debate_team": 21, "score": 76.0, "position": 3}}, {"model": "results.speakerscorebyadj", "pk": 12, "fields": {"ballot_submission": 2, "debate_adjudicator": 2, "debate_team": 21, "score": 37.5, "position": 4}}, {"model": "results.speakerscorebyadj", "pk": 13, "fields": {"ballot_submission": 2, "debate_adjudicator": 2, "debate_team": 22, "score": 77.0, "position": 1}}, {"model": "results.speakerscorebyadj", "pk": 14, "fields": {"ballot_submission": 2, "debate_adjudicator": 2, "debate_team": 22, "score": 75.0, "position": 2}}, {"model": "results.speakerscorebyadj", "pk": 15, "fields": {"ballot_submission": 2, "debate_adjudicator": 2, "debate_team": 22, "score": 76.0, "position": 3}}, {"model": "results.speakerscorebyadj", "pk": 16, "fields": {"ballot_submission": 2, "debate_adjudicator": 2, "debate_team": 22, "score": 39.0, "position": 4}}, {"model": "results.speakerscorebyadj", "pk": 17, "fields": {"ballot_submission": 3, "debate_adjudicator": 3, "debate_team": 19, "score": 72.0, "position": 1}}, {"model": "results.speakerscorebyadj", "pk": 18, "fields": {"ballot_submission": 3, "debate_adjudicator": 3, "debate_team": 19, "score": 75.0, "position": 2}}, {"model": "results.speakerscorebyadj", "pk": 19, "fields": {"ballot_submission": 3, "debate_adjudicator": 3, "debate_team": 19, "score": 77.0, "position": 3}}, {"model": "results.speakerscorebyadj", "pk": 20, "fields": {"ballot_submission": 3, "debate_adjudicator": 3, "debate_team": 19, "score": 37.5, "position": 4}}, {"model": "results.speakerscorebyadj", "pk": 21, "fields": {"ballot_submission": 3, "debate_adjudicator": 3, "debate_team": 20, "score": 78.0, "position": 1}}, {"model": "results.speakerscorebyadj", "pk": 22, "fields": {"ballot_submission": 3, "debate_adjudicator": 3, "debate_team": 20, "score": 74.0, "position": 2}}, {"model": "results.speakerscorebyadj", "pk": 23, "fields": {"ballot_submission": 3, "debate_adjudicator": 3, "debate_team": 20, "score": 74.0, "position": 3}}, {"model": "results.speakerscorebyadj", "pk": 24, "fields": {"ballot_submission": 3, "debate_adjudicator": 3, "debate_team": 20, "score": 39.0, "position": 4}}, {"model": "results.speakerscorebyadj", "pk": 25, "fields": {"ballot_submission": 4, "debate_adjudicator": 4, "debate_team": 17, "score": 74.0, "position": 1}}, {"model": "results.speakerscorebyadj", "pk": 26, "fields": {"ballot_submission": 4, "debate_adjudicator": 4, "debate_team": 17, "score": 73.0, "position": 2}}, {"model": "results.speakerscorebyadj", "pk": 27, "fields": {"ballot_submission": 4, "debate_adjudicator": 4, "debate_team": 17, "score": 73.0, "position": 3}}, {"model": "results.speakerscorebyadj", "pk": 28, "fields": {"ballot_submission": 4, "debate_adjudicator": 4, "debate_team": 17, "score": 37.5, "position": 4}}, {"model": "results.speakerscorebyadj", "pk": 29, "fields": {"ballot_submission": 4, "debate_adjudicator": 4, "debate_team": 18, "score": 77.0, "position": 1}}, {"model": "results.speakerscorebyadj", "pk": 30, "fields": {"ballot_submission": 4, "debate_adjudicator": 4, "debate_team": 18, "score": 74.0, "position": 2}}, {"model": "results.speakerscorebyadj", "pk": 31, "fields": {"ballot_submission": 4, "debate_adjudicator": 4, "debate_team": 18, "score": 74.0, "position": 3}}, {"model": "results.speakerscorebyadj", "pk": 32, "fields": {"ballot_submission": 4, "debate_adjudicator": 4, "debate_team": 18, "score": 37.0, "position": 4}}, {"model": "results.speakerscorebyadj", "pk": 33, "fields": {"ballot_submission": 5, "debate_adjudicator": 5, "debate_team": 15, "score": 75.0, "position": 1}}, {"model": "results.speakerscorebyadj", "pk": 34, "fields": {"ballot_submission": 5, "debate_adjudicator": 5, "debate_team": 15, "score": 74.0, "position": 2}}, {"model": "results.speakerscorebyadj", "pk": 35, "fields": {"ballot_submission": 5, "debate_adjudicator": 5, "debate_team": 15, "score": 74.0, "position": 3}}, {"model": "results.speakerscorebyadj", "pk": 36, "fields": {"ballot_submission": 5, "debate_adjudicator": 5, "debate_team": 15, "score": 37.5, "position": 4}}, {"model": "results.speakerscorebyadj", "pk": 37, "fields": {"ballot_submission": 5, "debate_adjudicator": 5, "debate_team": 16, "score": 74.0, "position": 1}}, {"model": "results.speakerscorebyadj", "pk": 38, "fields": {"ballot_submission": 5, "debate_adjudicator": 5, "debate_team": 16, "score": 76.0, "position": 2}}, {"model": "results.speakerscorebyadj", "pk": 39, "fields": {"ballot_submission": 5, "debate_adjudicator": 5, "debate_team": 16, "score": 72.0, "position": 3}}, {"model": "results.speakerscorebyadj", "pk": 40, "fields": {"ballot_submission": 5, "debate_adjudicator": 5, "debate_team": 16, "score": 39.0, "position": 4}}, {"model": "results.speakerscorebyadj", "pk": 41, "fields": {"ballot_submission": 6, "debate_adjudicator": 6, "debate_team": 13, "score": 72.0, "position": 1}}, {"model": "results.speakerscorebyadj", "pk": 42, "fields": {"ballot_submission": 6, "debate_adjudicator": 6, "debate_team": 13, "score": 74.0, "position": 2}}, {"model": "results.speakerscorebyadj", "pk": 43, "fields": {"ballot_submission": 6, "debate_adjudicator": 6, "debate_team": 13, "score": 72.0, "position": 3}}, {"model": "results.speakerscorebyadj", "pk": 44, "fields": {"ballot_submission": 6, "debate_adjudicator": 6, "debate_team": 13, "score": 37.5, "position": 4}}, {"model": "results.speakerscorebyadj", "pk": 45, "fields": {"ballot_submission": 6, "debate_adjudicator": 6, "debate_team": 14, "score": 75.0, "position": 1}}, {"model": "results.speakerscorebyadj", "pk": 46, "fields": {"ballot_submission": 6, "debate_adjudicator": 6, "debate_team": 14, "score": 74.0, "position": 2}}, {"model": "results.speakerscorebyadj", "pk": 47, "fields": {"ballot_submission": 6, "debate_adjudicator": 6, "debate_team": 14, "score": 78.0, "position": 3}}, {"model": "results.speakerscorebyadj", "pk": 48, "fields": {"ballot_submission": 6, "debate_adjudicator": 6, "debate_team": 14, "score": 36.0, "position": 4}}, {"model": "results.speakerscorebyadj", "pk": 49, "fields": {"ballot_submission": 7, "debate_adjudicator": 7, "debate_team": 11, "score": 77.0, "position": 1}}, {"model": "results.speakerscorebyadj", "pk": 50, "fields": {"ballot_submission": 7, "debate_adjudicator": 7, "debate_team": 11, "score": 78.0, "position": 2}}, {"model": "results.speakerscorebyadj", "pk": 51, "fields": {"ballot_submission": 7, "debate_adjudicator": 7, "debate_team": 11, "score": 74.0, "position": 3}}, {"model": "results.speakerscorebyadj", "pk": 52, "fields": {"ballot_submission": 7, "debate_adjudicator": 7, "debate_team": 11, "score": 38.0, "position": 4}}, {"model": "results.speakerscorebyadj", "pk": 53, "fields": {"ballot_submission": 7, "debate_adjudicator": 7, "debate_team": 12, "score": 75.0, "position": 1}}, {"model": "results.speakerscorebyadj", "pk": 54, "fields": {"ballot_submission": 7, "debate_adjudicator": 7, "debate_team": 12, "score": 76.0, "position": 2}}, {"model": "results.speakerscorebyadj", "pk": 55, "fields": {"ballot_submission": 7, "debate_adjudicator": 7, "debate_team": 12, "score": 75.0, "position": 3}}, {"model": "results.speakerscorebyadj", "pk": 56, "fields": {"ballot_submission": 7, "debate_adjudicator": 7, "debate_team": 12, "score": 38.5, "position": 4}}, {"model": "results.speakerscorebyadj", "pk": 57, "fields": {"ballot_submission": 8, "debate_adjudicator": 10, "debate_team": 9, "score": 76.0, "position": 1}}, {"model": "results.speakerscorebyadj", "pk": 58, "fields": {"ballot_submission": 8, "debate_adjudicator": 10, "debate_team": 9, "score": 72.0, "position": 2}}, {"model": "results.speakerscorebyadj", "pk": 59, "fields": {"ballot_submission": 8, "debate_adjudicator": 10, "debate_team": 9, "score": 78.0, "position": 3}}, {"model": "results.speakerscorebyadj", "pk": 60, "fields": {"ballot_submission": 8, "debate_adjudicator": 10, "debate_team": 9, "score": 38.0, "position": 4}}, {"model": "results.speakerscorebyadj", "pk": 61, "fields": {"ballot_submission": 8, "debate_adjudicator": 10, "debate_team": 10, "score": 74.0, "position": 1}}, {"model": "results.speakerscorebyadj", "pk": 62, "fields": {"ballot_submission": 8, "debate_adjudicator": 10, "debate_team": 10, "score": 77.0, "position": 2}}, {"model": "results.speakerscorebyadj", "pk": 63, "fields": {"ballot_submission": 8, "debate_adjudicator": 10, "debate_team": 10, "score": 73.0, "position": 3}}, {"model": "results.speakerscorebyadj", "pk": 64, "fields": {"ballot_submission": 8, "debate_adjudicator": 10, "debate_team": 10, "score": 38.5, "position": 4}}, {"model": "results.speakerscorebyadj", "pk": 65, "fields": {"ballot_submission": 8, "debate_adjudicator": 9, "debate_team": 9, "score": 78.0, "position": 1}}, {"model": "results.speakerscorebyadj", "pk": 66, "fields": {"ballot_submission": 8, "debate_adjudicator": 9, "debate_team": 9, "score": 78.0, "position": 2}}, {"model": "results.speakerscorebyadj", "pk": 67, "fields": {"ballot_submission": 8, "debate_adjudicator": 9, "debate_team": 9, "score": 75.0, "position": 3}}, {"model": "results.speakerscorebyadj", "pk": 68, "fields": {"ballot_submission": 8, "debate_adjudicator": 9, "debate_team": 9, "score": 38.5, "position": 4}}, {"model": "results.speakerscorebyadj", "pk": 69, "fields": {"ballot_submission": 8, "debate_adjudicator": 9, "debate_team": 10, "score": 75.0, "position": 1}}, {"model": "results.speakerscorebyadj", "pk": 70, "fields": {"ballot_submission": 8, "debate_adjudicator": 9, "debate_team": 10, "score": 76.0, "position": 2}}, {"model": "results.speakerscorebyadj", "pk": 71, "fields": {"ballot_submission": 8, "debate_adjudicator": 9, "debate_team": 10, "score": 78.0, "position": 3}}, {"model": "results.speakerscorebyadj", "pk": 72, "fields": {"ballot_submission": 8, "debate_adjudicator": 9, "debate_team": 10, "score": 36.0, "position": 4}}, {"model": "results.speakerscorebyadj", "pk": 73, "fields": {"ballot_submission": 8, "debate_adjudicator": 8, "debate_team": 9, "score": 76.0, "position": 1}}, {"model": "results.speakerscorebyadj", "pk": 74, "fields": {"ballot_submission": 8, "debate_adjudicator": 8, "debate_team": 9, "score": 77.0, "position": 2}}, {"model": "results.speakerscorebyadj", "pk": 75, "fields": {"ballot_submission": 8, "debate_adjudicator": 8, "debate_team": 9, "score": 75.0, "position": 3}}, {"model": "results.speakerscorebyadj", "pk": 76, "fields": {"ballot_submission": 8, "debate_adjudicator": 8, "debate_team": 9, "score": 36.5, "position": 4}}, {"model": "results.speakerscorebyadj", "pk": 77, "fields": {"ballot_submission": 8, "debate_adjudicator": 8, "debate_team": 10, "score": 73.0, "position": 1}}, {"model": "results.speakerscorebyadj", "pk": 78, "fields": {"ballot_submission": 8, "debate_adjudicator": 8, "debate_team": 10, "score": 75.0, "position": 2}}, {"model": "results.speakerscorebyadj", "pk": 79, "fields": {"ballot_submission": 8, "debate_adjudicator": 8, "debate_team": 10, "score": 72.0, "position": 3}}, {"model": "results.speakerscorebyadj", "pk": 80, "fields": {"ballot_submission": 8, "debate_adjudicator": 8, "debate_team": 10, "score": 36.5, "position": 4}}, {"model": "results.speakerscorebyadj", "pk": 81, "fields": {"ballot_submission": 9, "debate_adjudicator": 12, "debate_team": 7, "score": 77.0, "position": 1}}, {"model": "results.speakerscorebyadj", "pk": 82, "fields": {"ballot_submission": 9, "debate_adjudicator": 12, "debate_team": 7, "score": 76.0, "position": 2}}, {"model": "results.speakerscorebyadj", "pk": 83, "fields": {"ballot_submission": 9, "debate_adjudicator": 12, "debate_team": 7, "score": 78.0, "position": 3}}, {"model": "results.speakerscorebyadj", "pk": 84, "fields": {"ballot_submission": 9, "debate_adjudicator": 12, "debate_team": 7, "score": 37.5, "position": 4}}, {"model": "results.speakerscorebyadj", "pk": 85, "fields": {"ballot_submission": 9, "debate_adjudicator": 12, "debate_team": 8, "score": 74.0, "position": 1}}, {"model": "results.speakerscorebyadj", "pk": 86, "fields": {"ballot_submission": 9, "debate_adjudicator": 12, "debate_team": 8, "score": 75.0, "position": 2}}, {"model": "results.speakerscorebyadj", "pk": 87, "fields": {"ballot_submission": 9, "debate_adjudicator": 12, "debate_team": 8, "score": 75.0, "position": 3}}, {"model": "results.speakerscorebyadj", "pk": 88, "fields": {"ballot_submission": 9, "debate_adjudicator": 12, "debate_team": 8, "score": 37.0, "position": 4}}, {"model": "results.speakerscorebyadj", "pk": 89, "fields": {"ballot_submission": 9, "debate_adjudicator": 13, "debate_team": 7, "score": 73.0, "position": 1}}, {"model": "results.speakerscorebyadj", "pk": 90, "fields": {"ballot_submission": 9, "debate_adjudicator": 13, "debate_team": 7, "score": 73.0, "position": 2}}, {"model": "results.speakerscorebyadj", "pk": 91, "fields": {"ballot_submission": 9, "debate_adjudicator": 13, "debate_team": 7, "score": 78.0, "position": 3}}, {"model": "results.speakerscorebyadj", "pk": 92, "fields": {"ballot_submission": 9, "debate_adjudicator": 13, "debate_team": 7, "score": 37.5, "position": 4}}, {"model": "results.speakerscorebyadj", "pk": 93, "fields": {"ballot_submission": 9, "debate_adjudicator": 13, "debate_team": 8, "score": 75.0, "position": 1}}, {"model": "results.speakerscorebyadj", "pk": 94, "fields": {"ballot_submission": 9, "debate_adjudicator": 13, "debate_team": 8, "score": 75.0, "position": 2}}, {"model": "results.speakerscorebyadj", "pk": 95, "fields": {"ballot_submission": 9, "debate_adjudicator": 13, "debate_team": 8, "score": 75.0, "position": 3}}, {"model": "results.speakerscorebyadj", "pk": 96, "fields": {"ballot_submission": 9, "debate_adjudicator": 13, "debate_team": 8, "score": 37.5, "position": 4}}, {"model": "results.speakerscorebyadj", "pk": 97, "fields": {"ballot_submission": 9, "debate_adjudicator": 11, "debate_team": 7, "score": 78.0, "position": 1}}, {"model": "results.speakerscorebyadj", "pk": 98, "fields": {"ballot_submission": 9, "debate_adjudicator": 11, "debate_team": 7, "score": 73.0, "position": 2}}, {"model": "results.speakerscorebyadj", "pk": 99, "fields": {"ballot_submission": 9, "debate_adjudicator": 11, "debate_team": 7, "score": 75.0, "position": 3}}, {"model": "results.speakerscorebyadj", "pk": 100, "fields": {"ballot_submission": 9, "debate_adjudicator": 11, "debate_team": 7, "score": 37.5, "position": 4}}, {"model": "results.speakerscorebyadj", "pk": 101, "fields": {"ballot_submission": 9, "debate_adjudicator": 11, "debate_team": 8, "score": 78.0, "position": 1}}, {"model": "results.speakerscorebyadj", "pk": 102, "fields": {"ballot_submission": 9, "debate_adjudicator": 11, "debate_team": 8, "score": 72.0, "position": 2}}, {"model": "results.speakerscorebyadj", "pk": 103, "fields": {"ballot_submission": 9, "debate_adjudicator": 11, "debate_team": 8, "score": 74.0, "position": 3}}, {"model": "results.speakerscorebyadj", "pk": 104, "fields": {"ballot_submission": 9, "debate_adjudicator": 11, "debate_team": 8, "score": 37.0, "position": 4}}, {"model": "results.speakerscorebyadj", "pk": 105, "fields": {"ballot_submission": 10, "debate_adjudicator": 15, "debate_team": 5, "score": 78.0, "position": 1}}, {"model": "results.speakerscorebyadj", "pk": 106, "fields": {"ballot_submission": 10, "debate_adjudicator": 15, "debate_team": 5, "score": 78.0, "position": 2}}, {"model": "results.speakerscorebyadj", "pk": 107, "fields": {"ballot_submission": 10, "debate_adjudicator": 15, "debate_team": 5, "score": 74.0, "position": 3}}, {"model": "results.speakerscorebyadj", "pk": 108, "fields": {"ballot_submission": 10, "debate_adjudicator": 15, "debate_team": 5, "score": 37.5, "position": 4}}, {"model": "results.speakerscorebyadj", "pk": 109, "fields": {"ballot_submission": 10, "debate_adjudicator": 15, "debate_team": 6, "score": 78.0, "position": 1}}, {"model": "results.speakerscorebyadj", "pk": 110, "fields": {"ballot_submission": 10, "debate_adjudicator": 15, "debate_team": 6, "score": 73.0, "position": 2}}, {"model": "results.speakerscorebyadj", "pk": 111, "fields": {"ballot_submission": 10, "debate_adjudicator": 15, "debate_team": 6, "score": 74.0, "position": 3}}, {"model": "results.speakerscorebyadj", "pk": 112, "fields": {"ballot_submission": 10, "debate_adjudicator": 15, "debate_team": 6, "score": 37.5, "position": 4}}, {"model": "results.speakerscorebyadj", "pk": 113, "fields": {"ballot_submission": 10, "debate_adjudicator": 14, "debate_team": 5, "score": 73.0, "position": 1}}, {"model": "results.speakerscorebyadj", "pk": 114, "fields": {"ballot_submission": 10, "debate_adjudicator": 14, "debate_team": 5, "score": 77.0, "position": 2}}, {"model": "results.speakerscorebyadj", "pk": 115, "fields": {"ballot_submission": 10, "debate_adjudicator": 14, "debate_team": 5, "score": 76.0, "position": 3}}, {"model": "results.speakerscorebyadj", "pk": 116, "fields": {"ballot_submission": 10, "debate_adjudicator": 14, "debate_team": 5, "score": 38.5, "position": 4}}, {"model": "results.speakerscorebyadj", "pk": 117, "fields": {"ballot_submission": 10, "debate_adjudicator": 14, "debate_team": 6, "score": 74.0, "position": 1}}, {"model": "results.speakerscorebyadj", "pk": 118, "fields": {"ballot_submission": 10, "debate_adjudicator": 14, "debate_team": 6, "score": 78.0, "position": 2}}, {"model": "results.speakerscorebyadj", "pk": 119, "fields": {"ballot_submission": 10, "debate_adjudicator": 14, "debate_team": 6, "score": 73.0, "position": 3}}, {"model": "results.speakerscorebyadj", "pk": 120, "fields": {"ballot_submission": 10, "debate_adjudicator": 14, "debate_team": 6, "score": 36.5, "position": 4}}, {"model": "results.speakerscorebyadj", "pk": 121, "fields": {"ballot_submission": 10, "debate_adjudicator": 16, "debate_team": 5, "score": 76.0, "position": 1}}, {"model": "results.speakerscorebyadj", "pk": 122, "fields": {"ballot_submission": 10, "debate_adjudicator": 16, "debate_team": 5, "score": 78.0, "position": 2}}, {"model": "results.speakerscorebyadj", "pk": 123, "fields": {"ballot_submission": 10, "debate_adjudicator": 16, "debate_team": 5, "score": 77.0, "position": 3}}, {"model": "results.speakerscorebyadj", "pk": 124, "fields": {"ballot_submission": 10, "debate_adjudicator": 16, "debate_team": 5, "score": 37.5, "position": 4}}, {"model": "results.speakerscorebyadj", "pk": 125, "fields": {"ballot_submission": 10, "debate_adjudicator": 16, "debate_team": 6, "score": 74.0, "position": 1}}, {"model": "results.speakerscorebyadj", "pk": 126, "fields": {"ballot_submission": 10, "debate_adjudicator": 16, "debate_team": 6, "score": 72.0, "position": 2}}, {"model": "results.speakerscorebyadj", "pk": 127, "fields": {"ballot_submission": 10, "debate_adjudicator": 16, "debate_team": 6, "score": 78.0, "position": 3}}, {"model": "results.speakerscorebyadj", "pk": 128, "fields": {"ballot_submission": 10, "debate_adjudicator": 16, "debate_team": 6, "score": 36.5, "position": 4}}, {"model": "results.speakerscorebyadj", "pk": 129, "fields": {"ballot_submission": 11, "debate_adjudicator": 17, "debate_team": 3, "score": 75.0, "position": 1}}, {"model": "results.speakerscorebyadj", "pk": 130, "fields": {"ballot_submission": 11, "debate_adjudicator": 17, "debate_team": 3, "score": 77.0, "position": 2}}, {"model": "results.speakerscorebyadj", "pk": 131, "fields": {"ballot_submission": 11, "debate_adjudicator": 17, "debate_team": 3, "score": 77.0, "position": 3}}, {"model": "results.speakerscorebyadj", "pk": 132, "fields": {"ballot_submission": 11, "debate_adjudicator": 17, "debate_team": 3, "score": 36.5, "position": 4}}, {"model": "results.speakerscorebyadj", "pk": 133, "fields": {"ballot_submission": 11, "debate_adjudicator": 17, "debate_team": 4, "score": 78.0, "position": 1}}, {"model": "results.speakerscorebyadj", "pk": 134, "fields": {"ballot_submission": 11, "debate_adjudicator": 17, "debate_team": 4, "score": 74.0, "position": 2}}, {"model": "results.speakerscorebyadj", "pk": 135, "fields": {"ballot_submission": 11, "debate_adjudicator": 17, "debate_team": 4, "score": 78.0, "position": 3}}, {"model": "results.speakerscorebyadj", "pk": 136, "fields": {"ballot_submission": 11, "debate_adjudicator": 17, "debate_team": 4, "score": 38.0, "position": 4}}, {"model": "results.speakerscorebyadj", "pk": 137, "fields": {"ballot_submission": 11, "debate_adjudicator": 19, "debate_team": 3, "score": 73.0, "position": 1}}, {"model": "results.speakerscorebyadj", "pk": 138, "fields": {"ballot_submission": 11, "debate_adjudicator": 19, "debate_team": 3, "score": 72.0, "position": 2}}, {"model": "results.speakerscorebyadj", "pk": 139, "fields": {"ballot_submission": 11, "debate_adjudicator": 19, "debate_team": 3, "score": 77.0, "position": 3}}, {"model": "results.speakerscorebyadj", "pk": 140, "fields": {"ballot_submission": 11, "debate_adjudicator": 19, "debate_team": 3, "score": 36.0, "position": 4}}, {"model": "results.speakerscorebyadj", "pk": 141, "fields": {"ballot_submission": 11, "debate_adjudicator": 19, "debate_team": 4, "score": 75.0, "position": 1}}, {"model": "results.speakerscorebyadj", "pk": 142, "fields": {"ballot_submission": 11, "debate_adjudicator": 19, "debate_team": 4, "score": 75.0, "position": 2}}, {"model": "results.speakerscorebyadj", "pk": 143, "fields": {"ballot_submission": 11, "debate_adjudicator": 19, "debate_team": 4, "score": 73.0, "position": 3}}, {"model": "results.speakerscorebyadj", "pk": 144, "fields": {"ballot_submission": 11, "debate_adjudicator": 19, "debate_team": 4, "score": 38.0, "position": 4}}, {"model": "results.speakerscorebyadj", "pk": 145, "fields": {"ballot_submission": 11, "debate_adjudicator": 18, "debate_team": 3, "score": 75.0, "position": 1}}, {"model": "results.speakerscorebyadj", "pk": 146, "fields": {"ballot_submission": 11, "debate_adjudicator": 18, "debate_team": 3, "score": 73.0, "position": 2}}, {"model": "results.speakerscorebyadj", "pk": 147, "fields": {"ballot_submission": 11, "debate_adjudicator": 18, "debate_team": 3, "score": 76.0, "position": 3}}, {"model": "results.speakerscorebyadj", "pk": 148, "fields": {"ballot_submission": 11, "debate_adjudicator": 18, "debate_team": 3, "score": 38.5, "position": 4}}, {"model": "results.speakerscorebyadj", "pk": 149, "fields": {"ballot_submission": 11, "debate_adjudicator": 18, "debate_team": 4, "score": 72.0, "position": 1}}, {"model": "results.speakerscorebyadj", "pk": 150, "fields": {"ballot_submission": 11, "debate_adjudicator": 18, "debate_team": 4, "score": 78.0, "position": 2}}, {"model": "results.speakerscorebyadj", "pk": 151, "fields": {"ballot_submission": 11, "debate_adjudicator": 18, "debate_team": 4, "score": 73.0, "position": 3}}, {"model": "results.speakerscorebyadj", "pk": 152, "fields": {"ballot_submission": 11, "debate_adjudicator": 18, "debate_team": 4, "score": 37.0, "position": 4}}, {"model": "results.speakerscorebyadj", "pk": 153, "fields": {"ballot_submission": 12, "debate_adjudicator": 21, "debate_team": 1, "score": 77.0, "position": 1}}, {"model": "results.speakerscorebyadj", "pk": 154, "fields": {"ballot_submission": 12, "debate_adjudicator": 21, "debate_team": 1, "score": 75.0, "position": 2}}, {"model": "results.speakerscorebyadj", "pk": 155, "fields": {"ballot_submission": 12, "debate_adjudicator": 21, "debate_team": 1, "score": 77.0, "position": 3}}, {"model": "results.speakerscorebyadj", "pk": 156, "fields": {"ballot_submission": 12, "debate_adjudicator": 21, "debate_team": 1, "score": 36.5, "position": 4}}, {"model": "results.speakerscorebyadj", "pk": 157, "fields": {"ballot_submission": 12, "debate_adjudicator": 21, "debate_team": 2, "score": 78.0, "position": 1}}, {"model": "results.speakerscorebyadj", "pk": 158, "fields": {"ballot_submission": 12, "debate_adjudicator": 21, "debate_team": 2, "score": 76.0, "position": 2}}, {"model": "results.speakerscorebyadj", "pk": 159, "fields": {"ballot_submission": 12, "debate_adjudicator": 21, "debate_team": 2, "score": 73.0, "position": 3}}, {"model": "results.speakerscorebyadj", "pk": 160, "fields": {"ballot_submission": 12, "debate_adjudicator": 21, "debate_team": 2, "score": 37.0, "position": 4}}, {"model": "results.speakerscorebyadj", "pk": 161, "fields": {"ballot_submission": 12, "debate_adjudicator": 20, "debate_team": 1, "score": 78.0, "position": 1}}, {"model": "results.speakerscorebyadj", "pk": 162, "fields": {"ballot_submission": 12, "debate_adjudicator": 20, "debate_team": 1, "score": 75.0, "position": 2}}, {"model": "results.speakerscorebyadj", "pk": 163, "fields": {"ballot_submission": 12, "debate_adjudicator": 20, "debate_team": 1, "score": 75.0, "position": 3}}, {"model": "results.speakerscorebyadj", "pk": 164, "fields": {"ballot_submission": 12, "debate_adjudicator": 20, "debate_team": 1, "score": 39.0, "position": 4}}, {"model": "results.speakerscorebyadj", "pk": 165, "fields": {"ballot_submission": 12, "debate_adjudicator": 20, "debate_team": 2, "score": 77.0, "position": 1}}, {"model": "results.speakerscorebyadj", "pk": 166, "fields": {"ballot_submission": 12, "debate_adjudicator": 20, "debate_team": 2, "score": 74.0, "position": 2}}, {"model": "results.speakerscorebyadj", "pk": 167, "fields": {"ballot_submission": 12, "debate_adjudicator": 20, "debate_team": 2, "score": 78.0, "position": 3}}, {"model": "results.speakerscorebyadj", "pk": 168, "fields": {"ballot_submission": 12, "debate_adjudicator": 20, "debate_team": 2, "score": 37.0, "position": 4}}, {"model": "results.speakerscorebyadj", "pk": 169, "fields": {"ballot_submission": 12, "debate_adjudicator": 22, "debate_team": 1, "score": 72.0, "position": 1}}, {"model": "results.speakerscorebyadj", "pk": 170, "fields": {"ballot_submission": 12, "debate_adjudicator": 22, "debate_team": 1, "score": 76.0, "position": 2}}, {"model": "results.speakerscorebyadj", "pk": 171, "fields": {"ballot_submission": 12, "debate_adjudicator": 22, "debate_team": 1, "score": 72.0, "position": 3}}, {"model": "results.speakerscorebyadj", "pk": 172, "fields": {"ballot_submission": 12, "debate_adjudicator": 22, "debate_team": 1, "score": 36.5, "position": 4}}, {"model": "results.speakerscorebyadj", "pk": 173, "fields": {"ballot_submission": 12, "debate_adjudicator": 22, "debate_team": 2, "score": 77.0, "position": 1}}, {"model": "results.speakerscorebyadj", "pk": 174, "fields": {"ballot_submission": 12, "debate_adjudicator": 22, "debate_team": 2, "score": 76.0, "position": 2}}, {"model": "results.speakerscorebyadj", "pk": 175, "fields": {"ballot_submission": 12, "debate_adjudicator": 22, "debate_team": 2, "score": 78.0, "position": 3}}, {"model": "results.speakerscorebyadj", "pk": 176, "fields": {"ballot_submission": 12, "debate_adjudicator": 22, "debate_team": 2, "score": 37.5, "position": 4}}, {"model": "results.speakerscorebyadj", "pk": 177, "fields": {"ballot_submission": 13, "debate_adjudicator": 33, "debate_team": 47, "score": 73.0, "position": 1}}, {"model": "results.speakerscorebyadj", "pk": 178, "fields": {"ballot_submission": 13, "debate_adjudicator": 33, "debate_team": 47, "score": 75.0, "position": 2}}, {"model": "results.speakerscorebyadj", "pk": 179, "fields": {"ballot_submission": 13, "debate_adjudicator": 33, "debate_team": 47, "score": 78.0, "position": 3}}, {"model": "results.speakerscorebyadj", "pk": 180, "fields": {"ballot_submission": 13, "debate_adjudicator": 33, "debate_team": 47, "score": 36.5, "position": 4}}, {"model": "results.speakerscorebyadj", "pk": 181, "fields": {"ballot_submission": 13, "debate_adjudicator": 33, "debate_team": 48, "score": 76.0, "position": 1}}, {"model": "results.speakerscorebyadj", "pk": 182, "fields": {"ballot_submission": 13, "debate_adjudicator": 33, "debate_team": 48, "score": 72.0, "position": 2}}, {"model": "results.speakerscorebyadj", "pk": 183, "fields": {"ballot_submission": 13, "debate_adjudicator": 33, "debate_team": 48, "score": 74.0, "position": 3}}, {"model": "results.speakerscorebyadj", "pk": 184, "fields": {"ballot_submission": 13, "debate_adjudicator": 33, "debate_team": 48, "score": 39.0, "position": 4}}, {"model": "results.speakerscorebyadj", "pk": 185, "fields": {"ballot_submission": 13, "debate_adjudicator": 34, "debate_team": 47, "score": 77.0, "position": 1}}, {"model": "results.speakerscorebyadj", "pk": 186, "fields": {"ballot_submission": 13, "debate_adjudicator": 34, "debate_team": 47, "score": 78.0, "position": 2}}, {"model": "results.speakerscorebyadj", "pk": 187, "fields": {"ballot_submission": 13, "debate_adjudicator": 34, "debate_team": 47, "score": 76.0, "position": 3}}, {"model": "results.speakerscorebyadj", "pk": 188, "fields": {"ballot_submission": 13, "debate_adjudicator": 34, "debate_team": 47, "score": 37.0, "position": 4}}, {"model": "results.speakerscorebyadj", "pk": 189, "fields": {"ballot_submission": 13, "debate_adjudicator": 34, "debate_team": 48, "score": 76.0, "position": 1}}, {"model": "results.speakerscorebyadj", "pk": 190, "fields": {"ballot_submission": 13, "debate_adjudicator": 34, "debate_team": 48, "score": 73.0, "position": 2}}, {"model": "results.speakerscorebyadj", "pk": 191, "fields": {"ballot_submission": 13, "debate_adjudicator": 34, "debate_team": 48, "score": 78.0, "position": 3}}, {"model": "results.speakerscorebyadj", "pk": 192, "fields": {"ballot_submission": 13, "debate_adjudicator": 34, "debate_team": 48, "score": 37.5, "position": 4}}, {"model": "results.speakerscorebyadj", "pk": 193, "fields": {"ballot_submission": 13, "debate_adjudicator": 35, "debate_team": 47, "score": 74.0, "position": 1}}, {"model": "results.speakerscorebyadj", "pk": 194, "fields": {"ballot_submission": 13, "debate_adjudicator": 35, "debate_team": 47, "score": 76.0, "position": 2}}, {"model": "results.speakerscorebyadj", "pk": 195, "fields": {"ballot_submission": 13, "debate_adjudicator": 35, "debate_team": 47, "score": 75.0, "position": 3}}, {"model": "results.speakerscorebyadj", "pk": 196, "fields": {"ballot_submission": 13, "debate_adjudicator": 35, "debate_team": 47, "score": 36.5, "position": 4}}, {"model": "results.speakerscorebyadj", "pk": 197, "fields": {"ballot_submission": 13, "debate_adjudicator": 35, "debate_team": 48, "score": 73.0, "position": 1}}, {"model": "results.speakerscorebyadj", "pk": 198, "fields": {"ballot_submission": 13, "debate_adjudicator": 35, "debate_team": 48, "score": 74.0, "position": 2}}, {"model": "results.speakerscorebyadj", "pk": 199, "fields": {"ballot_submission": 13, "debate_adjudicator": 35, "debate_team": 48, "score": 77.0, "position": 3}}, {"model": "results.speakerscorebyadj", "pk": 200, "fields": {"ballot_submission": 13, "debate_adjudicator": 35, "debate_team": 48, "score": 37.0, "position": 4}}, {"model": "results.speakerscorebyadj", "pk": 201, "fields": {"ballot_submission": 14, "debate_adjudicator": 24, "debate_team": 45, "score": 72.0, "position": 1}}, {"model": "results.speakerscorebyadj", "pk": 202, "fields": {"ballot_submission": 14, "debate_adjudicator": 24, "debate_team": 45, "score": 78.0, "position": 2}}, {"model": "results.speakerscorebyadj", "pk": 203, "fields": {"ballot_submission": 14, "debate_adjudicator": 24, "debate_team": 45, "score": 73.0, "position": 3}}, {"model": "results.speakerscorebyadj", "pk": 204, "fields": {"ballot_submission": 14, "debate_adjudicator": 24, "debate_team": 45, "score": 38.5, "position": 4}}, {"model": "results.speakerscorebyadj", "pk": 205, "fields": {"ballot_submission": 14, "debate_adjudicator": 24, "debate_team": 46, "score": 72.0, "position": 1}}, {"model": "results.speakerscorebyadj", "pk": 206, "fields": {"ballot_submission": 14, "debate_adjudicator": 24, "debate_team": 46, "score": 77.0, "position": 2}}, {"model": "results.speakerscorebyadj", "pk": 207, "fields": {"ballot_submission": 14, "debate_adjudicator": 24, "debate_team": 46, "score": 74.0, "position": 3}}, {"model": "results.speakerscorebyadj", "pk": 208, "fields": {"ballot_submission": 14, "debate_adjudicator": 24, "debate_team": 46, "score": 38.0, "position": 4}}, {"model": "results.speakerscorebyadj", "pk": 209, "fields": {"ballot_submission": 15, "debate_adjudicator": 38, "debate_team": 43, "score": 75.0, "position": 1}}, {"model": "results.speakerscorebyadj", "pk": 210, "fields": {"ballot_submission": 15, "debate_adjudicator": 38, "debate_team": 43, "score": 73.0, "position": 2}}, {"model": "results.speakerscorebyadj", "pk": 211, "fields": {"ballot_submission": 15, "debate_adjudicator": 38, "debate_team": 43, "score": 77.0, "position": 3}}, {"model": "results.speakerscorebyadj", "pk": 212, "fields": {"ballot_submission": 15, "debate_adjudicator": 38, "debate_team": 43, "score": 37.5, "position": 4}}, {"model": "results.speakerscorebyadj", "pk": 213, "fields": {"ballot_submission": 15, "debate_adjudicator": 38, "debate_team": 44, "score": 72.0, "position": 1}}, {"model": "results.speakerscorebyadj", "pk": 214, "fields": {"ballot_submission": 15, "debate_adjudicator": 38, "debate_team": 44, "score": 76.0, "position": 2}}, {"model": "results.speakerscorebyadj", "pk": 215, "fields": {"ballot_submission": 15, "debate_adjudicator": 38, "debate_team": 44, "score": 78.0, "position": 3}}, {"model": "results.speakerscorebyadj", "pk": 216, "fields": {"ballot_submission": 15, "debate_adjudicator": 38, "debate_team": 44, "score": 37.5, "position": 4}}, {"model": "results.speakerscorebyadj", "pk": 217, "fields": {"ballot_submission": 15, "debate_adjudicator": 36, "debate_team": 43, "score": 72.0, "position": 1}}, {"model": "results.speakerscorebyadj", "pk": 218, "fields": {"ballot_submission": 15, "debate_adjudicator": 36, "debate_team": 43, "score": 72.0, "position": 2}}, {"model": "results.speakerscorebyadj", "pk": 219, "fields": {"ballot_submission": 15, "debate_adjudicator": 36, "debate_team": 43, "score": 78.0, "position": 3}}, {"model": "results.speakerscorebyadj", "pk": 220, "fields": {"ballot_submission": 15, "debate_adjudicator": 36, "debate_team": 43, "score": 38.0, "position": 4}}, {"model": "results.speakerscorebyadj", "pk": 221, "fields": {"ballot_submission": 15, "debate_adjudicator": 36, "debate_team": 44, "score": 78.0, "position": 1}}, {"model": "results.speakerscorebyadj", "pk": 222, "fields": {"ballot_submission": 15, "debate_adjudicator": 36, "debate_team": 44, "score": 73.0, "position": 2}}, {"model": "results.speakerscorebyadj", "pk": 223, "fields": {"ballot_submission": 15, "debate_adjudicator": 36, "debate_team": 44, "score": 73.0, "position": 3}}, {"model": "results.speakerscorebyadj", "pk": 224, "fields": {"ballot_submission": 15, "debate_adjudicator": 36, "debate_team": 44, "score": 38.5, "position": 4}}, {"model": "results.speakerscorebyadj", "pk": 225, "fields": {"ballot_submission": 15, "debate_adjudicator": 37, "debate_team": 43, "score": 72.0, "position": 1}}, {"model": "results.speakerscorebyadj", "pk": 226, "fields": {"ballot_submission": 15, "debate_adjudicator": 37, "debate_team": 43, "score": 75.0, "position": 2}}, {"model": "results.speakerscorebyadj", "pk": 227, "fields": {"ballot_submission": 15, "debate_adjudicator": 37, "debate_team": 43, "score": 74.0, "position": 3}}, {"model": "results.speakerscorebyadj", "pk": 228, "fields": {"ballot_submission": 15, "debate_adjudicator": 37, "debate_team": 43, "score": 37.0, "position": 4}}, {"model": "results.speakerscorebyadj", "pk": 229, "fields": {"ballot_submission": 15, "debate_adjudicator": 37, "debate_team": 44, "score": 76.0, "position": 1}}, {"model": "results.speakerscorebyadj", "pk": 230, "fields": {"ballot_submission": 15, "debate_adjudicator": 37, "debate_team": 44, "score": 72.0, "position": 2}}, {"model": "results.speakerscorebyadj", "pk": 231, "fields": {"ballot_submission": 15, "debate_adjudicator": 37, "debate_team": 44, "score": 72.0, "position": 3}}, {"model": "results.speakerscorebyadj", "pk": 232, "fields": {"ballot_submission": 15, "debate_adjudicator": 37, "debate_team": 44, "score": 36.0, "position": 4}}, {"model": "results.speakerscorebyadj", "pk": 233, "fields": {"ballot_submission": 16, "debate_adjudicator": 39, "debate_team": 41, "score": 74.0, "position": 1}}, {"model": "results.speakerscorebyadj", "pk": 234, "fields": {"ballot_submission": 16, "debate_adjudicator": 39, "debate_team": 41, "score": 75.0, "position": 2}}, {"model": "results.speakerscorebyadj", "pk": 235, "fields": {"ballot_submission": 16, "debate_adjudicator": 39, "debate_team": 41, "score": 72.0, "position": 3}}, {"model": "results.speakerscorebyadj", "pk": 236, "fields": {"ballot_submission": 16, "debate_adjudicator": 39, "debate_team": 41, "score": 39.0, "position": 4}}, {"model": "results.speakerscorebyadj", "pk": 237, "fields": {"ballot_submission": 16, "debate_adjudicator": 39, "debate_team": 42, "score": 75.0, "position": 1}}, {"model": "results.speakerscorebyadj", "pk": 238, "fields": {"ballot_submission": 16, "debate_adjudicator": 39, "debate_team": 42, "score": 74.0, "position": 2}}, {"model": "results.speakerscorebyadj", "pk": 239, "fields": {"ballot_submission": 16, "debate_adjudicator": 39, "debate_team": 42, "score": 72.0, "position": 3}}, {"model": "results.speakerscorebyadj", "pk": 240, "fields": {"ballot_submission": 16, "debate_adjudicator": 39, "debate_team": 42, "score": 38.0, "position": 4}}, {"model": "results.speakerscorebyadj", "pk": 241, "fields": {"ballot_submission": 16, "debate_adjudicator": 41, "debate_team": 41, "score": 76.0, "position": 1}}, {"model": "results.speakerscorebyadj", "pk": 242, "fields": {"ballot_submission": 16, "debate_adjudicator": 41, "debate_team": 41, "score": 75.0, "position": 2}}, {"model": "results.speakerscorebyadj", "pk": 243, "fields": {"ballot_submission": 16, "debate_adjudicator": 41, "debate_team": 41, "score": 78.0, "position": 3}}, {"model": "results.speakerscorebyadj", "pk": 244, "fields": {"ballot_submission": 16, "debate_adjudicator": 41, "debate_team": 41, "score": 39.0, "position": 4}}, {"model": "results.speakerscorebyadj", "pk": 245, "fields": {"ballot_submission": 16, "debate_adjudicator": 41, "debate_team": 42, "score": 78.0, "position": 1}}, {"model": "results.speakerscorebyadj", "pk": 246, "fields": {"ballot_submission": 16, "debate_adjudicator": 41, "debate_team": 42, "score": 76.0, "position": 2}}, {"model": "results.speakerscorebyadj", "pk": 247, "fields": {"ballot_submission": 16, "debate_adjudicator": 41, "debate_team": 42, "score": 74.0, "position": 3}}, {"model": "results.speakerscorebyadj", "pk": 248, "fields": {"ballot_submission": 16, "debate_adjudicator": 41, "debate_team": 42, "score": 36.5, "position": 4}}, {"model": "results.speakerscorebyadj", "pk": 249, "fields": {"ballot_submission": 16, "debate_adjudicator": 40, "debate_team": 41, "score": 75.0, "position": 1}}, {"model": "results.speakerscorebyadj", "pk": 250, "fields": {"ballot_submission": 16, "debate_adjudicator": 40, "debate_team": 41, "score": 72.0, "position": 2}}, {"model": "results.speakerscorebyadj", "pk": 251, "fields": {"ballot_submission": 16, "debate_adjudicator": 40, "debate_team": 41, "score": 77.0, "position": 3}}, {"model": "results.speakerscorebyadj", "pk": 252, "fields": {"ballot_submission": 16, "debate_adjudicator": 40, "debate_team": 41, "score": 39.0, "position": 4}}, {"model": "results.speakerscorebyadj", "pk": 253, "fields": {"ballot_submission": 16, "debate_adjudicator": 40, "debate_team": 42, "score": 73.0, "position": 1}}, {"model": "results.speakerscorebyadj", "pk": 254, "fields": {"ballot_submission": 16, "debate_adjudicator": 40, "debate_team": 42, "score": 75.0, "position": 2}}, {"model": "results.speakerscorebyadj", "pk": 255, "fields": {"ballot_submission": 16, "debate_adjudicator": 40, "debate_team": 42, "score": 76.0, "position": 3}}, {"model": "results.speakerscorebyadj", "pk": 256, "fields": {"ballot_submission": 16, "debate_adjudicator": 40, "debate_team": 42, "score": 37.5, "position": 4}}, {"model": "results.speakerscorebyadj", "pk": 257, "fields": {"ballot_submission": 17, "debate_adjudicator": 30, "debate_team": 39, "score": 78.0, "position": 1}}, {"model": "results.speakerscorebyadj", "pk": 258, "fields": {"ballot_submission": 17, "debate_adjudicator": 30, "debate_team": 39, "score": 74.0, "position": 2}}, {"model": "results.speakerscorebyadj", "pk": 259, "fields": {"ballot_submission": 17, "debate_adjudicator": 30, "debate_team": 39, "score": 74.0, "position": 3}}, {"model": "results.speakerscorebyadj", "pk": 260, "fields": {"ballot_submission": 17, "debate_adjudicator": 30, "debate_team": 39, "score": 38.5, "position": 4}}, {"model": "results.speakerscorebyadj", "pk": 261, "fields": {"ballot_submission": 17, "debate_adjudicator": 30, "debate_team": 40, "score": 73.0, "position": 1}}, {"model": "results.speakerscorebyadj", "pk": 262, "fields": {"ballot_submission": 17, "debate_adjudicator": 30, "debate_team": 40, "score": 73.0, "position": 2}}, {"model": "results.speakerscorebyadj", "pk": 263, "fields": {"ballot_submission": 17, "debate_adjudicator": 30, "debate_team": 40, "score": 78.0, "position": 3}}, {"model": "results.speakerscorebyadj", "pk": 264, "fields": {"ballot_submission": 17, "debate_adjudicator": 30, "debate_team": 40, "score": 38.5, "position": 4}}, {"model": "results.speakerscorebyadj", "pk": 265, "fields": {"ballot_submission": 17, "debate_adjudicator": 31, "debate_team": 39, "score": 73.0, "position": 1}}, {"model": "results.speakerscorebyadj", "pk": 266, "fields": {"ballot_submission": 17, "debate_adjudicator": 31, "debate_team": 39, "score": 76.0, "position": 2}}, {"model": "results.speakerscorebyadj", "pk": 267, "fields": {"ballot_submission": 17, "debate_adjudicator": 31, "debate_team": 39, "score": 74.0, "position": 3}}, {"model": "results.speakerscorebyadj", "pk": 268, "fields": {"ballot_submission": 17, "debate_adjudicator": 31, "debate_team": 39, "score": 37.0, "position": 4}}, {"model": "results.speakerscorebyadj", "pk": 269, "fields": {"ballot_submission": 17, "debate_adjudicator": 31, "debate_team": 40, "score": 77.0, "position": 1}}, {"model": "results.speakerscorebyadj", "pk": 270, "fields": {"ballot_submission": 17, "debate_adjudicator": 31, "debate_team": 40, "score": 75.0, "position": 2}}, {"model": "results.speakerscorebyadj", "pk": 271, "fields": {"ballot_submission": 17, "debate_adjudicator": 31, "debate_team": 40, "score": 75.0, "position": 3}}, {"model": "results.speakerscorebyadj", "pk": 272, "fields": {"ballot_submission": 17, "debate_adjudicator": 31, "debate_team": 40, "score": 36.0, "position": 4}}, {"model": "results.speakerscorebyadj", "pk": 273, "fields": {"ballot_submission": 17, "debate_adjudicator": 32, "debate_team": 39, "score": 73.0, "position": 1}}, {"model": "results.speakerscorebyadj", "pk": 274, "fields": {"ballot_submission": 17, "debate_adjudicator": 32, "debate_team": 39, "score": 74.0, "position": 2}}, {"model": "results.speakerscorebyadj", "pk": 275, "fields": {"ballot_submission": 17, "debate_adjudicator": 32, "debate_team": 39, "score": 75.0, "position": 3}}, {"model": "results.speakerscorebyadj", "pk": 276, "fields": {"ballot_submission": 17, "debate_adjudicator": 32, "debate_team": 39, "score": 38.0, "position": 4}}, {"model": "results.speakerscorebyadj", "pk": 277, "fields": {"ballot_submission": 17, "debate_adjudicator": 32, "debate_team": 40, "score": 75.0, "position": 1}}, {"model": "results.speakerscorebyadj", "pk": 278, "fields": {"ballot_submission": 17, "debate_adjudicator": 32, "debate_team": 40, "score": 76.0, "position": 2}}, {"model": "results.speakerscorebyadj", "pk": 279, "fields": {"ballot_submission": 17, "debate_adjudicator": 32, "debate_team": 40, "score": 73.0, "position": 3}}, {"model": "results.speakerscorebyadj", "pk": 280, "fields": {"ballot_submission": 17, "debate_adjudicator": 32, "debate_team": 40, "score": 37.0, "position": 4}}, {"model": "results.speakerscorebyadj", "pk": 281, "fields": {"ballot_submission": 18, "debate_adjudicator": 23, "debate_team": 37, "score": 72.0, "position": 1}}, {"model": "results.speakerscorebyadj", "pk": 282, "fields": {"ballot_submission": 18, "debate_adjudicator": 23, "debate_team": 37, "score": 77.0, "position": 2}}, {"model": "results.speakerscorebyadj", "pk": 283, "fields": {"ballot_submission": 18, "debate_adjudicator": 23, "debate_team": 37, "score": 76.0, "position": 3}}, {"model": "results.speakerscorebyadj", "pk": 284, "fields": {"ballot_submission": 18, "debate_adjudicator": 23, "debate_team": 37, "score": 38.0, "position": 4}}, {"model": "results.speakerscorebyadj", "pk": 285, "fields": {"ballot_submission": 18, "debate_adjudicator": 23, "debate_team": 38, "score": 75.0, "position": 1}}, {"model": "results.speakerscorebyadj", "pk": 286, "fields": {"ballot_submission": 18, "debate_adjudicator": 23, "debate_team": 38, "score": 72.0, "position": 2}}, {"model": "results.speakerscorebyadj", "pk": 287, "fields": {"ballot_submission": 18, "debate_adjudicator": 23, "debate_team": 38, "score": 78.0, "position": 3}}, {"model": "results.speakerscorebyadj", "pk": 288, "fields": {"ballot_submission": 18, "debate_adjudicator": 23, "debate_team": 38, "score": 37.5, "position": 4}}, {"model": "results.speakerscorebyadj", "pk": 289, "fields": {"ballot_submission": 19, "debate_adjudicator": 27, "debate_team": 35, "score": 73.0, "position": 1}}, {"model": "results.speakerscorebyadj", "pk": 290, "fields": {"ballot_submission": 19, "debate_adjudicator": 27, "debate_team": 35, "score": 77.0, "position": 2}}, {"model": "results.speakerscorebyadj", "pk": 291, "fields": {"ballot_submission": 19, "debate_adjudicator": 27, "debate_team": 35, "score": 76.0, "position": 3}}, {"model": "results.speakerscorebyadj", "pk": 292, "fields": {"ballot_submission": 19, "debate_adjudicator": 27, "debate_team": 35, "score": 39.0, "position": 4}}, {"model": "results.speakerscorebyadj", "pk": 293, "fields": {"ballot_submission": 19, "debate_adjudicator": 27, "debate_team": 36, "score": 74.0, "position": 1}}, {"model": "results.speakerscorebyadj", "pk": 294, "fields": {"ballot_submission": 19, "debate_adjudicator": 27, "debate_team": 36, "score": 73.0, "position": 2}}, {"model": "results.speakerscorebyadj", "pk": 295, "fields": {"ballot_submission": 19, "debate_adjudicator": 27, "debate_team": 36, "score": 76.0, "position": 3}}, {"model": "results.speakerscorebyadj", "pk": 296, "fields": {"ballot_submission": 19, "debate_adjudicator": 27, "debate_team": 36, "score": 39.0, "position": 4}}, {"model": "results.speakerscorebyadj", "pk": 297, "fields": {"ballot_submission": 20, "debate_adjudicator": 26, "debate_team": 33, "score": 73.0, "position": 1}}, {"model": "results.speakerscorebyadj", "pk": 298, "fields": {"ballot_submission": 20, "debate_adjudicator": 26, "debate_team": 33, "score": 77.0, "position": 2}}, {"model": "results.speakerscorebyadj", "pk": 299, "fields": {"ballot_submission": 20, "debate_adjudicator": 26, "debate_team": 33, "score": 75.0, "position": 3}}, {"model": "results.speakerscorebyadj", "pk": 300, "fields": {"ballot_submission": 20, "debate_adjudicator": 26, "debate_team": 33, "score": 36.0, "position": 4}}, {"model": "results.speakerscorebyadj", "pk": 301, "fields": {"ballot_submission": 20, "debate_adjudicator": 26, "debate_team": 34, "score": 76.0, "position": 1}}, {"model": "results.speakerscorebyadj", "pk": 302, "fields": {"ballot_submission": 20, "debate_adjudicator": 26, "debate_team": 34, "score": 73.0, "position": 2}}, {"model": "results.speakerscorebyadj", "pk": 303, "fields": {"ballot_submission": 20, "debate_adjudicator": 26, "debate_team": 34, "score": 72.0, "position": 3}}, {"model": "results.speakerscorebyadj", "pk": 304, "fields": {"ballot_submission": 20, "debate_adjudicator": 26, "debate_team": 34, "score": 38.0, "position": 4}}, {"model": "results.speakerscorebyadj", "pk": 305, "fields": {"ballot_submission": 21, "debate_adjudicator": 29, "debate_team": 31, "score": 77.0, "position": 1}}, {"model": "results.speakerscorebyadj", "pk": 306, "fields": {"ballot_submission": 21, "debate_adjudicator": 29, "debate_team": 31, "score": 76.0, "position": 2}}, {"model": "results.speakerscorebyadj", "pk": 307, "fields": {"ballot_submission": 21, "debate_adjudicator": 29, "debate_team": 31, "score": 75.0, "position": 3}}, {"model": "results.speakerscorebyadj", "pk": 308, "fields": {"ballot_submission": 21, "debate_adjudicator": 29, "debate_team": 31, "score": 36.5, "position": 4}}, {"model": "results.speakerscorebyadj", "pk": 309, "fields": {"ballot_submission": 21, "debate_adjudicator": 29, "debate_team": 32, "score": 78.0, "position": 1}}, {"model": "results.speakerscorebyadj", "pk": 310, "fields": {"ballot_submission": 21, "debate_adjudicator": 29, "debate_team": 32, "score": 74.0, "position": 2}}, {"model": "results.speakerscorebyadj", "pk": 311, "fields": {"ballot_submission": 21, "debate_adjudicator": 29, "debate_team": 32, "score": 75.0, "position": 3}}, {"model": "results.speakerscorebyadj", "pk": 312, "fields": {"ballot_submission": 21, "debate_adjudicator": 29, "debate_team": 32, "score": 38.0, "position": 4}}, {"model": "results.speakerscorebyadj", "pk": 313, "fields": {"ballot_submission": 22, "debate_adjudicator": 28, "debate_team": 29, "score": 74.0, "position": 1}}, {"model": "results.speakerscorebyadj", "pk": 314, "fields": {"ballot_submission": 22, "debate_adjudicator": 28, "debate_team": 29, "score": 74.0, "position": 2}}, {"model": "results.speakerscorebyadj", "pk": 315, "fields": {"ballot_submission": 22, "debate_adjudicator": 28, "debate_team": 29, "score": 74.0, "position": 3}}, {"model": "results.speakerscorebyadj", "pk": 316, "fields": {"ballot_submission": 22, "debate_adjudicator": 28, "debate_team": 29, "score": 38.0, "position": 4}}, {"model": "results.speakerscorebyadj", "pk": 317, "fields": {"ballot_submission": 22, "debate_adjudicator": 28, "debate_team": 30, "score": 73.0, "position": 1}}, {"model": "results.speakerscorebyadj", "pk": 318, "fields": {"ballot_submission": 22, "debate_adjudicator": 28, "debate_team": 30, "score": 77.0, "position": 2}}, {"model": "results.speakerscorebyadj", "pk": 319, "fields": {"ballot_submission": 22, "debate_adjudicator": 28, "debate_team": 30, "score": 77.0, "position": 3}}, {"model": "results.speakerscorebyadj", "pk": 320, "fields": {"ballot_submission": 22, "debate_adjudicator": 28, "debate_team": 30, "score": 39.0, "position": 4}}, {"model": "results.speakerscorebyadj", "pk": 321, "fields": {"ballot_submission": 23, "debate_adjudicator": 42, "debate_team": 27, "score": 72.0, "position": 1}}, {"model": "results.speakerscorebyadj", "pk": 322, "fields": {"ballot_submission": 23, "debate_adjudicator": 42, "debate_team": 27, "score": 77.0, "position": 2}}, {"model": "results.speakerscorebyadj", "pk": 323, "fields": {"ballot_submission": 23, "debate_adjudicator": 42, "debate_team": 27, "score": 78.0, "position": 3}}, {"model": "results.speakerscorebyadj", "pk": 324, "fields": {"ballot_submission": 23, "debate_adjudicator": 42, "debate_team": 27, "score": 39.0, "position": 4}}, {"model": "results.speakerscorebyadj", "pk": 325, "fields": {"ballot_submission": 23, "debate_adjudicator": 42, "debate_team": 28, "score": 77.0, "position": 1}}, {"model": "results.speakerscorebyadj", "pk": 326, "fields": {"ballot_submission": 23, "debate_adjudicator": 42, "debate_team": 28, "score": 78.0, "position": 2}}, {"model": "results.speakerscorebyadj", "pk": 327, "fields": {"ballot_submission": 23, "debate_adjudicator": 42, "debate_team": 28, "score": 72.0, "position": 3}}, {"model": "results.speakerscorebyadj", "pk": 328, "fields": {"ballot_submission": 23, "debate_adjudicator": 42, "debate_team": 28, "score": 37.0, "position": 4}}, {"model": "results.speakerscorebyadj", "pk": 329, "fields": {"ballot_submission": 23, "debate_adjudicator": 43, "debate_team": 27, "score": 73.0, "position": 1}}, {"model": "results.speakerscorebyadj", "pk": 330, "fields": {"ballot_submission": 23, "debate_adjudicator": 43, "debate_team": 27, "score": 75.0, "position": 2}}, {"model": "results.speakerscorebyadj", "pk": 331, "fields": {"ballot_submission": 23, "debate_adjudicator": 43, "debate_team": 27, "score": 76.0, "position": 3}}, {"model": "results.speakerscorebyadj", "pk": 332, "fields": {"ballot_submission": 23, "debate_adjudicator": 43, "debate_team": 27, "score": 38.0, "position": 4}}, {"model": "results.speakerscorebyadj", "pk": 333, "fields": {"ballot_submission": 23, "debate_adjudicator": 43, "debate_team": 28, "score": 76.0, "position": 1}}, {"model": "results.speakerscorebyadj", "pk": 334, "fields": {"ballot_submission": 23, "debate_adjudicator": 43, "debate_team": 28, "score": 76.0, "position": 2}}, {"model": "results.speakerscorebyadj", "pk": 335, "fields": {"ballot_submission": 23, "debate_adjudicator": 43, "debate_team": 28, "score": 72.0, "position": 3}}, {"model": "results.speakerscorebyadj", "pk": 336, "fields": {"ballot_submission": 23, "debate_adjudicator": 43, "debate_team": 28, "score": 39.0, "position": 4}}, {"model": "results.speakerscorebyadj", "pk": 337, "fields": {"ballot_submission": 23, "debate_adjudicator": 44, "debate_team": 27, "score": 76.0, "position": 1}}, {"model": "results.speakerscorebyadj", "pk": 338, "fields": {"ballot_submission": 23, "debate_adjudicator": 44, "debate_team": 27, "score": 73.0, "position": 2}}, {"model": "results.speakerscorebyadj", "pk": 339, "fields": {"ballot_submission": 23, "debate_adjudicator": 44, "debate_team": 27, "score": 74.0, "position": 3}}, {"model": "results.speakerscorebyadj", "pk": 340, "fields": {"ballot_submission": 23, "debate_adjudicator": 44, "debate_team": 27, "score": 37.0, "position": 4}}, {"model": "results.speakerscorebyadj", "pk": 341, "fields": {"ballot_submission": 23, "debate_adjudicator": 44, "debate_team": 28, "score": 77.0, "position": 1}}, {"model": "results.speakerscorebyadj", "pk": 342, "fields": {"ballot_submission": 23, "debate_adjudicator": 44, "debate_team": 28, "score": 73.0, "position": 2}}, {"model": "results.speakerscorebyadj", "pk": 343, "fields": {"ballot_submission": 23, "debate_adjudicator": 44, "debate_team": 28, "score": 76.0, "position": 3}}, {"model": "results.speakerscorebyadj", "pk": 344, "fields": {"ballot_submission": 23, "debate_adjudicator": 44, "debate_team": 28, "score": 36.0, "position": 4}}, {"model": "results.speakerscorebyadj", "pk": 345, "fields": {"ballot_submission": 24, "debate_adjudicator": 25, "debate_team": 25, "score": 72.0, "position": 1}}, {"model": "results.speakerscorebyadj", "pk": 346, "fields": {"ballot_submission": 24, "debate_adjudicator": 25, "debate_team": 25, "score": 76.0, "position": 2}}, {"model": "results.speakerscorebyadj", "pk": 347, "fields": {"ballot_submission": 24, "debate_adjudicator": 25, "debate_team": 25, "score": 76.0, "position": 3}}, {"model": "results.speakerscorebyadj", "pk": 348, "fields": {"ballot_submission": 24, "debate_adjudicator": 25, "debate_team": 25, "score": 38.0, "position": 4}}, {"model": "results.speakerscorebyadj", "pk": 349, "fields": {"ballot_submission": 24, "debate_adjudicator": 25, "debate_team": 26, "score": 74.0, "position": 1}}, {"model": "results.speakerscorebyadj", "pk": 350, "fields": {"ballot_submission": 24, "debate_adjudicator": 25, "debate_team": 26, "score": 72.0, "position": 2}}, {"model": "results.speakerscorebyadj", "pk": 351, "fields": {"ballot_submission": 24, "debate_adjudicator": 25, "debate_team": 26, "score": 72.0, "position": 3}}, {"model": "results.speakerscorebyadj", "pk": 352, "fields": {"ballot_submission": 24, "debate_adjudicator": 25, "debate_team": 26, "score": 36.5, "position": 4}}, {"model": "results.speakerscorebyadj", "pk": 353, "fields": {"ballot_submission": 25, "debate_adjudicator": 48, "debate_team": 49, "score": 76.0, "position": 1}}, {"model": "results.speakerscorebyadj", "pk": 354, "fields": {"ballot_submission": 25, "debate_adjudicator": 48, "debate_team": 49, "score": 73.0, "position": 2}}, {"model": "results.speakerscorebyadj", "pk": 355, "fields": {"ballot_submission": 25, "debate_adjudicator": 48, "debate_team": 49, "score": 74.0, "position": 3}}, {"model": "results.speakerscorebyadj", "pk": 356, "fields": {"ballot_submission": 25, "debate_adjudicator": 48, "debate_team": 49, "score": 38.5, "position": 4}}, {"model": "results.speakerscorebyadj", "pk": 357, "fields": {"ballot_submission": 25, "debate_adjudicator": 48, "debate_team": 50, "score": 76.0, "position": 1}}, {"model": "results.speakerscorebyadj", "pk": 358, "fields": {"ballot_submission": 25, "debate_adjudicator": 48, "debate_team": 50, "score": 73.0, "position": 2}}, {"model": "results.speakerscorebyadj", "pk": 359, "fields": {"ballot_submission": 25, "debate_adjudicator": 48, "debate_team": 50, "score": 77.0, "position": 3}}, {"model": "results.speakerscorebyadj", "pk": 360, "fields": {"ballot_submission": 25, "debate_adjudicator": 48, "debate_team": 50, "score": 38.0, "position": 4}}, {"model": "results.speakerscorebyadj", "pk": 361, "fields": {"ballot_submission": 26, "debate_adjudicator": 47, "debate_team": 51, "score": 72.0, "position": 1}}, {"model": "results.speakerscorebyadj", "pk": 362, "fields": {"ballot_submission": 26, "debate_adjudicator": 47, "debate_team": 51, "score": 74.0, "position": 2}}, {"model": "results.speakerscorebyadj", "pk": 363, "fields": {"ballot_submission": 26, "debate_adjudicator": 47, "debate_team": 51, "score": 76.0, "position": 3}}, {"model": "results.speakerscorebyadj", "pk": 364, "fields": {"ballot_submission": 26, "debate_adjudicator": 47, "debate_team": 51, "score": 37.5, "position": 4}}, {"model": "results.speakerscorebyadj", "pk": 365, "fields": {"ballot_submission": 26, "debate_adjudicator": 47, "debate_team": 52, "score": 77.0, "position": 1}}, {"model": "results.speakerscorebyadj", "pk": 366, "fields": {"ballot_submission": 26, "debate_adjudicator": 47, "debate_team": 52, "score": 72.0, "position": 2}}, {"model": "results.speakerscorebyadj", "pk": 367, "fields": {"ballot_submission": 26, "debate_adjudicator": 47, "debate_team": 52, "score": 76.0, "position": 3}}, {"model": "results.speakerscorebyadj", "pk": 368, "fields": {"ballot_submission": 26, "debate_adjudicator": 47, "debate_team": 52, "score": 37.0, "position": 4}}, {"model": "results.speakerscorebyadj", "pk": 369, "fields": {"ballot_submission": 27, "debate_adjudicator": 52, "debate_team": 53, "score": 78.0, "position": 1}}, {"model": "results.speakerscorebyadj", "pk": 370, "fields": {"ballot_submission": 27, "debate_adjudicator": 52, "debate_team": 53, "score": 74.0, "position": 2}}, {"model": "results.speakerscorebyadj", "pk": 371, "fields": {"ballot_submission": 27, "debate_adjudicator": 52, "debate_team": 53, "score": 74.0, "position": 3}}, {"model": "results.speakerscorebyadj", "pk": 372, "fields": {"ballot_submission": 27, "debate_adjudicator": 52, "debate_team": 53, "score": 38.5, "position": 4}}, {"model": "results.speakerscorebyadj", "pk": 373, "fields": {"ballot_submission": 27, "debate_adjudicator": 52, "debate_team": 54, "score": 77.0, "position": 1}}, {"model": "results.speakerscorebyadj", "pk": 374, "fields": {"ballot_submission": 27, "debate_adjudicator": 52, "debate_team": 54, "score": 74.0, "position": 2}}, {"model": "results.speakerscorebyadj", "pk": 375, "fields": {"ballot_submission": 27, "debate_adjudicator": 52, "debate_team": 54, "score": 73.0, "position": 3}}, {"model": "results.speakerscorebyadj", "pk": 376, "fields": {"ballot_submission": 27, "debate_adjudicator": 52, "debate_team": 54, "score": 36.0, "position": 4}}, {"model": "results.speakerscorebyadj", "pk": 377, "fields": {"ballot_submission": 27, "debate_adjudicator": 53, "debate_team": 53, "score": 73.0, "position": 1}}, {"model": "results.speakerscorebyadj", "pk": 378, "fields": {"ballot_submission": 27, "debate_adjudicator": 53, "debate_team": 53, "score": 74.0, "position": 2}}, {"model": "results.speakerscorebyadj", "pk": 379, "fields": {"ballot_submission": 27, "debate_adjudicator": 53, "debate_team": 53, "score": 72.0, "position": 3}}, {"model": "results.speakerscorebyadj", "pk": 380, "fields": {"ballot_submission": 27, "debate_adjudicator": 53, "debate_team": 53, "score": 39.0, "position": 4}}, {"model": "results.speakerscorebyadj", "pk": 381, "fields": {"ballot_submission": 27, "debate_adjudicator": 53, "debate_team": 54, "score": 73.0, "position": 1}}, {"model": "results.speakerscorebyadj", "pk": 382, "fields": {"ballot_submission": 27, "debate_adjudicator": 53, "debate_team": 54, "score": 77.0, "position": 2}}, {"model": "results.speakerscorebyadj", "pk": 383, "fields": {"ballot_submission": 27, "debate_adjudicator": 53, "debate_team": 54, "score": 74.0, "position": 3}}, {"model": "results.speakerscorebyadj", "pk": 384, "fields": {"ballot_submission": 27, "debate_adjudicator": 53, "debate_team": 54, "score": 36.5, "position": 4}}, {"model": "results.speakerscorebyadj", "pk": 385, "fields": {"ballot_submission": 27, "debate_adjudicator": 54, "debate_team": 53, "score": 76.0, "position": 1}}, {"model": "results.speakerscorebyadj", "pk": 386, "fields": {"ballot_submission": 27, "debate_adjudicator": 54, "debate_team": 53, "score": 73.0, "position": 2}}, {"model": "results.speakerscorebyadj", "pk": 387, "fields": {"ballot_submission": 27, "debate_adjudicator": 54, "debate_team": 53, "score": 73.0, "position": 3}}, {"model": "results.speakerscorebyadj", "pk": 388, "fields": {"ballot_submission": 27, "debate_adjudicator": 54, "debate_team": 53, "score": 39.0, "position": 4}}, {"model": "results.speakerscorebyadj", "pk": 389, "fields": {"ballot_submission": 27, "debate_adjudicator": 54, "debate_team": 54, "score": 77.0, "position": 1}}, {"model": "results.speakerscorebyadj", "pk": 390, "fields": {"ballot_submission": 27, "debate_adjudicator": 54, "debate_team": 54, "score": 78.0, "position": 2}}, {"model": "results.speakerscorebyadj", "pk": 391, "fields": {"ballot_submission": 27, "debate_adjudicator": 54, "debate_team": 54, "score": 73.0, "position": 3}}, {"model": "results.speakerscorebyadj", "pk": 392, "fields": {"ballot_submission": 27, "debate_adjudicator": 54, "debate_team": 54, "score": 38.5, "position": 4}}, {"model": "results.speakerscorebyadj", "pk": 393, "fields": {"ballot_submission": 28, "debate_adjudicator": 55, "debate_team": 55, "score": 75.0, "position": 1}}, {"model": "results.speakerscorebyadj", "pk": 394, "fields": {"ballot_submission": 28, "debate_adjudicator": 55, "debate_team": 55, "score": 74.0, "position": 2}}, {"model": "results.speakerscorebyadj", "pk": 395, "fields": {"ballot_submission": 28, "debate_adjudicator": 55, "debate_team": 55, "score": 76.0, "position": 3}}, {"model": "results.speakerscorebyadj", "pk": 396, "fields": {"ballot_submission": 28, "debate_adjudicator": 55, "debate_team": 55, "score": 36.0, "position": 4}}, {"model": "results.speakerscorebyadj", "pk": 397, "fields": {"ballot_submission": 28, "debate_adjudicator": 55, "debate_team": 56, "score": 77.0, "position": 1}}, {"model": "results.speakerscorebyadj", "pk": 398, "fields": {"ballot_submission": 28, "debate_adjudicator": 55, "debate_team": 56, "score": 74.0, "position": 2}}, {"model": "results.speakerscorebyadj", "pk": 399, "fields": {"ballot_submission": 28, "debate_adjudicator": 55, "debate_team": 56, "score": 74.0, "position": 3}}, {"model": "results.speakerscorebyadj", "pk": 400, "fields": {"ballot_submission": 28, "debate_adjudicator": 55, "debate_team": 56, "score": 36.5, "position": 4}}, {"model": "results.speakerscorebyadj", "pk": 401, "fields": {"ballot_submission": 28, "debate_adjudicator": 57, "debate_team": 55, "score": 78.0, "position": 1}}, {"model": "results.speakerscorebyadj", "pk": 402, "fields": {"ballot_submission": 28, "debate_adjudicator": 57, "debate_team": 55, "score": 78.0, "position": 2}}, {"model": "results.speakerscorebyadj", "pk": 403, "fields": {"ballot_submission": 28, "debate_adjudicator": 57, "debate_team": 55, "score": 72.0, "position": 3}}, {"model": "results.speakerscorebyadj", "pk": 404, "fields": {"ballot_submission": 28, "debate_adjudicator": 57, "debate_team": 55, "score": 38.5, "position": 4}}, {"model": "results.speakerscorebyadj", "pk": 405, "fields": {"ballot_submission": 28, "debate_adjudicator": 57, "debate_team": 56, "score": 72.0, "position": 1}}, {"model": "results.speakerscorebyadj", "pk": 406, "fields": {"ballot_submission": 28, "debate_adjudicator": 57, "debate_team": 56, "score": 75.0, "position": 2}}, {"model": "results.speakerscorebyadj", "pk": 407, "fields": {"ballot_submission": 28, "debate_adjudicator": 57, "debate_team": 56, "score": 74.0, "position": 3}}, {"model": "results.speakerscorebyadj", "pk": 408, "fields": {"ballot_submission": 28, "debate_adjudicator": 57, "debate_team": 56, "score": 36.0, "position": 4}}, {"model": "results.speakerscorebyadj", "pk": 409, "fields": {"ballot_submission": 28, "debate_adjudicator": 56, "debate_team": 55, "score": 73.0, "position": 1}}, {"model": "results.speakerscorebyadj", "pk": 410, "fields": {"ballot_submission": 28, "debate_adjudicator": 56, "debate_team": 55, "score": 73.0, "position": 2}}, {"model": "results.speakerscorebyadj", "pk": 411, "fields": {"ballot_submission": 28, "debate_adjudicator": 56, "debate_team": 55, "score": 78.0, "position": 3}}, {"model": "results.speakerscorebyadj", "pk": 412, "fields": {"ballot_submission": 28, "debate_adjudicator": 56, "debate_team": 55, "score": 36.5, "position": 4}}, {"model": "results.speakerscorebyadj", "pk": 413, "fields": {"ballot_submission": 28, "debate_adjudicator": 56, "debate_team": 56, "score": 75.0, "position": 1}}, {"model": "results.speakerscorebyadj", "pk": 414, "fields": {"ballot_submission": 28, "debate_adjudicator": 56, "debate_team": 56, "score": 77.0, "position": 2}}, {"model": "results.speakerscorebyadj", "pk": 415, "fields": {"ballot_submission": 28, "debate_adjudicator": 56, "debate_team": 56, "score": 78.0, "position": 3}}, {"model": "results.speakerscorebyadj", "pk": 416, "fields": {"ballot_submission": 28, "debate_adjudicator": 56, "debate_team": 56, "score": 36.5, "position": 4}}, {"model": "results.speakerscorebyadj", "pk": 417, "fields": {"ballot_submission": 29, "debate_adjudicator": 64, "debate_team": 57, "score": 75.0, "position": 1}}, {"model": "results.speakerscorebyadj", "pk": 418, "fields": {"ballot_submission": 29, "debate_adjudicator": 64, "debate_team": 57, "score": 72.0, "position": 2}}, {"model": "results.speakerscorebyadj", "pk": 419, "fields": {"ballot_submission": 29, "debate_adjudicator": 64, "debate_team": 57, "score": 78.0, "position": 3}}, {"model": "results.speakerscorebyadj", "pk": 420, "fields": {"ballot_submission": 29, "debate_adjudicator": 64, "debate_team": 57, "score": 37.5, "position": 4}}, {"model": "results.speakerscorebyadj", "pk": 421, "fields": {"ballot_submission": 29, "debate_adjudicator": 64, "debate_team": 58, "score": 78.0, "position": 1}}, {"model": "results.speakerscorebyadj", "pk": 422, "fields": {"ballot_submission": 29, "debate_adjudicator": 64, "debate_team": 58, "score": 77.0, "position": 2}}, {"model": "results.speakerscorebyadj", "pk": 423, "fields": {"ballot_submission": 29, "debate_adjudicator": 64, "debate_team": 58, "score": 77.0, "position": 3}}, {"model": "results.speakerscorebyadj", "pk": 424, "fields": {"ballot_submission": 29, "debate_adjudicator": 64, "debate_team": 58, "score": 39.0, "position": 4}}, {"model": "results.speakerscorebyadj", "pk": 425, "fields": {"ballot_submission": 29, "debate_adjudicator": 66, "debate_team": 57, "score": 76.0, "position": 1}}, {"model": "results.speakerscorebyadj", "pk": 426, "fields": {"ballot_submission": 29, "debate_adjudicator": 66, "debate_team": 57, "score": 73.0, "position": 2}}, {"model": "results.speakerscorebyadj", "pk": 427, "fields": {"ballot_submission": 29, "debate_adjudicator": 66, "debate_team": 57, "score": 74.0, "position": 3}}, {"model": "results.speakerscorebyadj", "pk": 428, "fields": {"ballot_submission": 29, "debate_adjudicator": 66, "debate_team": 57, "score": 39.0, "position": 4}}, {"model": "results.speakerscorebyadj", "pk": 429, "fields": {"ballot_submission": 29, "debate_adjudicator": 66, "debate_team": 58, "score": 76.0, "position": 1}}, {"model": "results.speakerscorebyadj", "pk": 430, "fields": {"ballot_submission": 29, "debate_adjudicator": 66, "debate_team": 58, "score": 75.0, "position": 2}}, {"model": "results.speakerscorebyadj", "pk": 431, "fields": {"ballot_submission": 29, "debate_adjudicator": 66, "debate_team": 58, "score": 74.0, "position": 3}}, {"model": "results.speakerscorebyadj", "pk": 432, "fields": {"ballot_submission": 29, "debate_adjudicator": 66, "debate_team": 58, "score": 39.0, "position": 4}}, {"model": "results.speakerscorebyadj", "pk": 433, "fields": {"ballot_submission": 29, "debate_adjudicator": 65, "debate_team": 57, "score": 76.0, "position": 1}}, {"model": "results.speakerscorebyadj", "pk": 434, "fields": {"ballot_submission": 29, "debate_adjudicator": 65, "debate_team": 57, "score": 73.0, "position": 2}}, {"model": "results.speakerscorebyadj", "pk": 435, "fields": {"ballot_submission": 29, "debate_adjudicator": 65, "debate_team": 57, "score": 78.0, "position": 3}}, {"model": "results.speakerscorebyadj", "pk": 436, "fields": {"ballot_submission": 29, "debate_adjudicator": 65, "debate_team": 57, "score": 37.0, "position": 4}}, {"model": "results.speakerscorebyadj", "pk": 437, "fields": {"ballot_submission": 29, "debate_adjudicator": 65, "debate_team": 58, "score": 73.0, "position": 1}}, {"model": "results.speakerscorebyadj", "pk": 438, "fields": {"ballot_submission": 29, "debate_adjudicator": 65, "debate_team": 58, "score": 75.0, "position": 2}}, {"model": "results.speakerscorebyadj", "pk": 439, "fields": {"ballot_submission": 29, "debate_adjudicator": 65, "debate_team": 58, "score": 74.0, "position": 3}}, {"model": "results.speakerscorebyadj", "pk": 440, "fields": {"ballot_submission": 29, "debate_adjudicator": 65, "debate_team": 58, "score": 37.0, "position": 4}}, {"model": "results.speakerscorebyadj", "pk": 441, "fields": {"ballot_submission": 30, "debate_adjudicator": 50, "debate_team": 59, "score": 73.0, "position": 1}}, {"model": "results.speakerscorebyadj", "pk": 442, "fields": {"ballot_submission": 30, "debate_adjudicator": 50, "debate_team": 59, "score": 76.0, "position": 2}}, {"model": "results.speakerscorebyadj", "pk": 443, "fields": {"ballot_submission": 30, "debate_adjudicator": 50, "debate_team": 59, "score": 78.0, "position": 3}}, {"model": "results.speakerscorebyadj", "pk": 444, "fields": {"ballot_submission": 30, "debate_adjudicator": 50, "debate_team": 59, "score": 39.0, "position": 4}}, {"model": "results.speakerscorebyadj", "pk": 445, "fields": {"ballot_submission": 30, "debate_adjudicator": 50, "debate_team": 60, "score": 73.0, "position": 1}}, {"model": "results.speakerscorebyadj", "pk": 446, "fields": {"ballot_submission": 30, "debate_adjudicator": 50, "debate_team": 60, "score": 73.0, "position": 2}}, {"model": "results.speakerscorebyadj", "pk": 447, "fields": {"ballot_submission": 30, "debate_adjudicator": 50, "debate_team": 60, "score": 76.0, "position": 3}}, {"model": "results.speakerscorebyadj", "pk": 448, "fields": {"ballot_submission": 30, "debate_adjudicator": 50, "debate_team": 60, "score": 37.0, "position": 4}}, {"model": "results.speakerscorebyadj", "pk": 449, "fields": {"ballot_submission": 31, "debate_adjudicator": 45, "debate_team": 61, "score": 76.0, "position": 1}}, {"model": "results.speakerscorebyadj", "pk": 450, "fields": {"ballot_submission": 31, "debate_adjudicator": 45, "debate_team": 61, "score": 74.0, "position": 2}}, {"model": "results.speakerscorebyadj", "pk": 451, "fields": {"ballot_submission": 31, "debate_adjudicator": 45, "debate_team": 61, "score": 73.0, "position": 3}}, {"model": "results.speakerscorebyadj", "pk": 452, "fields": {"ballot_submission": 31, "debate_adjudicator": 45, "debate_team": 61, "score": 37.5, "position": 4}}, {"model": "results.speakerscorebyadj", "pk": 453, "fields": {"ballot_submission": 31, "debate_adjudicator": 45, "debate_team": 62, "score": 78.0, "position": 1}}, {"model": "results.speakerscorebyadj", "pk": 454, "fields": {"ballot_submission": 31, "debate_adjudicator": 45, "debate_team": 62, "score": 77.0, "position": 2}}, {"model": "results.speakerscorebyadj", "pk": 455, "fields": {"ballot_submission": 31, "debate_adjudicator": 45, "debate_team": 62, "score": 74.0, "position": 3}}, {"model": "results.speakerscorebyadj", "pk": 456, "fields": {"ballot_submission": 31, "debate_adjudicator": 45, "debate_team": 62, "score": 37.0, "position": 4}}, {"model": "results.speakerscorebyadj", "pk": 457, "fields": {"ballot_submission": 32, "debate_adjudicator": 49, "debate_team": 63, "score": 73.0, "position": 1}}, {"model": "results.speakerscorebyadj", "pk": 458, "fields": {"ballot_submission": 32, "debate_adjudicator": 49, "debate_team": 63, "score": 75.0, "position": 2}}, {"model": "results.speakerscorebyadj", "pk": 459, "fields": {"ballot_submission": 32, "debate_adjudicator": 49, "debate_team": 63, "score": 74.0, "position": 3}}, {"model": "results.speakerscorebyadj", "pk": 460, "fields": {"ballot_submission": 32, "debate_adjudicator": 49, "debate_team": 63, "score": 36.5, "position": 4}}, {"model": "results.speakerscorebyadj", "pk": 461, "fields": {"ballot_submission": 32, "debate_adjudicator": 49, "debate_team": 64, "score": 72.0, "position": 1}}, {"model": "results.speakerscorebyadj", "pk": 462, "fields": {"ballot_submission": 32, "debate_adjudicator": 49, "debate_team": 64, "score": 72.0, "position": 2}}, {"model": "results.speakerscorebyadj", "pk": 463, "fields": {"ballot_submission": 32, "debate_adjudicator": 49, "debate_team": 64, "score": 72.0, "position": 3}}, {"model": "results.speakerscorebyadj", "pk": 464, "fields": {"ballot_submission": 32, "debate_adjudicator": 49, "debate_team": 64, "score": 37.0, "position": 4}}, {"model": "results.speakerscorebyadj", "pk": 465, "fields": {"ballot_submission": 33, "debate_adjudicator": 46, "debate_team": 65, "score": 72.0, "position": 1}}, {"model": "results.speakerscorebyadj", "pk": 466, "fields": {"ballot_submission": 33, "debate_adjudicator": 46, "debate_team": 65, "score": 74.0, "position": 2}}, {"model": "results.speakerscorebyadj", "pk": 467, "fields": {"ballot_submission": 33, "debate_adjudicator": 46, "debate_team": 65, "score": 72.0, "position": 3}}, {"model": "results.speakerscorebyadj", "pk": 468, "fields": {"ballot_submission": 33, "debate_adjudicator": 46, "debate_team": 65, "score": 37.5, "position": 4}}, {"model": "results.speakerscorebyadj", "pk": 469, "fields": {"ballot_submission": 33, "debate_adjudicator": 46, "debate_team": 66, "score": 72.0, "position": 1}}, {"model": "results.speakerscorebyadj", "pk": 470, "fields": {"ballot_submission": 33, "debate_adjudicator": 46, "debate_team": 66, "score": 75.0, "position": 2}}, {"model": "results.speakerscorebyadj", "pk": 471, "fields": {"ballot_submission": 33, "debate_adjudicator": 46, "debate_team": 66, "score": 78.0, "position": 3}}, {"model": "results.speakerscorebyadj", "pk": 472, "fields": {"ballot_submission": 33, "debate_adjudicator": 46, "debate_team": 66, "score": 37.0, "position": 4}}, {"model": "results.speakerscorebyadj", "pk": 473, "fields": {"ballot_submission": 34, "debate_adjudicator": 63, "debate_team": 67, "score": 78.0, "position": 1}}, {"model": "results.speakerscorebyadj", "pk": 474, "fields": {"ballot_submission": 34, "debate_adjudicator": 63, "debate_team": 67, "score": 76.0, "position": 2}}, {"model": "results.speakerscorebyadj", "pk": 475, "fields": {"ballot_submission": 34, "debate_adjudicator": 63, "debate_team": 67, "score": 76.0, "position": 3}}, {"model": "results.speakerscorebyadj", "pk": 476, "fields": {"ballot_submission": 34, "debate_adjudicator": 63, "debate_team": 67, "score": 38.0, "position": 4}}, {"model": "results.speakerscorebyadj", "pk": 477, "fields": {"ballot_submission": 34, "debate_adjudicator": 63, "debate_team": 68, "score": 76.0, "position": 1}}, {"model": "results.speakerscorebyadj", "pk": 478, "fields": {"ballot_submission": 34, "debate_adjudicator": 63, "debate_team": 68, "score": 74.0, "position": 2}}, {"model": "results.speakerscorebyadj", "pk": 479, "fields": {"ballot_submission": 34, "debate_adjudicator": 63, "debate_team": 68, "score": 72.0, "position": 3}}, {"model": "results.speakerscorebyadj", "pk": 480, "fields": {"ballot_submission": 34, "debate_adjudicator": 63, "debate_team": 68, "score": 36.0, "position": 4}}, {"model": "results.speakerscorebyadj", "pk": 481, "fields": {"ballot_submission": 34, "debate_adjudicator": 62, "debate_team": 67, "score": 74.0, "position": 1}}, {"model": "results.speakerscorebyadj", "pk": 482, "fields": {"ballot_submission": 34, "debate_adjudicator": 62, "debate_team": 67, "score": 76.0, "position": 2}}, {"model": "results.speakerscorebyadj", "pk": 483, "fields": {"ballot_submission": 34, "debate_adjudicator": 62, "debate_team": 67, "score": 72.0, "position": 3}}, {"model": "results.speakerscorebyadj", "pk": 484, "fields": {"ballot_submission": 34, "debate_adjudicator": 62, "debate_team": 67, "score": 38.0, "position": 4}}, {"model": "results.speakerscorebyadj", "pk": 485, "fields": {"ballot_submission": 34, "debate_adjudicator": 62, "debate_team": 68, "score": 74.0, "position": 1}}, {"model": "results.speakerscorebyadj", "pk": 486, "fields": {"ballot_submission": 34, "debate_adjudicator": 62, "debate_team": 68, "score": 72.0, "position": 2}}, {"model": "results.speakerscorebyadj", "pk": 487, "fields": {"ballot_submission": 34, "debate_adjudicator": 62, "debate_team": 68, "score": 77.0, "position": 3}}, {"model": "results.speakerscorebyadj", "pk": 488, "fields": {"ballot_submission": 34, "debate_adjudicator": 62, "debate_team": 68, "score": 38.0, "position": 4}}, {"model": "results.speakerscorebyadj", "pk": 489, "fields": {"ballot_submission": 34, "debate_adjudicator": 61, "debate_team": 67, "score": 73.0, "position": 1}}, {"model": "results.speakerscorebyadj", "pk": 490, "fields": {"ballot_submission": 34, "debate_adjudicator": 61, "debate_team": 67, "score": 77.0, "position": 2}}, {"model": "results.speakerscorebyadj", "pk": 491, "fields": {"ballot_submission": 34, "debate_adjudicator": 61, "debate_team": 67, "score": 77.0, "position": 3}}, {"model": "results.speakerscorebyadj", "pk": 492, "fields": {"ballot_submission": 34, "debate_adjudicator": 61, "debate_team": 67, "score": 38.5, "position": 4}}, {"model": "results.speakerscorebyadj", "pk": 493, "fields": {"ballot_submission": 34, "debate_adjudicator": 61, "debate_team": 68, "score": 72.0, "position": 1}}, {"model": "results.speakerscorebyadj", "pk": 494, "fields": {"ballot_submission": 34, "debate_adjudicator": 61, "debate_team": 68, "score": 74.0, "position": 2}}, {"model": "results.speakerscorebyadj", "pk": 495, "fields": {"ballot_submission": 34, "debate_adjudicator": 61, "debate_team": 68, "score": 78.0, "position": 3}}, {"model": "results.speakerscorebyadj", "pk": 496, "fields": {"ballot_submission": 34, "debate_adjudicator": 61, "debate_team": 68, "score": 36.0, "position": 4}}, {"model": "results.speakerscorebyadj", "pk": 497, "fields": {"ballot_submission": 35, "debate_adjudicator": 60, "debate_team": 69, "score": 73.0, "position": 1}}, {"model": "results.speakerscorebyadj", "pk": 498, "fields": {"ballot_submission": 35, "debate_adjudicator": 60, "debate_team": 69, "score": 77.0, "position": 2}}, {"model": "results.speakerscorebyadj", "pk": 499, "fields": {"ballot_submission": 35, "debate_adjudicator": 60, "debate_team": 69, "score": 72.0, "position": 3}}, {"model": "results.speakerscorebyadj", "pk": 500, "fields": {"ballot_submission": 35, "debate_adjudicator": 60, "debate_team": 69, "score": 36.0, "position": 4}}, {"model": "results.speakerscorebyadj", "pk": 501, "fields": {"ballot_submission": 35, "debate_adjudicator": 60, "debate_team": 70, "score": 72.0, "position": 1}}, {"model": "results.speakerscorebyadj", "pk": 502, "fields": {"ballot_submission": 35, "debate_adjudicator": 60, "debate_team": 70, "score": 72.0, "position": 2}}, {"model": "results.speakerscorebyadj", "pk": 503, "fields": {"ballot_submission": 35, "debate_adjudicator": 60, "debate_team": 70, "score": 72.0, "position": 3}}, {"model": "results.speakerscorebyadj", "pk": 504, "fields": {"ballot_submission": 35, "debate_adjudicator": 60, "debate_team": 70, "score": 37.0, "position": 4}}, {"model": "results.speakerscorebyadj", "pk": 505, "fields": {"ballot_submission": 35, "debate_adjudicator": 58, "debate_team": 69, "score": 76.0, "position": 1}}, {"model": "results.speakerscorebyadj", "pk": 506, "fields": {"ballot_submission": 35, "debate_adjudicator": 58, "debate_team": 69, "score": 75.0, "position": 2}}, {"model": "results.speakerscorebyadj", "pk": 507, "fields": {"ballot_submission": 35, "debate_adjudicator": 58, "debate_team": 69, "score": 77.0, "position": 3}}, {"model": "results.speakerscorebyadj", "pk": 508, "fields": {"ballot_submission": 35, "debate_adjudicator": 58, "debate_team": 69, "score": 36.5, "position": 4}}, {"model": "results.speakerscorebyadj", "pk": 509, "fields": {"ballot_submission": 35, "debate_adjudicator": 58, "debate_team": 70, "score": 73.0, "position": 1}}, {"model": "results.speakerscorebyadj", "pk": 510, "fields": {"ballot_submission": 35, "debate_adjudicator": 58, "debate_team": 70, "score": 78.0, "position": 2}}, {"model": "results.speakerscorebyadj", "pk": 511, "fields": {"ballot_submission": 35, "debate_adjudicator": 58, "debate_team": 70, "score": 76.0, "position": 3}}, {"model": "results.speakerscorebyadj", "pk": 512, "fields": {"ballot_submission": 35, "debate_adjudicator": 58, "debate_team": 70, "score": 38.5, "position": 4}}, {"model": "results.speakerscorebyadj", "pk": 513, "fields": {"ballot_submission": 35, "debate_adjudicator": 59, "debate_team": 69, "score": 77.0, "position": 1}}, {"model": "results.speakerscorebyadj", "pk": 514, "fields": {"ballot_submission": 35, "debate_adjudicator": 59, "debate_team": 69, "score": 76.0, "position": 2}}, {"model": "results.speakerscorebyadj", "pk": 515, "fields": {"ballot_submission": 35, "debate_adjudicator": 59, "debate_team": 69, "score": 76.0, "position": 3}}, {"model": "results.speakerscorebyadj", "pk": 516, "fields": {"ballot_submission": 35, "debate_adjudicator": 59, "debate_team": 69, "score": 36.0, "position": 4}}, {"model": "results.speakerscorebyadj", "pk": 517, "fields": {"ballot_submission": 35, "debate_adjudicator": 59, "debate_team": 70, "score": 76.0, "position": 1}}, {"model": "results.speakerscorebyadj", "pk": 518, "fields": {"ballot_submission": 35, "debate_adjudicator": 59, "debate_team": 70, "score": 76.0, "position": 2}}, {"model": "results.speakerscorebyadj", "pk": 519, "fields": {"ballot_submission": 35, "debate_adjudicator": 59, "debate_team": 70, "score": 73.0, "position": 3}}, {"model": "results.speakerscorebyadj", "pk": 520, "fields": {"ballot_submission": 35, "debate_adjudicator": 59, "debate_team": 70, "score": 36.5, "position": 4}}, {"model": "results.speakerscorebyadj", "pk": 521, "fields": {"ballot_submission": 36, "debate_adjudicator": 51, "debate_team": 71, "score": 73.0, "position": 1}}, {"model": "results.speakerscorebyadj", "pk": 522, "fields": {"ballot_submission": 36, "debate_adjudicator": 51, "debate_team": 71, "score": 75.0, "position": 2}}, {"model": "results.speakerscorebyadj", "pk": 523, "fields": {"ballot_submission": 36, "debate_adjudicator": 51, "debate_team": 71, "score": 75.0, "position": 3}}, {"model": "results.speakerscorebyadj", "pk": 524, "fields": {"ballot_submission": 36, "debate_adjudicator": 51, "debate_team": 71, "score": 38.0, "position": 4}}, {"model": "results.speakerscorebyadj", "pk": 525, "fields": {"ballot_submission": 36, "debate_adjudicator": 51, "debate_team": 72, "score": 78.0, "position": 1}}, {"model": "results.speakerscorebyadj", "pk": 526, "fields": {"ballot_submission": 36, "debate_adjudicator": 51, "debate_team": 72, "score": 75.0, "position": 2}}, {"model": "results.speakerscorebyadj", "pk": 527, "fields": {"ballot_submission": 36, "debate_adjudicator": 51, "debate_team": 72, "score": 73.0, "position": 3}}, {"model": "results.speakerscorebyadj", "pk": 528, "fields": {"ballot_submission": 36, "debate_adjudicator": 51, "debate_team": 72, "score": 36.5, "position": 4}}, {"model": "results.speakerscorebyadj", "pk": 529, "fields": {"ballot_submission": 37, "debate_adjudicator": 73, "debate_team": 73, "score": 72.0, "position": 1}}, {"model": "results.speakerscorebyadj", "pk": 530, "fields": {"ballot_submission": 37, "debate_adjudicator": 73, "debate_team": 73, "score": 73.0, "position": 2}}, {"model": "results.speakerscorebyadj", "pk": 531, "fields": {"ballot_submission": 37, "debate_adjudicator": 73, "debate_team": 73, "score": 78.0, "position": 3}}, {"model": "results.speakerscorebyadj", "pk": 532, "fields": {"ballot_submission": 37, "debate_adjudicator": 73, "debate_team": 73, "score": 36.0, "position": 4}}, {"model": "results.speakerscorebyadj", "pk": 533, "fields": {"ballot_submission": 37, "debate_adjudicator": 73, "debate_team": 74, "score": 77.0, "position": 1}}, {"model": "results.speakerscorebyadj", "pk": 534, "fields": {"ballot_submission": 37, "debate_adjudicator": 73, "debate_team": 74, "score": 74.0, "position": 2}}, {"model": "results.speakerscorebyadj", "pk": 535, "fields": {"ballot_submission": 37, "debate_adjudicator": 73, "debate_team": 74, "score": 76.0, "position": 3}}, {"model": "results.speakerscorebyadj", "pk": 536, "fields": {"ballot_submission": 37, "debate_adjudicator": 73, "debate_team": 74, "score": 37.5, "position": 4}}, {"model": "results.speakerscorebyadj", "pk": 537, "fields": {"ballot_submission": 38, "debate_adjudicator": 67, "debate_team": 75, "score": 74.0, "position": 1}}, {"model": "results.speakerscorebyadj", "pk": 538, "fields": {"ballot_submission": 38, "debate_adjudicator": 67, "debate_team": 75, "score": 72.0, "position": 2}}, {"model": "results.speakerscorebyadj", "pk": 539, "fields": {"ballot_submission": 38, "debate_adjudicator": 67, "debate_team": 75, "score": 73.0, "position": 3}}, {"model": "results.speakerscorebyadj", "pk": 540, "fields": {"ballot_submission": 38, "debate_adjudicator": 67, "debate_team": 75, "score": 39.0, "position": 4}}, {"model": "results.speakerscorebyadj", "pk": 541, "fields": {"ballot_submission": 38, "debate_adjudicator": 67, "debate_team": 76, "score": 72.0, "position": 1}}, {"model": "results.speakerscorebyadj", "pk": 542, "fields": {"ballot_submission": 38, "debate_adjudicator": 67, "debate_team": 76, "score": 75.0, "position": 2}}, {"model": "results.speakerscorebyadj", "pk": 543, "fields": {"ballot_submission": 38, "debate_adjudicator": 67, "debate_team": 76, "score": 76.0, "position": 3}}, {"model": "results.speakerscorebyadj", "pk": 544, "fields": {"ballot_submission": 38, "debate_adjudicator": 67, "debate_team": 76, "score": 39.0, "position": 4}}, {"model": "results.speakerscorebyadj", "pk": 545, "fields": {"ballot_submission": 39, "debate_adjudicator": 78, "debate_team": 77, "score": 73.0, "position": 1}}, {"model": "results.speakerscorebyadj", "pk": 546, "fields": {"ballot_submission": 39, "debate_adjudicator": 78, "debate_team": 77, "score": 73.0, "position": 2}}, {"model": "results.speakerscorebyadj", "pk": 547, "fields": {"ballot_submission": 39, "debate_adjudicator": 78, "debate_team": 77, "score": 73.0, "position": 3}}, {"model": "results.speakerscorebyadj", "pk": 548, "fields": {"ballot_submission": 39, "debate_adjudicator": 78, "debate_team": 77, "score": 36.5, "position": 4}}, {"model": "results.speakerscorebyadj", "pk": 549, "fields": {"ballot_submission": 39, "debate_adjudicator": 78, "debate_team": 78, "score": 78.0, "position": 1}}, {"model": "results.speakerscorebyadj", "pk": 550, "fields": {"ballot_submission": 39, "debate_adjudicator": 78, "debate_team": 78, "score": 77.0, "position": 2}}, {"model": "results.speakerscorebyadj", "pk": 551, "fields": {"ballot_submission": 39, "debate_adjudicator": 78, "debate_team": 78, "score": 74.0, "position": 3}}, {"model": "results.speakerscorebyadj", "pk": 552, "fields": {"ballot_submission": 39, "debate_adjudicator": 78, "debate_team": 78, "score": 37.0, "position": 4}}, {"model": "results.speakerscorebyadj", "pk": 553, "fields": {"ballot_submission": 39, "debate_adjudicator": 77, "debate_team": 77, "score": 74.0, "position": 1}}, {"model": "results.speakerscorebyadj", "pk": 554, "fields": {"ballot_submission": 39, "debate_adjudicator": 77, "debate_team": 77, "score": 74.0, "position": 2}}, {"model": "results.speakerscorebyadj", "pk": 555, "fields": {"ballot_submission": 39, "debate_adjudicator": 77, "debate_team": 77, "score": 73.0, "position": 3}}, {"model": "results.speakerscorebyadj", "pk": 556, "fields": {"ballot_submission": 39, "debate_adjudicator": 77, "debate_team": 77, "score": 36.0, "position": 4}}, {"model": "results.speakerscorebyadj", "pk": 557, "fields": {"ballot_submission": 39, "debate_adjudicator": 77, "debate_team": 78, "score": 75.0, "position": 1}}, {"model": "results.speakerscorebyadj", "pk": 558, "fields": {"ballot_submission": 39, "debate_adjudicator": 77, "debate_team": 78, "score": 76.0, "position": 2}}, {"model": "results.speakerscorebyadj", "pk": 559, "fields": {"ballot_submission": 39, "debate_adjudicator": 77, "debate_team": 78, "score": 72.0, "position": 3}}, {"model": "results.speakerscorebyadj", "pk": 560, "fields": {"ballot_submission": 39, "debate_adjudicator": 77, "debate_team": 78, "score": 36.5, "position": 4}}, {"model": "results.speakerscorebyadj", "pk": 561, "fields": {"ballot_submission": 39, "debate_adjudicator": 79, "debate_team": 77, "score": 74.0, "position": 1}}, {"model": "results.speakerscorebyadj", "pk": 562, "fields": {"ballot_submission": 39, "debate_adjudicator": 79, "debate_team": 77, "score": 73.0, "position": 2}}, {"model": "results.speakerscorebyadj", "pk": 563, "fields": {"ballot_submission": 39, "debate_adjudicator": 79, "debate_team": 77, "score": 74.0, "position": 3}}, {"model": "results.speakerscorebyadj", "pk": 564, "fields": {"ballot_submission": 39, "debate_adjudicator": 79, "debate_team": 77, "score": 36.0, "position": 4}}, {"model": "results.speakerscorebyadj", "pk": 565, "fields": {"ballot_submission": 39, "debate_adjudicator": 79, "debate_team": 78, "score": 78.0, "position": 1}}, {"model": "results.speakerscorebyadj", "pk": 566, "fields": {"ballot_submission": 39, "debate_adjudicator": 79, "debate_team": 78, "score": 75.0, "position": 2}}, {"model": "results.speakerscorebyadj", "pk": 567, "fields": {"ballot_submission": 39, "debate_adjudicator": 79, "debate_team": 78, "score": 73.0, "position": 3}}, {"model": "results.speakerscorebyadj", "pk": 568, "fields": {"ballot_submission": 39, "debate_adjudicator": 79, "debate_team": 78, "score": 36.0, "position": 4}}, {"model": "results.speakerscorebyadj", "pk": 569, "fields": {"ballot_submission": 40, "debate_adjudicator": 76, "debate_team": 79, "score": 78.0, "position": 1}}, {"model": "results.speakerscorebyadj", "pk": 570, "fields": {"ballot_submission": 40, "debate_adjudicator": 76, "debate_team": 79, "score": 73.0, "position": 2}}, {"model": "results.speakerscorebyadj", "pk": 571, "fields": {"ballot_submission": 40, "debate_adjudicator": 76, "debate_team": 79, "score": 74.0, "position": 3}}, {"model": "results.speakerscorebyadj", "pk": 572, "fields": {"ballot_submission": 40, "debate_adjudicator": 76, "debate_team": 79, "score": 36.5, "position": 4}}, {"model": "results.speakerscorebyadj", "pk": 573, "fields": {"ballot_submission": 40, "debate_adjudicator": 76, "debate_team": 80, "score": 76.0, "position": 1}}, {"model": "results.speakerscorebyadj", "pk": 574, "fields": {"ballot_submission": 40, "debate_adjudicator": 76, "debate_team": 80, "score": 76.0, "position": 2}}, {"model": "results.speakerscorebyadj", "pk": 575, "fields": {"ballot_submission": 40, "debate_adjudicator": 76, "debate_team": 80, "score": 73.0, "position": 3}}, {"model": "results.speakerscorebyadj", "pk": 576, "fields": {"ballot_submission": 40, "debate_adjudicator": 76, "debate_team": 80, "score": 38.5, "position": 4}}, {"model": "results.speakerscorebyadj", "pk": 577, "fields": {"ballot_submission": 40, "debate_adjudicator": 75, "debate_team": 79, "score": 73.0, "position": 1}}, {"model": "results.speakerscorebyadj", "pk": 578, "fields": {"ballot_submission": 40, "debate_adjudicator": 75, "debate_team": 79, "score": 72.0, "position": 2}}, {"model": "results.speakerscorebyadj", "pk": 579, "fields": {"ballot_submission": 40, "debate_adjudicator": 75, "debate_team": 79, "score": 76.0, "position": 3}}, {"model": "results.speakerscorebyadj", "pk": 580, "fields": {"ballot_submission": 40, "debate_adjudicator": 75, "debate_team": 79, "score": 38.5, "position": 4}}, {"model": "results.speakerscorebyadj", "pk": 581, "fields": {"ballot_submission": 40, "debate_adjudicator": 75, "debate_team": 80, "score": 77.0, "position": 1}}, {"model": "results.speakerscorebyadj", "pk": 582, "fields": {"ballot_submission": 40, "debate_adjudicator": 75, "debate_team": 80, "score": 72.0, "position": 2}}, {"model": "results.speakerscorebyadj", "pk": 583, "fields": {"ballot_submission": 40, "debate_adjudicator": 75, "debate_team": 80, "score": 75.0, "position": 3}}, {"model": "results.speakerscorebyadj", "pk": 584, "fields": {"ballot_submission": 40, "debate_adjudicator": 75, "debate_team": 80, "score": 37.0, "position": 4}}, {"model": "results.speakerscorebyadj", "pk": 585, "fields": {"ballot_submission": 40, "debate_adjudicator": 74, "debate_team": 79, "score": 76.0, "position": 1}}, {"model": "results.speakerscorebyadj", "pk": 586, "fields": {"ballot_submission": 40, "debate_adjudicator": 74, "debate_team": 79, "score": 75.0, "position": 2}}, {"model": "results.speakerscorebyadj", "pk": 587, "fields": {"ballot_submission": 40, "debate_adjudicator": 74, "debate_team": 79, "score": 76.0, "position": 3}}, {"model": "results.speakerscorebyadj", "pk": 588, "fields": {"ballot_submission": 40, "debate_adjudicator": 74, "debate_team": 79, "score": 37.5, "position": 4}}, {"model": "results.speakerscorebyadj", "pk": 589, "fields": {"ballot_submission": 40, "debate_adjudicator": 74, "debate_team": 80, "score": 77.0, "position": 1}}, {"model": "results.speakerscorebyadj", "pk": 590, "fields": {"ballot_submission": 40, "debate_adjudicator": 74, "debate_team": 80, "score": 75.0, "position": 2}}, {"model": "results.speakerscorebyadj", "pk": 591, "fields": {"ballot_submission": 40, "debate_adjudicator": 74, "debate_team": 80, "score": 77.0, "position": 3}}, {"model": "results.speakerscorebyadj", "pk": 592, "fields": {"ballot_submission": 40, "debate_adjudicator": 74, "debate_team": 80, "score": 39.0, "position": 4}}, {"model": "results.speakerscorebyadj", "pk": 593, "fields": {"ballot_submission": 41, "debate_adjudicator": 81, "debate_team": 81, "score": 74.0, "position": 1}}, {"model": "results.speakerscorebyadj", "pk": 594, "fields": {"ballot_submission": 41, "debate_adjudicator": 81, "debate_team": 81, "score": 74.0, "position": 2}}, {"model": "results.speakerscorebyadj", "pk": 595, "fields": {"ballot_submission": 41, "debate_adjudicator": 81, "debate_team": 81, "score": 78.0, "position": 3}}, {"model": "results.speakerscorebyadj", "pk": 596, "fields": {"ballot_submission": 41, "debate_adjudicator": 81, "debate_team": 81, "score": 38.5, "position": 4}}, {"model": "results.speakerscorebyadj", "pk": 597, "fields": {"ballot_submission": 41, "debate_adjudicator": 81, "debate_team": 82, "score": 72.0, "position": 1}}, {"model": "results.speakerscorebyadj", "pk": 598, "fields": {"ballot_submission": 41, "debate_adjudicator": 81, "debate_team": 82, "score": 73.0, "position": 2}}, {"model": "results.speakerscorebyadj", "pk": 599, "fields": {"ballot_submission": 41, "debate_adjudicator": 81, "debate_team": 82, "score": 74.0, "position": 3}}, {"model": "results.speakerscorebyadj", "pk": 600, "fields": {"ballot_submission": 41, "debate_adjudicator": 81, "debate_team": 82, "score": 38.0, "position": 4}}, {"model": "results.speakerscorebyadj", "pk": 601, "fields": {"ballot_submission": 41, "debate_adjudicator": 80, "debate_team": 81, "score": 74.0, "position": 1}}, {"model": "results.speakerscorebyadj", "pk": 602, "fields": {"ballot_submission": 41, "debate_adjudicator": 80, "debate_team": 81, "score": 74.0, "position": 2}}, {"model": "results.speakerscorebyadj", "pk": 603, "fields": {"ballot_submission": 41, "debate_adjudicator": 80, "debate_team": 81, "score": 76.0, "position": 3}}, {"model": "results.speakerscorebyadj", "pk": 604, "fields": {"ballot_submission": 41, "debate_adjudicator": 80, "debate_team": 81, "score": 39.0, "position": 4}}, {"model": "results.speakerscorebyadj", "pk": 605, "fields": {"ballot_submission": 41, "debate_adjudicator": 80, "debate_team": 82, "score": 78.0, "position": 1}}, {"model": "results.speakerscorebyadj", "pk": 606, "fields": {"ballot_submission": 41, "debate_adjudicator": 80, "debate_team": 82, "score": 77.0, "position": 2}}, {"model": "results.speakerscorebyadj", "pk": 607, "fields": {"ballot_submission": 41, "debate_adjudicator": 80, "debate_team": 82, "score": 74.0, "position": 3}}, {"model": "results.speakerscorebyadj", "pk": 608, "fields": {"ballot_submission": 41, "debate_adjudicator": 80, "debate_team": 82, "score": 38.0, "position": 4}}, {"model": "results.speakerscorebyadj", "pk": 609, "fields": {"ballot_submission": 41, "debate_adjudicator": 82, "debate_team": 81, "score": 74.0, "position": 1}}, {"model": "results.speakerscorebyadj", "pk": 610, "fields": {"ballot_submission": 41, "debate_adjudicator": 82, "debate_team": 81, "score": 73.0, "position": 2}}, {"model": "results.speakerscorebyadj", "pk": 611, "fields": {"ballot_submission": 41, "debate_adjudicator": 82, "debate_team": 81, "score": 78.0, "position": 3}}, {"model": "results.speakerscorebyadj", "pk": 612, "fields": {"ballot_submission": 41, "debate_adjudicator": 82, "debate_team": 81, "score": 36.5, "position": 4}}, {"model": "results.speakerscorebyadj", "pk": 613, "fields": {"ballot_submission": 41, "debate_adjudicator": 82, "debate_team": 82, "score": 76.0, "position": 1}}, {"model": "results.speakerscorebyadj", "pk": 614, "fields": {"ballot_submission": 41, "debate_adjudicator": 82, "debate_team": 82, "score": 77.0, "position": 2}}, {"model": "results.speakerscorebyadj", "pk": 615, "fields": {"ballot_submission": 41, "debate_adjudicator": 82, "debate_team": 82, "score": 74.0, "position": 3}}, {"model": "results.speakerscorebyadj", "pk": 616, "fields": {"ballot_submission": 41, "debate_adjudicator": 82, "debate_team": 82, "score": 39.0, "position": 4}}, {"model": "results.speakerscorebyadj", "pk": 617, "fields": {"ballot_submission": 42, "debate_adjudicator": 88, "debate_team": 83, "score": 74.0, "position": 1}}, {"model": "results.speakerscorebyadj", "pk": 618, "fields": {"ballot_submission": 42, "debate_adjudicator": 88, "debate_team": 83, "score": 76.0, "position": 2}}, {"model": "results.speakerscorebyadj", "pk": 619, "fields": {"ballot_submission": 42, "debate_adjudicator": 88, "debate_team": 83, "score": 76.0, "position": 3}}, {"model": "results.speakerscorebyadj", "pk": 620, "fields": {"ballot_submission": 42, "debate_adjudicator": 88, "debate_team": 83, "score": 38.5, "position": 4}}, {"model": "results.speakerscorebyadj", "pk": 621, "fields": {"ballot_submission": 42, "debate_adjudicator": 88, "debate_team": 84, "score": 76.0, "position": 1}}, {"model": "results.speakerscorebyadj", "pk": 622, "fields": {"ballot_submission": 42, "debate_adjudicator": 88, "debate_team": 84, "score": 72.0, "position": 2}}, {"model": "results.speakerscorebyadj", "pk": 623, "fields": {"ballot_submission": 42, "debate_adjudicator": 88, "debate_team": 84, "score": 76.0, "position": 3}}, {"model": "results.speakerscorebyadj", "pk": 624, "fields": {"ballot_submission": 42, "debate_adjudicator": 88, "debate_team": 84, "score": 37.0, "position": 4}}, {"model": "results.speakerscorebyadj", "pk": 625, "fields": {"ballot_submission": 42, "debate_adjudicator": 86, "debate_team": 83, "score": 74.0, "position": 1}}, {"model": "results.speakerscorebyadj", "pk": 626, "fields": {"ballot_submission": 42, "debate_adjudicator": 86, "debate_team": 83, "score": 78.0, "position": 2}}, {"model": "results.speakerscorebyadj", "pk": 627, "fields": {"ballot_submission": 42, "debate_adjudicator": 86, "debate_team": 83, "score": 72.0, "position": 3}}, {"model": "results.speakerscorebyadj", "pk": 628, "fields": {"ballot_submission": 42, "debate_adjudicator": 86, "debate_team": 83, "score": 38.5, "position": 4}}, {"model": "results.speakerscorebyadj", "pk": 629, "fields": {"ballot_submission": 42, "debate_adjudicator": 86, "debate_team": 84, "score": 75.0, "position": 1}}, {"model": "results.speakerscorebyadj", "pk": 630, "fields": {"ballot_submission": 42, "debate_adjudicator": 86, "debate_team": 84, "score": 74.0, "position": 2}}, {"model": "results.speakerscorebyadj", "pk": 631, "fields": {"ballot_submission": 42, "debate_adjudicator": 86, "debate_team": 84, "score": 72.0, "position": 3}}, {"model": "results.speakerscorebyadj", "pk": 632, "fields": {"ballot_submission": 42, "debate_adjudicator": 86, "debate_team": 84, "score": 38.0, "position": 4}}, {"model": "results.speakerscorebyadj", "pk": 633, "fields": {"ballot_submission": 42, "debate_adjudicator": 87, "debate_team": 83, "score": 76.0, "position": 1}}, {"model": "results.speakerscorebyadj", "pk": 634, "fields": {"ballot_submission": 42, "debate_adjudicator": 87, "debate_team": 83, "score": 77.0, "position": 2}}, {"model": "results.speakerscorebyadj", "pk": 635, "fields": {"ballot_submission": 42, "debate_adjudicator": 87, "debate_team": 83, "score": 78.0, "position": 3}}, {"model": "results.speakerscorebyadj", "pk": 636, "fields": {"ballot_submission": 42, "debate_adjudicator": 87, "debate_team": 83, "score": 36.0, "position": 4}}, {"model": "results.speakerscorebyadj", "pk": 637, "fields": {"ballot_submission": 42, "debate_adjudicator": 87, "debate_team": 84, "score": 78.0, "position": 1}}, {"model": "results.speakerscorebyadj", "pk": 638, "fields": {"ballot_submission": 42, "debate_adjudicator": 87, "debate_team": 84, "score": 77.0, "position": 2}}, {"model": "results.speakerscorebyadj", "pk": 639, "fields": {"ballot_submission": 42, "debate_adjudicator": 87, "debate_team": 84, "score": 73.0, "position": 3}}, {"model": "results.speakerscorebyadj", "pk": 640, "fields": {"ballot_submission": 42, "debate_adjudicator": 87, "debate_team": 84, "score": 36.5, "position": 4}}, {"model": "results.speakerscorebyadj", "pk": 641, "fields": {"ballot_submission": 43, "debate_adjudicator": 83, "debate_team": 85, "score": 75.0, "position": 1}}, {"model": "results.speakerscorebyadj", "pk": 642, "fields": {"ballot_submission": 43, "debate_adjudicator": 83, "debate_team": 85, "score": 76.0, "position": 2}}, {"model": "results.speakerscorebyadj", "pk": 643, "fields": {"ballot_submission": 43, "debate_adjudicator": 83, "debate_team": 85, "score": 72.0, "position": 3}}, {"model": "results.speakerscorebyadj", "pk": 644, "fields": {"ballot_submission": 43, "debate_adjudicator": 83, "debate_team": 85, "score": 37.0, "position": 4}}, {"model": "results.speakerscorebyadj", "pk": 645, "fields": {"ballot_submission": 43, "debate_adjudicator": 83, "debate_team": 86, "score": 78.0, "position": 1}}, {"model": "results.speakerscorebyadj", "pk": 646, "fields": {"ballot_submission": 43, "debate_adjudicator": 83, "debate_team": 86, "score": 77.0, "position": 2}}, {"model": "results.speakerscorebyadj", "pk": 647, "fields": {"ballot_submission": 43, "debate_adjudicator": 83, "debate_team": 86, "score": 77.0, "position": 3}}, {"model": "results.speakerscorebyadj", "pk": 648, "fields": {"ballot_submission": 43, "debate_adjudicator": 83, "debate_team": 86, "score": 38.0, "position": 4}}, {"model": "results.speakerscorebyadj", "pk": 649, "fields": {"ballot_submission": 43, "debate_adjudicator": 85, "debate_team": 85, "score": 73.0, "position": 1}}, {"model": "results.speakerscorebyadj", "pk": 650, "fields": {"ballot_submission": 43, "debate_adjudicator": 85, "debate_team": 85, "score": 77.0, "position": 2}}, {"model": "results.speakerscorebyadj", "pk": 651, "fields": {"ballot_submission": 43, "debate_adjudicator": 85, "debate_team": 85, "score": 73.0, "position": 3}}, {"model": "results.speakerscorebyadj", "pk": 652, "fields": {"ballot_submission": 43, "debate_adjudicator": 85, "debate_team": 85, "score": 37.5, "position": 4}}, {"model": "results.speakerscorebyadj", "pk": 653, "fields": {"ballot_submission": 43, "debate_adjudicator": 85, "debate_team": 86, "score": 77.0, "position": 1}}, {"model": "results.speakerscorebyadj", "pk": 654, "fields": {"ballot_submission": 43, "debate_adjudicator": 85, "debate_team": 86, "score": 75.0, "position": 2}}, {"model": "results.speakerscorebyadj", "pk": 655, "fields": {"ballot_submission": 43, "debate_adjudicator": 85, "debate_team": 86, "score": 76.0, "position": 3}}, {"model": "results.speakerscorebyadj", "pk": 656, "fields": {"ballot_submission": 43, "debate_adjudicator": 85, "debate_team": 86, "score": 39.0, "position": 4}}, {"model": "results.speakerscorebyadj", "pk": 657, "fields": {"ballot_submission": 43, "debate_adjudicator": 84, "debate_team": 85, "score": 77.0, "position": 1}}, {"model": "results.speakerscorebyadj", "pk": 658, "fields": {"ballot_submission": 43, "debate_adjudicator": 84, "debate_team": 85, "score": 76.0, "position": 2}}, {"model": "results.speakerscorebyadj", "pk": 659, "fields": {"ballot_submission": 43, "debate_adjudicator": 84, "debate_team": 85, "score": 72.0, "position": 3}}, {"model": "results.speakerscorebyadj", "pk": 660, "fields": {"ballot_submission": 43, "debate_adjudicator": 84, "debate_team": 85, "score": 36.0, "position": 4}}, {"model": "results.speakerscorebyadj", "pk": 661, "fields": {"ballot_submission": 43, "debate_adjudicator": 84, "debate_team": 86, "score": 75.0, "position": 1}}, {"model": "results.speakerscorebyadj", "pk": 662, "fields": {"ballot_submission": 43, "debate_adjudicator": 84, "debate_team": 86, "score": 75.0, "position": 2}}, {"model": "results.speakerscorebyadj", "pk": 663, "fields": {"ballot_submission": 43, "debate_adjudicator": 84, "debate_team": 86, "score": 75.0, "position": 3}}, {"model": "results.speakerscorebyadj", "pk": 664, "fields": {"ballot_submission": 43, "debate_adjudicator": 84, "debate_team": 86, "score": 37.0, "position": 4}}, {"model": "results.speakerscorebyadj", "pk": 665, "fields": {"ballot_submission": 44, "debate_adjudicator": 71, "debate_team": 87, "score": 77.0, "position": 1}}, {"model": "results.speakerscorebyadj", "pk": 666, "fields": {"ballot_submission": 44, "debate_adjudicator": 71, "debate_team": 87, "score": 77.0, "position": 2}}, {"model": "results.speakerscorebyadj", "pk": 667, "fields": {"ballot_submission": 44, "debate_adjudicator": 71, "debate_team": 87, "score": 75.0, "position": 3}}, {"model": "results.speakerscorebyadj", "pk": 668, "fields": {"ballot_submission": 44, "debate_adjudicator": 71, "debate_team": 87, "score": 38.5, "position": 4}}, {"model": "results.speakerscorebyadj", "pk": 669, "fields": {"ballot_submission": 44, "debate_adjudicator": 71, "debate_team": 88, "score": 72.0, "position": 1}}, {"model": "results.speakerscorebyadj", "pk": 670, "fields": {"ballot_submission": 44, "debate_adjudicator": 71, "debate_team": 88, "score": 73.0, "position": 2}}, {"model": "results.speakerscorebyadj", "pk": 671, "fields": {"ballot_submission": 44, "debate_adjudicator": 71, "debate_team": 88, "score": 76.0, "position": 3}}, {"model": "results.speakerscorebyadj", "pk": 672, "fields": {"ballot_submission": 44, "debate_adjudicator": 71, "debate_team": 88, "score": 36.5, "position": 4}}, {"model": "results.speakerscorebyadj", "pk": 673, "fields": {"ballot_submission": 45, "debate_adjudicator": 72, "debate_team": 89, "score": 75.0, "position": 1}}, {"model": "results.speakerscorebyadj", "pk": 674, "fields": {"ballot_submission": 45, "debate_adjudicator": 72, "debate_team": 89, "score": 75.0, "position": 2}}, {"model": "results.speakerscorebyadj", "pk": 675, "fields": {"ballot_submission": 45, "debate_adjudicator": 72, "debate_team": 89, "score": 75.0, "position": 3}}, {"model": "results.speakerscorebyadj", "pk": 676, "fields": {"ballot_submission": 45, "debate_adjudicator": 72, "debate_team": 89, "score": 37.5, "position": 4}}, {"model": "results.speakerscorebyadj", "pk": 677, "fields": {"ballot_submission": 45, "debate_adjudicator": 72, "debate_team": 90, "score": 74.0, "position": 1}}, {"model": "results.speakerscorebyadj", "pk": 678, "fields": {"ballot_submission": 45, "debate_adjudicator": 72, "debate_team": 90, "score": 75.0, "position": 2}}, {"model": "results.speakerscorebyadj", "pk": 679, "fields": {"ballot_submission": 45, "debate_adjudicator": 72, "debate_team": 90, "score": 77.0, "position": 3}}, {"model": "results.speakerscorebyadj", "pk": 680, "fields": {"ballot_submission": 45, "debate_adjudicator": 72, "debate_team": 90, "score": 37.5, "position": 4}}, {"model": "results.speakerscorebyadj", "pk": 681, "fields": {"ballot_submission": 46, "debate_adjudicator": 68, "debate_team": 91, "score": 78.0, "position": 1}}, {"model": "results.speakerscorebyadj", "pk": 682, "fields": {"ballot_submission": 46, "debate_adjudicator": 68, "debate_team": 91, "score": 75.0, "position": 2}}, {"model": "results.speakerscorebyadj", "pk": 683, "fields": {"ballot_submission": 46, "debate_adjudicator": 68, "debate_team": 91, "score": 77.0, "position": 3}}, {"model": "results.speakerscorebyadj", "pk": 684, "fields": {"ballot_submission": 46, "debate_adjudicator": 68, "debate_team": 91, "score": 38.0, "position": 4}}, {"model": "results.speakerscorebyadj", "pk": 685, "fields": {"ballot_submission": 46, "debate_adjudicator": 68, "debate_team": 92, "score": 76.0, "position": 1}}, {"model": "results.speakerscorebyadj", "pk": 686, "fields": {"ballot_submission": 46, "debate_adjudicator": 68, "debate_team": 92, "score": 78.0, "position": 2}}, {"model": "results.speakerscorebyadj", "pk": 687, "fields": {"ballot_submission": 46, "debate_adjudicator": 68, "debate_team": 92, "score": 77.0, "position": 3}}, {"model": "results.speakerscorebyadj", "pk": 688, "fields": {"ballot_submission": 46, "debate_adjudicator": 68, "debate_team": 92, "score": 38.0, "position": 4}}, {"model": "results.speakerscorebyadj", "pk": 689, "fields": {"ballot_submission": 47, "debate_adjudicator": 70, "debate_team": 93, "score": 76.0, "position": 1}}, {"model": "results.speakerscorebyadj", "pk": 690, "fields": {"ballot_submission": 47, "debate_adjudicator": 70, "debate_team": 93, "score": 73.0, "position": 2}}, {"model": "results.speakerscorebyadj", "pk": 691, "fields": {"ballot_submission": 47, "debate_adjudicator": 70, "debate_team": 93, "score": 72.0, "position": 3}}, {"model": "results.speakerscorebyadj", "pk": 692, "fields": {"ballot_submission": 47, "debate_adjudicator": 70, "debate_team": 93, "score": 37.5, "position": 4}}, {"model": "results.speakerscorebyadj", "pk": 693, "fields": {"ballot_submission": 47, "debate_adjudicator": 70, "debate_team": 94, "score": 76.0, "position": 1}}, {"model": "results.speakerscorebyadj", "pk": 694, "fields": {"ballot_submission": 47, "debate_adjudicator": 70, "debate_team": 94, "score": 76.0, "position": 2}}, {"model": "results.speakerscorebyadj", "pk": 695, "fields": {"ballot_submission": 47, "debate_adjudicator": 70, "debate_team": 94, "score": 76.0, "position": 3}}, {"model": "results.speakerscorebyadj", "pk": 696, "fields": {"ballot_submission": 47, "debate_adjudicator": 70, "debate_team": 94, "score": 38.0, "position": 4}}, {"model": "results.speakerscorebyadj", "pk": 697, "fields": {"ballot_submission": 48, "debate_adjudicator": 69, "debate_team": 95, "score": 77.0, "position": 1}}, {"model": "results.speakerscorebyadj", "pk": 698, "fields": {"ballot_submission": 48, "debate_adjudicator": 69, "debate_team": 95, "score": 78.0, "position": 2}}, {"model": "results.speakerscorebyadj", "pk": 699, "fields": {"ballot_submission": 48, "debate_adjudicator": 69, "debate_team": 95, "score": 74.0, "position": 3}}, {"model": "results.speakerscorebyadj", "pk": 700, "fields": {"ballot_submission": 48, "debate_adjudicator": 69, "debate_team": 95, "score": 37.5, "position": 4}}, {"model": "results.speakerscorebyadj", "pk": 701, "fields": {"ballot_submission": 48, "debate_adjudicator": 69, "debate_team": 96, "score": 74.0, "position": 1}}, {"model": "results.speakerscorebyadj", "pk": 702, "fields": {"ballot_submission": 48, "debate_adjudicator": 69, "debate_team": 96, "score": 74.0, "position": 2}}, {"model": "results.speakerscorebyadj", "pk": 703, "fields": {"ballot_submission": 48, "debate_adjudicator": 69, "debate_team": 96, "score": 72.0, "position": 3}}, {"model": "results.speakerscorebyadj", "pk": 704, "fields": {"ballot_submission": 48, "debate_adjudicator": 69, "debate_team": 96, "score": 38.5, "position": 4}}, {"model": "results.teamscore", "pk": 1, "fields": {"ballot_submission": 1, "debate_team": 23, "points": 0, "margin": -2.5, "win": false, "score": 259.0, "votes_given": 0, "votes_possible": 0, "forfeit": false}}, {"model": "results.teamscore", "pk": 2, "fields": {"ballot_submission": 1, "debate_team": 24, "points": 1, "margin": 2.5, "win": true, "score": 261.5, "votes_given": 0, "votes_possible": 0, "forfeit": false}}, {"model": "results.teamscore", "pk": 3, "fields": {"ballot_submission": 2, "debate_team": 21, "points": 0, "margin": -0.5, "win": false, "score": 266.5, "votes_given": 0, "votes_possible": 0, "forfeit": false}}, {"model": "results.teamscore", "pk": 4, "fields": {"ballot_submission": 2, "debate_team": 22, "points": 1, "margin": 0.5, "win": true, "score": 267.0, "votes_given": 0, "votes_possible": 0, "forfeit": false}}, {"model": "results.teamscore", "pk": 5, "fields": {"ballot_submission": 3, "debate_team": 19, "points": 0, "margin": -3.5, "win": false, "score": 261.5, "votes_given": 0, "votes_possible": 0, "forfeit": false}}, {"model": "results.teamscore", "pk": 6, "fields": {"ballot_submission": 3, "debate_team": 20, "points": 1, "margin": 3.5, "win": true, "score": 265.0, "votes_given": 0, "votes_possible": 0, "forfeit": false}}, {"model": "results.teamscore", "pk": 7, "fields": {"ballot_submission": 4, "debate_team": 17, "points": 0, "margin": -4.5, "win": false, "score": 257.5, "votes_given": 0, "votes_possible": 0, "forfeit": false}}, {"model": "results.teamscore", "pk": 8, "fields": {"ballot_submission": 4, "debate_team": 18, "points": 1, "margin": 4.5, "win": true, "score": 262.0, "votes_given": 0, "votes_possible": 0, "forfeit": false}}, {"model": "results.teamscore", "pk": 9, "fields": {"ballot_submission": 5, "debate_team": 15, "points": 0, "margin": -0.5, "win": false, "score": 260.5, "votes_given": 0, "votes_possible": 0, "forfeit": false}}, {"model": "results.teamscore", "pk": 10, "fields": {"ballot_submission": 5, "debate_team": 16, "points": 1, "margin": 0.5, "win": true, "score": 261.0, "votes_given": 0, "votes_possible": 0, "forfeit": false}}, {"model": "results.teamscore", "pk": 11, "fields": {"ballot_submission": 6, "debate_team": 13, "points": 0, "margin": -7.5, "win": false, "score": 255.5, "votes_given": 0, "votes_possible": 0, "forfeit": false}}, {"model": "results.teamscore", "pk": 12, "fields": {"ballot_submission": 6, "debate_team": 14, "points": 1, "margin": 7.5, "win": true, "score": 263.0, "votes_given": 0, "votes_possible": 0, "forfeit": false}}, {"model": "results.teamscore", "pk": 13, "fields": {"ballot_submission": 7, "debate_team": 11, "points": 1, "margin": 2.5, "win": true, "score": 267.0, "votes_given": 0, "votes_possible": 0, "forfeit": false}}, {"model": "results.teamscore", "pk": 14, "fields": {"ballot_submission": 7, "debate_team": 12, "points": 0, "margin": -2.5, "win": false, "score": 264.5, "votes_given": 0, "votes_possible": 0, "forfeit": false}}, {"model": "results.teamscore", "pk": 15, "fields": {"ballot_submission": 8, "debate_team": 9, "points": 1, "margin": 4.66666666666669, "win": true, "score": 266.0, "votes_given": 0, "votes_possible": 0, "forfeit": false}}, {"model": "results.teamscore", "pk": 16, "fields": {"ballot_submission": 8, "debate_team": 10, "points": 0, "margin": -4.66666666666669, "win": false, "score": 261.333333333333, "votes_given": 0, "votes_possible": 0, "forfeit": false}}, {"model": "results.teamscore", "pk": 17, "fields": {"ballot_submission": 9, "debate_team": 7, "points": 1, "margin": 5.0, "win": true, "score": 266.0, "votes_given": 0, "votes_possible": 0, "forfeit": false}}, {"model": "results.teamscore", "pk": 18, "fields": {"ballot_submission": 9, "debate_team": 8, "points": 0, "margin": -5.0, "win": false, "score": 261.0, "votes_given": 0, "votes_possible": 0, "forfeit": false}}, {"model": "results.teamscore", "pk": 19, "fields": {"ballot_submission": 10, "debate_team": 5, "points": 1, "margin": 5.33333333333331, "win": true, "score": 266.833333333333, "votes_given": 0, "votes_possible": 0, "forfeit": false}}, {"model": "results.teamscore", "pk": 20, "fields": {"ballot_submission": 10, "debate_team": 6, "points": 0, "margin": -5.33333333333331, "win": false, "score": 261.5, "votes_given": 0, "votes_possible": 0, "forfeit": false}}, {"model": "results.teamscore", "pk": 21, "fields": {"ballot_submission": 11, "debate_team": 3, "points": 0, "margin": -2.75, "win": false, "score": 261.75, "votes_given": 0, "votes_possible": 0, "forfeit": false}}, {"model": "results.teamscore", "pk": 22, "fields": {"ballot_submission": 11, "debate_team": 4, "points": 1, "margin": 2.75, "win": true, "score": 264.5, "votes_given": 0, "votes_possible": 0, "forfeit": false}}, {"model": "results.teamscore", "pk": 23, "fields": {"ballot_submission": 12, "debate_team": 1, "points": 1, "margin": 1.25, "win": true, "score": 266.25, "votes_given": 0, "votes_possible": 0, "forfeit": false}}, {"model": "results.teamscore", "pk": 24, "fields": {"ballot_submission": 12, "debate_team": 2, "points": 0, "margin": -1.25, "win": false, "score": 265.0, "votes_given": 0, "votes_possible": 0, "forfeit": false}}, {"model": "results.teamscore", "pk": 25, "fields": {"ballot_submission": 13, "debate_team": 47, "points": 1, "margin": 1.83333333333331, "win": true, "score": 264.0, "votes_given": 0, "votes_possible": 0, "forfeit": false}}, {"model": "results.teamscore", "pk": 26, "fields": {"ballot_submission": 13, "debate_team": 48, "points": 0, "margin": -1.83333333333331, "win": false, "score": 262.166666666667, "votes_given": 0, "votes_possible": 0, "forfeit": false}}, {"model": "results.teamscore", "pk": 27, "fields": {"ballot_submission": 14, "debate_team": 45, "points": 1, "margin": 0.5, "win": true, "score": 261.5, "votes_given": 0, "votes_possible": 0, "forfeit": false}}, {"model": "results.teamscore", "pk": 28, "fields": {"ballot_submission": 14, "debate_team": 46, "points": 0, "margin": -0.5, "win": false, "score": 261.0, "votes_given": 0, "votes_possible": 0, "forfeit": false}}, {"model": "results.teamscore", "pk": 29, "fields": {"ballot_submission": 15, "debate_team": 43, "points": 0, "margin": -1.75, "win": false, "score": 261.25, "votes_given": 0, "votes_possible": 0, "forfeit": false}}, {"model": "results.teamscore", "pk": 30, "fields": {"ballot_submission": 15, "debate_team": 44, "points": 1, "margin": 1.75, "win": true, "score": 263.0, "votes_given": 0, "votes_possible": 0, "forfeit": false}}, {"model": "results.teamscore", "pk": 31, "fields": {"ballot_submission": 16, "debate_team": 41, "points": 1, "margin": 2.0, "win": true, "score": 263.666666666667, "votes_given": 0, "votes_possible": 0, "forfeit": false}}, {"model": "results.teamscore", "pk": 32, "fields": {"ballot_submission": 16, "debate_team": 42, "points": 0, "margin": -2.0, "win": false, "score": 261.666666666667, "votes_given": 0, "votes_possible": 0, "forfeit": false}}, {"model": "results.teamscore", "pk": 33, "fields": {"ballot_submission": 17, "debate_team": 39, "points": 0, "margin": -2.0, "win": false, "score": 260.0, "votes_given": 0, "votes_possible": 0, "forfeit": false}}, {"model": "results.teamscore", "pk": 34, "fields": {"ballot_submission": 17, "debate_team": 40, "points": 1, "margin": 2.0, "win": true, "score": 262.0, "votes_given": 0, "votes_possible": 0, "forfeit": false}}, {"model": "results.teamscore", "pk": 35, "fields": {"ballot_submission": 18, "debate_team": 37, "points": 1, "margin": 0.5, "win": true, "score": 263.0, "votes_given": 0, "votes_possible": 0, "forfeit": false}}, {"model": "results.teamscore", "pk": 36, "fields": {"ballot_submission": 18, "debate_team": 38, "points": 0, "margin": -0.5, "win": false, "score": 262.5, "votes_given": 0, "votes_possible": 0, "forfeit": false}}, {"model": "results.teamscore", "pk": 37, "fields": {"ballot_submission": 19, "debate_team": 35, "points": 1, "margin": 3.0, "win": true, "score": 265.0, "votes_given": 0, "votes_possible": 0, "forfeit": false}}, {"model": "results.teamscore", "pk": 38, "fields": {"ballot_submission": 19, "debate_team": 36, "points": 0, "margin": -3.0, "win": false, "score": 262.0, "votes_given": 0, "votes_possible": 0, "forfeit": false}}, {"model": "results.teamscore", "pk": 39, "fields": {"ballot_submission": 20, "debate_team": 33, "points": 1, "margin": 2.0, "win": true, "score": 261.0, "votes_given": 0, "votes_possible": 0, "forfeit": false}}, {"model": "results.teamscore", "pk": 40, "fields": {"ballot_submission": 20, "debate_team": 34, "points": 0, "margin": -2.0, "win": false, "score": 259.0, "votes_given": 0, "votes_possible": 0, "forfeit": false}}, {"model": "results.teamscore", "pk": 41, "fields": {"ballot_submission": 21, "debate_team": 31, "points": 0, "margin": -0.5, "win": false, "score": 264.5, "votes_given": 0, "votes_possible": 0, "forfeit": false}}, {"model": "results.teamscore", "pk": 42, "fields": {"ballot_submission": 21, "debate_team": 32, "points": 1, "margin": 0.5, "win": true, "score": 265.0, "votes_given": 0, "votes_possible": 0, "forfeit": false}}, {"model": "results.teamscore", "pk": 43, "fields": {"ballot_submission": 22, "debate_team": 29, "points": 0, "margin": -6.0, "win": false, "score": 260.0, "votes_given": 0, "votes_possible": 0, "forfeit": false}}, {"model": "results.teamscore", "pk": 44, "fields": {"ballot_submission": 22, "debate_team": 30, "points": 1, "margin": 6.0, "win": true, "score": 266.0, "votes_given": 0, "votes_possible": 0, "forfeit": false}}, {"model": "results.teamscore", "pk": 45, "fields": {"ballot_submission": 23, "debate_team": 27, "points": 0, "margin": -1.5, "win": false, "score": 261.0, "votes_given": 0, "votes_possible": 0, "forfeit": false}}, {"model": "results.teamscore", "pk": 46, "fields": {"ballot_submission": 23, "debate_team": 28, "points": 1, "margin": 1.5, "win": true, "score": 262.5, "votes_given": 0, "votes_possible": 0, "forfeit": false}}, {"model": "results.teamscore", "pk": 47, "fields": {"ballot_submission": 24, "debate_team": 25, "points": 1, "margin": 7.5, "win": true, "score": 262.0, "votes_given": 0, "votes_possible": 0, "forfeit": false}}, {"model": "results.teamscore", "pk": 48, "fields": {"ballot_submission": 24, "debate_team": 26, "points": 0, "margin": -7.5, "win": false, "score": 254.5, "votes_given": 0, "votes_possible": 0, "forfeit": false}}, {"model": "results.teamscore", "pk": 49, "fields": {"ballot_submission": 25, "debate_team": 49, "points": 0, "margin": -2.5, "win": false, "score": 261.5, "votes_given": 0, "votes_possible": 0, "forfeit": false}}, {"model": "results.teamscore", "pk": 50, "fields": {"ballot_submission": 25, "debate_team": 50, "points": 1, "margin": 2.5, "win": true, "score": 264.0, "votes_given": 0, "votes_possible": 0, "forfeit": false}}, {"model": "results.teamscore", "pk": 51, "fields": {"ballot_submission": 26, "debate_team": 51, "points": 0, "margin": -2.5, "win": false, "score": 259.5, "votes_given": 0, "votes_possible": 0, "forfeit": false}}, {"model": "results.teamscore", "pk": 52, "fields": {"ballot_submission": 26, "debate_team": 52, "points": 1, "margin": 2.5, "win": true, "score": 262.0, "votes_given": 0, "votes_possible": 0, "forfeit": false}}, {"model": "results.teamscore", "pk": 53, "fields": {"ballot_submission": 27, "debate_team": 53, "points": 0, "margin": -4.0, "win": false, "score": 259.5, "votes_given": 0, "votes_possible": 0, "forfeit": false}}, {"model": "results.teamscore", "pk": 54, "fields": {"ballot_submission": 27, "debate_team": 54, "points": 1, "margin": 4.0, "win": true, "score": 263.5, "votes_given": 0, "votes_possible": 0, "forfeit": false}}, {"model": "results.teamscore", "pk": 55, "fields": {"ballot_submission": 28, "debate_team": 55, "points": 0, "margin": -3.25, "win": false, "score": 260.75, "votes_given": 0, "votes_possible": 0, "forfeit": false}}, {"model": "results.teamscore", "pk": 56, "fields": {"ballot_submission": 28, "debate_team": 56, "points": 1, "margin": 3.25, "win": true, "score": 264.0, "votes_given": 0, "votes_possible": 0, "forfeit": false}}, {"model": "results.teamscore", "pk": 57, "fields": {"ballot_submission": 29, "debate_team": 57, "points": 0, "margin": -5.25, "win": false, "score": 262.25, "votes_given": 0, "votes_possible": 0, "forfeit": false}}, {"model": "results.teamscore", "pk": 58, "fields": {"ballot_submission": 29, "debate_team": 58, "points": 1, "margin": 5.25, "win": true, "score": 267.5, "votes_given": 0, "votes_possible": 0, "forfeit": false}}, {"model": "results.teamscore", "pk": 59, "fields": {"ballot_submission": 30, "debate_team": 59, "points": 1, "margin": 7.0, "win": true, "score": 266.0, "votes_given": 0, "votes_possible": 0, "forfeit": false}}, {"model": "results.teamscore", "pk": 60, "fields": {"ballot_submission": 30, "debate_team": 60, "points": 0, "margin": -7.0, "win": false, "score": 259.0, "votes_given": 0, "votes_possible": 0, "forfeit": false}}, {"model": "results.teamscore", "pk": 61, "fields": {"ballot_submission": 31, "debate_team": 61, "points": 0, "margin": -5.5, "win": false, "score": 260.5, "votes_given": 0, "votes_possible": 0, "forfeit": false}}, {"model": "results.teamscore", "pk": 62, "fields": {"ballot_submission": 31, "debate_team": 62, "points": 1, "margin": 5.5, "win": true, "score": 266.0, "votes_given": 0, "votes_possible": 0, "forfeit": false}}, {"model": "results.teamscore", "pk": 63, "fields": {"ballot_submission": 32, "debate_team": 63, "points": 1, "margin": 5.5, "win": true, "score": 258.5, "votes_given": 0, "votes_possible": 0, "forfeit": false}}, {"model": "results.teamscore", "pk": 64, "fields": {"ballot_submission": 32, "debate_team": 64, "points": 0, "margin": -5.5, "win": false, "score": 253.0, "votes_given": 0, "votes_possible": 0, "forfeit": false}}, {"model": "results.teamscore", "pk": 65, "fields": {"ballot_submission": 33, "debate_team": 65, "points": 0, "margin": -6.5, "win": false, "score": 255.5, "votes_given": 0, "votes_possible": 0, "forfeit": false}}, {"model": "results.teamscore", "pk": 66, "fields": {"ballot_submission": 33, "debate_team": 66, "points": 1, "margin": 6.5, "win": true, "score": 262.0, "votes_given": 0, "votes_possible": 0, "forfeit": false}}, {"model": "results.teamscore", "pk": 67, "fields": {"ballot_submission": 34, "debate_team": 67, "points": 1, "margin": 7.75, "win": true, "score": 266.75, "votes_given": 0, "votes_possible": 0, "forfeit": false}}, {"model": "results.teamscore", "pk": 68, "fields": {"ballot_submission": 34, "debate_team": 68, "points": 0, "margin": -7.75, "win": false, "score": 259.0, "votes_given": 0, "votes_possible": 0, "forfeit": false}}, {"model": "results.teamscore", "pk": 69, "fields": {"ballot_submission": 35, "debate_team": 69, "points": 1, "margin": 4.25, "win": true, "score": 261.5, "votes_given": 0, "votes_possible": 0, "forfeit": false}}, {"model": "results.teamscore", "pk": 70, "fields": {"ballot_submission": 35, "debate_team": 70, "points": 0, "margin": -4.25, "win": false, "score": 257.25, "votes_given": 0, "votes_possible": 0, "forfeit": false}}, {"model": "results.teamscore", "pk": 71, "fields": {"ballot_submission": 36, "debate_team": 71, "points": 0, "margin": -1.5, "win": false, "score": 261.0, "votes_given": 0, "votes_possible": 0, "forfeit": false}}, {"model": "results.teamscore", "pk": 72, "fields": {"ballot_submission": 36, "debate_team": 72, "points": 1, "margin": 1.5, "win": true, "score": 262.5, "votes_given": 0, "votes_possible": 0, "forfeit": false}}, {"model": "results.teamscore", "pk": 73, "fields": {"ballot_submission": 37, "debate_team": 73, "points": 0, "margin": -5.5, "win": false, "score": 259.0, "votes_given": 0, "votes_possible": 0, "forfeit": false}}, {"model": "results.teamscore", "pk": 74, "fields": {"ballot_submission": 37, "debate_team": 74, "points": 1, "margin": 5.5, "win": true, "score": 264.5, "votes_given": 0, "votes_possible": 0, "forfeit": false}}, {"model": "results.teamscore", "pk": 75, "fields": {"ballot_submission": 38, "debate_team": 75, "points": 0, "margin": -4.0, "win": false, "score": 258.0, "votes_given": 0, "votes_possible": 0, "forfeit": false}}, {"model": "results.teamscore", "pk": 76, "fields": {"ballot_submission": 38, "debate_team": 76, "points": 1, "margin": 4.0, "win": true, "score": 262.0, "votes_given": 0, "votes_possible": 0, "forfeit": false}}, {"model": "results.teamscore", "pk": 77, "fields": {"ballot_submission": 39, "debate_team": 77, "points": 0, "margin": -6.0, "win": false, "score": 256.5, "votes_given": 0, "votes_possible": 0, "forfeit": false}}, {"model": "results.teamscore", "pk": 78, "fields": {"ballot_submission": 39, "debate_team": 78, "points": 1, "margin": 6.0, "win": true, "score": 262.5, "votes_given": 0, "votes_possible": 0, "forfeit": false}}, {"model": "results.teamscore", "pk": 79, "fields": {"ballot_submission": 40, "debate_team": 79, "points": 0, "margin": -2.33333333333337, "win": false, "score": 261.833333333333, "votes_given": 0, "votes_possible": 0, "forfeit": false}}, {"model": "results.teamscore", "pk": 80, "fields": {"ballot_submission": 40, "debate_team": 80, "points": 1, "margin": 2.33333333333337, "win": true, "score": 264.166666666667, "votes_given": 0, "votes_possible": 0, "forfeit": false}}, {"model": "results.teamscore", "pk": 81, "fields": {"ballot_submission": 41, "debate_team": 81, "points": 0, "margin": -4.25, "win": false, "score": 262.25, "votes_given": 0, "votes_possible": 0, "forfeit": false}}, {"model": "results.teamscore", "pk": 82, "fields": {"ballot_submission": 41, "debate_team": 82, "points": 1, "margin": 4.25, "win": true, "score": 266.5, "votes_given": 0, "votes_possible": 0, "forfeit": false}}, {"model": "results.teamscore", "pk": 83, "fields": {"ballot_submission": 42, "debate_team": 83, "points": 1, "margin": 3.16666666666669, "win": true, "score": 264.666666666667, "votes_given": 0, "votes_possible": 0, "forfeit": false}}, {"model": "results.teamscore", "pk": 84, "fields": {"ballot_submission": 42, "debate_team": 84, "points": 0, "margin": -3.16666666666669, "win": false, "score": 261.5, "votes_given": 0, "votes_possible": 0, "forfeit": false}}, {"model": "results.teamscore", "pk": 85, "fields": {"ballot_submission": 43, "debate_team": 85, "points": 0, "margin": -5.83333333333331, "win": false, "score": 260.5, "votes_given": 0, "votes_possible": 0, "forfeit": false}}, {"model": "results.teamscore", "pk": 86, "fields": {"ballot_submission": 43, "debate_team": 86, "points": 1, "margin": 5.83333333333331, "win": true, "score": 266.333333333333, "votes_given": 0, "votes_possible": 0, "forfeit": false}}, {"model": "results.teamscore", "pk": 87, "fields": {"ballot_submission": 44, "debate_team": 87, "points": 1, "margin": 10.0, "win": true, "score": 267.5, "votes_given": 0, "votes_possible": 0, "forfeit": false}}, {"model": "results.teamscore", "pk": 88, "fields": {"ballot_submission": 44, "debate_team": 88, "points": 0, "margin": -10.0, "win": false, "score": 257.5, "votes_given": 0, "votes_possible": 0, "forfeit": false}}, {"model": "results.teamscore", "pk": 89, "fields": {"ballot_submission": 45, "debate_team": 89, "points": 0, "margin": -1.0, "win": false, "score": 262.5, "votes_given": 0, "votes_possible": 0, "forfeit": false}}, {"model": "results.teamscore", "pk": 90, "fields": {"ballot_submission": 45, "debate_team": 90, "points": 1, "margin": 1.0, "win": true, "score": 263.5, "votes_given": 0, "votes_possible": 0, "forfeit": false}}, {"model": "results.teamscore", "pk": 91, "fields": {"ballot_submission": 46, "debate_team": 91, "points": 0, "margin": -1.0, "win": false, "score": 268.0, "votes_given": 0, "votes_possible": 0, "forfeit": false}}, {"model": "results.teamscore", "pk": 92, "fields": {"ballot_submission": 46, "debate_team": 92, "points": 1, "margin": 1.0, "win": true, "score": 269.0, "votes_given": 0, "votes_possible": 0, "forfeit": false}}, {"model": "results.teamscore", "pk": 93, "fields": {"ballot_submission": 47, "debate_team": 93, "points": 0, "margin": -7.5, "win": false, "score": 258.5, "votes_given": 0, "votes_possible": 0, "forfeit": false}}, {"model": "results.teamscore", "pk": 94, "fields": {"ballot_submission": 47, "debate_team": 94, "points": 1, "margin": 7.5, "win": true, "score": 266.0, "votes_given": 0, "votes_possible": 0, "forfeit": false}}, {"model": "results.teamscore", "pk": 95, "fields": {"ballot_submission": 48, "debate_team": 95, "points": 1, "margin": 8.0, "win": true, "score": 266.5, "votes_given": 0, "votes_possible": 0, "forfeit": false}}, {"model": "results.teamscore", "pk": 96, "fields": {"ballot_submission": 48, "debate_team": 96, "points": 0, "margin": -8.0, "win": false, "score": 258.5, "votes_given": 0, "votes_possible": 0, "forfeit": false}}, {"model": "results.speakerscore", "pk": 1, "fields": {"ballot_submission": 1, "debate_team": 23, "speaker": 40, "score": 73.0, "position": 1}}, {"model": "results.speakerscore", "pk": 2, "fields": {"ballot_submission": 1, "debate_team": 23, "speaker": 41, "score": 75.0, "position": 2}}, {"model": "results.speakerscore", "pk": 3, "fields": {"ballot_submission": 1, "debate_team": 23, "speaker": 42, "score": 73.0, "position": 3}}, {"model": "results.speakerscore", "pk": 4, "fields": {"ballot_submission": 1, "debate_team": 23, "speaker": 40, "score": 38.0, "position": 4}}, {"model": "results.speakerscore", "pk": 5, "fields": {"ballot_submission": 1, "debate_team": 24, "speaker": 54, "score": 73.0, "position": 1}}, {"model": "results.speakerscore", "pk": 6, "fields": {"ballot_submission": 1, "debate_team": 24, "speaker": 53, "score": 73.0, "position": 2}}, {"model": "results.speakerscore", "pk": 7, "fields": {"ballot_submission": 1, "debate_team": 24, "speaker": 52, "score": 78.0, "position": 3}}, {"model": "results.speakerscore", "pk": 8, "fields": {"ballot_submission": 1, "debate_team": 24, "speaker": 54, "score": 37.5, "position": 4}}, {"model": "results.speakerscore", "pk": 9, "fields": {"ballot_submission": 2, "debate_team": 21, "speaker": 10, "score": 76.0, "position": 1}}, {"model": "results.speakerscore", "pk": 10, "fields": {"ballot_submission": 2, "debate_team": 21, "speaker": 11, "score": 77.0, "position": 2}}, {"model": "results.speakerscore", "pk": 11, "fields": {"ballot_submission": 2, "debate_team": 21, "speaker": 12, "score": 76.0, "position": 3}}, {"model": "results.speakerscore", "pk": 12, "fields": {"ballot_submission": 2, "debate_team": 21, "speaker": 10, "score": 37.5, "position": 4}}, {"model": "results.speakerscore", "pk": 13, "fields": {"ballot_submission": 2, "debate_team": 22, "speaker": 23, "score": 77.0, "position": 1}}, {"model": "results.speakerscore", "pk": 14, "fields": {"ballot_submission": 2, "debate_team": 22, "speaker": 24, "score": 75.0, "position": 2}}, {"model": "results.speakerscore", "pk": 15, "fields": {"ballot_submission": 2, "debate_team": 22, "speaker": 22, "score": 76.0, "position": 3}}, {"model": "results.speakerscore", "pk": 16, "fields": {"ballot_submission": 2, "debate_team": 22, "speaker": 23, "score": 39.0, "position": 4}}, {"model": "results.speakerscore", "pk": 17, "fields": {"ballot_submission": 3, "debate_team": 19, "speaker": 69, "score": 72.0, "position": 1}}, {"model": "results.speakerscore", "pk": 18, "fields": {"ballot_submission": 3, "debate_team": 19, "speaker": 68, "score": 75.0, "position": 2}}, {"model": "results.speakerscore", "pk": 19, "fields": {"ballot_submission": 3, "debate_team": 19, "speaker": 67, "score": 77.0, "position": 3}}, {"model": "results.speakerscore", "pk": 20, "fields": {"ballot_submission": 3, "debate_team": 19, "speaker": 69, "score": 37.5, "position": 4}}, {"model": "results.speakerscore", "pk": 21, "fields": {"ballot_submission": 3, "debate_team": 20, "speaker": 33, "score": 78.0, "position": 1}}, {"model": "results.speakerscore", "pk": 22, "fields": {"ballot_submission": 3, "debate_team": 20, "speaker": 31, "score": 74.0, "position": 2}}, {"model": "results.speakerscore", "pk": 23, "fields": {"ballot_submission": 3, "debate_team": 20, "speaker": 32, "score": 74.0, "position": 3}}, {"model": "results.speakerscore", "pk": 24, "fields": {"ballot_submission": 3, "debate_team": 20, "speaker": 33, "score": 39.0, "position": 4}}, {"model": "results.speakerscore", "pk": 25, "fields": {"ballot_submission": 4, "debate_team": 17, "speaker": 49, "score": 74.0, "position": 1}}, {"model": "results.speakerscore", "pk": 26, "fields": {"ballot_submission": 4, "debate_team": 17, "speaker": 50, "score": 73.0, "position": 2}}, {"model": "results.speakerscore", "pk": 27, "fields": {"ballot_submission": 4, "debate_team": 17, "speaker": 51, "score": 73.0, "position": 3}}, {"model": "results.speakerscore", "pk": 28, "fields": {"ballot_submission": 4, "debate_team": 17, "speaker": 49, "score": 37.5, "position": 4}}, {"model": "results.speakerscore", "pk": 29, "fields": {"ballot_submission": 4, "debate_team": 18, "speaker": 1, "score": 77.0, "position": 1}}, {"model": "results.speakerscore", "pk": 30, "fields": {"ballot_submission": 4, "debate_team": 18, "speaker": 3, "score": 74.0, "position": 2}}, {"model": "results.speakerscore", "pk": 31, "fields": {"ballot_submission": 4, "debate_team": 18, "speaker": 2, "score": 74.0, "position": 3}}, {"model": "results.speakerscore", "pk": 32, "fields": {"ballot_submission": 4, "debate_team": 18, "speaker": 1, "score": 37.0, "position": 4}}, {"model": "results.speakerscore", "pk": 33, "fields": {"ballot_submission": 5, "debate_team": 15, "speaker": 55, "score": 75.0, "position": 1}}, {"model": "results.speakerscore", "pk": 34, "fields": {"ballot_submission": 5, "debate_team": 15, "speaker": 57, "score": 74.0, "position": 2}}, {"model": "results.speakerscore", "pk": 35, "fields": {"ballot_submission": 5, "debate_team": 15, "speaker": 56, "score": 74.0, "position": 3}}, {"model": "results.speakerscore", "pk": 36, "fields": {"ballot_submission": 5, "debate_team": 15, "speaker": 55, "score": 37.5, "position": 4}}, {"model": "results.speakerscore", "pk": 37, "fields": {"ballot_submission": 5, "debate_team": 16, "speaker": 45, "score": 74.0, "position": 1}}, {"model": "results.speakerscore", "pk": 38, "fields": {"ballot_submission": 5, "debate_team": 16, "speaker": 44, "score": 76.0, "position": 2}}, {"model": "results.speakerscore", "pk": 39, "fields": {"ballot_submission": 5, "debate_team": 16, "speaker": 43, "score": 72.0, "position": 3}}, {"model": "results.speakerscore", "pk": 40, "fields": {"ballot_submission": 5, "debate_team": 16, "speaker": 45, "score": 39.0, "position": 4}}, {"model": "results.speakerscore", "pk": 41, "fields": {"ballot_submission": 6, "debate_team": 13, "speaker": 34, "score": 72.0, "position": 1}}, {"model": "results.speakerscore", "pk": 42, "fields": {"ballot_submission": 6, "debate_team": 13, "speaker": 35, "score": 74.0, "position": 2}}, {"model": "results.speakerscore", "pk": 43, "fields": {"ballot_submission": 6, "debate_team": 13, "speaker": 36, "score": 72.0, "position": 3}}, {"model": "results.speakerscore", "pk": 44, "fields": {"ballot_submission": 6, "debate_team": 13, "speaker": 34, "score": 37.5, "position": 4}}, {"model": "results.speakerscore", "pk": 45, "fields": {"ballot_submission": 6, "debate_team": 14, "speaker": 48, "score": 75.0, "position": 1}}, {"model": "results.speakerscore", "pk": 46, "fields": {"ballot_submission": 6, "debate_team": 14, "speaker": 46, "score": 74.0, "position": 2}}, {"model": "results.speakerscore", "pk": 47, "fields": {"ballot_submission": 6, "debate_team": 14, "speaker": 47, "score": 78.0, "position": 3}}, {"model": "results.speakerscore", "pk": 48, "fields": {"ballot_submission": 6, "debate_team": 14, "speaker": 48, "score": 36.0, "position": 4}}, {"model": "results.speakerscore", "pk": 49, "fields": {"ballot_submission": 7, "debate_team": 11, "speaker": 15, "score": 77.0, "position": 1}}, {"model": "results.speakerscore", "pk": 50, "fields": {"ballot_submission": 7, "debate_team": 11, "speaker": 13, "score": 78.0, "position": 2}}, {"model": "results.speakerscore", "pk": 51, "fields": {"ballot_submission": 7, "debate_team": 11, "speaker": 14, "score": 74.0, "position": 3}}, {"model": "results.speakerscore", "pk": 52, "fields": {"ballot_submission": 7, "debate_team": 11, "speaker": 15, "score": 38.0, "position": 4}}, {"model": "results.speakerscore", "pk": 53, "fields": {"ballot_submission": 7, "debate_team": 12, "speaker": 29, "score": 75.0, "position": 1}}, {"model": "results.speakerscore", "pk": 54, "fields": {"ballot_submission": 7, "debate_team": 12, "speaker": 28, "score": 76.0, "position": 2}}, {"model": "results.speakerscore", "pk": 55, "fields": {"ballot_submission": 7, "debate_team": 12, "speaker": 30, "score": 75.0, "position": 3}}, {"model": "results.speakerscore", "pk": 56, "fields": {"ballot_submission": 7, "debate_team": 12, "speaker": 29, "score": 38.5, "position": 4}}, {"model": "results.speakerscore", "pk": 57, "fields": {"ballot_submission": 8, "debate_team": 9, "speaker": 17, "score": 76.6666666666667, "position": 1}}, {"model": "results.speakerscore", "pk": 58, "fields": {"ballot_submission": 8, "debate_team": 9, "speaker": 16, "score": 75.6666666666667, "position": 2}}, {"model": "results.speakerscore", "pk": 59, "fields": {"ballot_submission": 8, "debate_team": 9, "speaker": 18, "score": 76.0, "position": 3}}, {"model": "results.speakerscore", "pk": 60, "fields": {"ballot_submission": 8, "debate_team": 9, "speaker": 17, "score": 37.6666666666667, "position": 4}}, {"model": "results.speakerscore", "pk": 61, "fields": {"ballot_submission": 8, "debate_team": 10, "speaker": 64, "score": 74.0, "position": 1}}, {"model": "results.speakerscore", "pk": 62, "fields": {"ballot_submission": 8, "debate_team": 10, "speaker": 66, "score": 76.0, "position": 2}}, {"model": "results.speakerscore", "pk": 63, "fields": {"ballot_submission": 8, "debate_team": 10, "speaker": 65, "score": 74.3333333333333, "position": 3}}, {"model": "results.speakerscore", "pk": 64, "fields": {"ballot_submission": 8, "debate_team": 10, "speaker": 64, "score": 37.0, "position": 4}}, {"model": "results.speakerscore", "pk": 65, "fields": {"ballot_submission": 9, "debate_team": 7, "speaker": 21, "score": 77.5, "position": 1}}, {"model": "results.speakerscore", "pk": 66, "fields": {"ballot_submission": 9, "debate_team": 7, "speaker": 20, "score": 74.5, "position": 2}}, {"model": "results.speakerscore", "pk": 67, "fields": {"ballot_submission": 9, "debate_team": 7, "speaker": 19, "score": 76.5, "position": 3}}, {"model": "results.speakerscore", "pk": 68, "fields": {"ballot_submission": 9, "debate_team": 7, "speaker": 21, "score": 37.5, "position": 4}}, {"model": "results.speakerscore", "pk": 69, "fields": {"ballot_submission": 9, "debate_team": 8, "speaker": 72, "score": 76.0, "position": 1}}, {"model": "results.speakerscore", "pk": 70, "fields": {"ballot_submission": 9, "debate_team": 8, "speaker": 71, "score": 73.5, "position": 2}}, {"model": "results.speakerscore", "pk": 71, "fields": {"ballot_submission": 9, "debate_team": 8, "speaker": 70, "score": 74.5, "position": 3}}, {"model": "results.speakerscore", "pk": 72, "fields": {"ballot_submission": 9, "debate_team": 8, "speaker": 72, "score": 37.0, "position": 4}}, {"model": "results.speakerscore", "pk": 73, "fields": {"ballot_submission": 10, "debate_team": 5, "speaker": 5, "score": 75.6666666666667, "position": 1}}, {"model": "results.speakerscore", "pk": 74, "fields": {"ballot_submission": 10, "debate_team": 5, "speaker": 4, "score": 77.6666666666667, "position": 2}}, {"model": "results.speakerscore", "pk": 75, "fields": {"ballot_submission": 10, "debate_team": 5, "speaker": 6, "score": 75.6666666666667, "position": 3}}, {"model": "results.speakerscore", "pk": 76, "fields": {"ballot_submission": 10, "debate_team": 5, "speaker": 5, "score": 37.8333333333333, "position": 4}}, {"model": "results.speakerscore", "pk": 77, "fields": {"ballot_submission": 10, "debate_team": 6, "speaker": 38, "score": 75.3333333333333, "position": 1}}, {"model": "results.speakerscore", "pk": 78, "fields": {"ballot_submission": 10, "debate_team": 6, "speaker": 37, "score": 74.3333333333333, "position": 2}}, {"model": "results.speakerscore", "pk": 79, "fields": {"ballot_submission": 10, "debate_team": 6, "speaker": 39, "score": 75.0, "position": 3}}, {"model": "results.speakerscore", "pk": 80, "fields": {"ballot_submission": 10, "debate_team": 6, "speaker": 38, "score": 36.8333333333333, "position": 4}}, {"model": "results.speakerscore", "pk": 81, "fields": {"ballot_submission": 11, "debate_team": 3, "speaker": 59, "score": 74.0, "position": 1}}, {"model": "results.speakerscore", "pk": 82, "fields": {"ballot_submission": 11, "debate_team": 3, "speaker": 58, "score": 74.5, "position": 2}}, {"model": "results.speakerscore", "pk": 83, "fields": {"ballot_submission": 11, "debate_team": 3, "speaker": 60, "score": 77.0, "position": 3}}, {"model": "results.speakerscore", "pk": 84, "fields": {"ballot_submission": 11, "debate_team": 3, "speaker": 59, "score": 36.25, "position": 4}}, {"model": "results.speakerscore", "pk": 85, "fields": {"ballot_submission": 11, "debate_team": 4, "speaker": 25, "score": 76.5, "position": 1}}, {"model": "results.speakerscore", "pk": 86, "fields": {"ballot_submission": 11, "debate_team": 4, "speaker": 27, "score": 74.5, "position": 2}}, {"model": "results.speakerscore", "pk": 87, "fields": {"ballot_submission": 11, "debate_team": 4, "speaker": 26, "score": 75.5, "position": 3}}, {"model": "results.speakerscore", "pk": 88, "fields": {"ballot_submission": 11, "debate_team": 4, "speaker": 25, "score": 38.0, "position": 4}}, {"model": "results.speakerscore", "pk": 89, "fields": {"ballot_submission": 12, "debate_team": 1, "speaker": 7, "score": 77.5, "position": 1}}, {"model": "results.speakerscore", "pk": 90, "fields": {"ballot_submission": 12, "debate_team": 1, "speaker": 8, "score": 75.0, "position": 2}}, {"model": "results.speakerscore", "pk": 91, "fields": {"ballot_submission": 12, "debate_team": 1, "speaker": 9, "score": 76.0, "position": 3}}, {"model": "results.speakerscore", "pk": 92, "fields": {"ballot_submission": 12, "debate_team": 1, "speaker": 7, "score": 37.75, "position": 4}}, {"model": "results.speakerscore", "pk": 93, "fields": {"ballot_submission": 12, "debate_team": 2, "speaker": 61, "score": 77.5, "position": 1}}, {"model": "results.speakerscore", "pk": 94, "fields": {"ballot_submission": 12, "debate_team": 2, "speaker": 63, "score": 75.0, "position": 2}}, {"model": "results.speakerscore", "pk": 95, "fields": {"ballot_submission": 12, "debate_team": 2, "speaker": 62, "score": 75.5, "position": 3}}, {"model": "results.speakerscore", "pk": 96, "fields": {"ballot_submission": 12, "debate_team": 2, "speaker": 61, "score": 37.0, "position": 4}}, {"model": "results.speakerscore", "pk": 97, "fields": {"ballot_submission": 13, "debate_team": 47, "speaker": 29, "score": 74.6666666666667, "position": 1}}, {"model": "results.speakerscore", "pk": 98, "fields": {"ballot_submission": 13, "debate_team": 47, "speaker": 28, "score": 76.3333333333333, "position": 2}}, {"model": "results.speakerscore", "pk": 99, "fields": {"ballot_submission": 13, "debate_team": 47, "speaker": 30, "score": 76.3333333333333, "position": 3}}, {"model": "results.speakerscore", "pk": 100, "fields": {"ballot_submission": 13, "debate_team": 47, "speaker": 29, "score": 36.6666666666667, "position": 4}}, {"model": "results.speakerscore", "pk": 101, "fields": {"ballot_submission": 13, "debate_team": 48, "speaker": 55, "score": 75.0, "position": 1}}, {"model": "results.speakerscore", "pk": 102, "fields": {"ballot_submission": 13, "debate_team": 48, "speaker": 57, "score": 73.0, "position": 2}}, {"model": "results.speakerscore", "pk": 103, "fields": {"ballot_submission": 13, "debate_team": 48, "speaker": 56, "score": 76.3333333333333, "position": 3}}, {"model": "results.speakerscore", "pk": 104, "fields": {"ballot_submission": 13, "debate_team": 48, "speaker": 55, "score": 37.8333333333333, "position": 4}}, {"model": "results.speakerscore", "pk": 105, "fields": {"ballot_submission": 14, "debate_team": 45, "speaker": 25, "score": 72.0, "position": 1}}, {"model": "results.speakerscore", "pk": 106, "fields": {"ballot_submission": 14, "debate_team": 45, "speaker": 27, "score": 78.0, "position": 2}}, {"model": "results.speakerscore", "pk": 107, "fields": {"ballot_submission": 14, "debate_team": 45, "speaker": 26, "score": 73.0, "position": 3}}, {"model": "results.speakerscore", "pk": 108, "fields": {"ballot_submission": 14, "debate_team": 45, "speaker": 25, "score": 38.5, "position": 4}}, {"model": "results.speakerscore", "pk": 109, "fields": {"ballot_submission": 14, "debate_team": 46, "speaker": 23, "score": 72.0, "position": 1}}, {"model": "results.speakerscore", "pk": 110, "fields": {"ballot_submission": 14, "debate_team": 46, "speaker": 24, "score": 77.0, "position": 2}}, {"model": "results.speakerscore", "pk": 111, "fields": {"ballot_submission": 14, "debate_team": 46, "speaker": 22, "score": 74.0, "position": 3}}, {"model": "results.speakerscore", "pk": 112, "fields": {"ballot_submission": 14, "debate_team": 46, "speaker": 23, "score": 38.0, "position": 4}}, {"model": "results.speakerscore", "pk": 113, "fields": {"ballot_submission": 15, "debate_team": 43, "speaker": 40, "score": 73.5, "position": 1}}, {"model": "results.speakerscore", "pk": 114, "fields": {"ballot_submission": 15, "debate_team": 43, "speaker": 41, "score": 72.5, "position": 2}}, {"model": "results.speakerscore", "pk": 115, "fields": {"ballot_submission": 15, "debate_team": 43, "speaker": 42, "score": 77.5, "position": 3}}, {"model": "results.speakerscore", "pk": 116, "fields": {"ballot_submission": 15, "debate_team": 43, "speaker": 40, "score": 37.75, "position": 4}}, {"model": "results.speakerscore", "pk": 117, "fields": {"ballot_submission": 15, "debate_team": 44, "speaker": 59, "score": 75.0, "position": 1}}, {"model": "results.speakerscore", "pk": 118, "fields": {"ballot_submission": 15, "debate_team": 44, "speaker": 58, "score": 74.5, "position": 2}}, {"model": "results.speakerscore", "pk": 119, "fields": {"ballot_submission": 15, "debate_team": 44, "speaker": 60, "score": 75.5, "position": 3}}, {"model": "results.speakerscore", "pk": 120, "fields": {"ballot_submission": 15, "debate_team": 44, "speaker": 59, "score": 38.0, "position": 4}}, {"model": "results.speakerscore", "pk": 121, "fields": {"ballot_submission": 16, "debate_team": 41, "speaker": 49, "score": 75.0, "position": 1}}, {"model": "results.speakerscore", "pk": 122, "fields": {"ballot_submission": 16, "debate_team": 41, "speaker": 50, "score": 74.0, "position": 2}}, {"model": "results.speakerscore", "pk": 123, "fields": {"ballot_submission": 16, "debate_team": 41, "speaker": 51, "score": 75.6666666666667, "position": 3}}, {"model": "results.speakerscore", "pk": 124, "fields": {"ballot_submission": 16, "debate_team": 41, "speaker": 49, "score": 39.0, "position": 4}}, {"model": "results.speakerscore", "pk": 125, "fields": {"ballot_submission": 16, "debate_team": 42, "speaker": 69, "score": 75.3333333333333, "position": 1}}, {"model": "results.speakerscore", "pk": 126, "fields": {"ballot_submission": 16, "debate_team": 42, "speaker": 68, "score": 75.0, "position": 2}}, {"model": "results.speakerscore", "pk": 127, "fields": {"ballot_submission": 16, "debate_team": 42, "speaker": 67, "score": 74.0, "position": 3}}, {"model": "results.speakerscore", "pk": 128, "fields": {"ballot_submission": 16, "debate_team": 42, "speaker": 69, "score": 37.3333333333333, "position": 4}}, {"model": "results.speakerscore", "pk": 129, "fields": {"ballot_submission": 17, "debate_team": 39, "speaker": 72, "score": 73.0, "position": 1}}, {"model": "results.speakerscore", "pk": 130, "fields": {"ballot_submission": 17, "debate_team": 39, "speaker": 71, "score": 75.0, "position": 2}}, {"model": "results.speakerscore", "pk": 131, "fields": {"ballot_submission": 17, "debate_team": 39, "speaker": 70, "score": 74.5, "position": 3}}, {"model": "results.speakerscore", "pk": 132, "fields": {"ballot_submission": 17, "debate_team": 39, "speaker": 72, "score": 37.5, "position": 4}}, {"model": "results.speakerscore", "pk": 133, "fields": {"ballot_submission": 17, "debate_team": 40, "speaker": 61, "score": 76.0, "position": 1}}, {"model": "results.speakerscore", "pk": 134, "fields": {"ballot_submission": 17, "debate_team": 40, "speaker": 63, "score": 75.5, "position": 2}}, {"model": "results.speakerscore", "pk": 135, "fields": {"ballot_submission": 17, "debate_team": 40, "speaker": 62, "score": 74.0, "position": 3}}, {"model": "results.speakerscore", "pk": 136, "fields": {"ballot_submission": 17, "debate_team": 40, "speaker": 61, "score": 36.5, "position": 4}}, {"model": "results.speakerscore", "pk": 137, "fields": {"ballot_submission": 18, "debate_team": 37, "speaker": 33, "score": 72.0, "position": 1}}, {"model": "results.speakerscore", "pk": 138, "fields": {"ballot_submission": 18, "debate_team": 37, "speaker": 31, "score": 77.0, "position": 2}}, {"model": "results.speakerscore", "pk": 139, "fields": {"ballot_submission": 18, "debate_team": 37, "speaker": 32, "score": 76.0, "position": 3}}, {"model": "results.speakerscore", "pk": 140, "fields": {"ballot_submission": 18, "debate_team": 37, "speaker": 33, "score": 38.0, "position": 4}}, {"model": "results.speakerscore", "pk": 141, "fields": {"ballot_submission": 18, "debate_team": 38, "speaker": 15, "score": 75.0, "position": 1}}, {"model": "results.speakerscore", "pk": 142, "fields": {"ballot_submission": 18, "debate_team": 38, "speaker": 13, "score": 72.0, "position": 2}}, {"model": "results.speakerscore", "pk": 143, "fields": {"ballot_submission": 18, "debate_team": 38, "speaker": 14, "score": 78.0, "position": 3}}, {"model": "results.speakerscore", "pk": 144, "fields": {"ballot_submission": 18, "debate_team": 38, "speaker": 15, "score": 37.5, "position": 4}}, {"model": "results.speakerscore", "pk": 145, "fields": {"ballot_submission": 19, "debate_team": 35, "speaker": 1, "score": 73.0, "position": 1}}, {"model": "results.speakerscore", "pk": 146, "fields": {"ballot_submission": 19, "debate_team": 35, "speaker": 3, "score": 77.0, "position": 2}}, {"model": "results.speakerscore", "pk": 147, "fields": {"ballot_submission": 19, "debate_team": 35, "speaker": 2, "score": 76.0, "position": 3}}, {"model": "results.speakerscore", "pk": 148, "fields": {"ballot_submission": 19, "debate_team": 35, "speaker": 1, "score": 39.0, "position": 4}}, {"model": "results.speakerscore", "pk": 149, "fields": {"ballot_submission": 19, "debate_team": 36, "speaker": 17, "score": 74.0, "position": 1}}, {"model": "results.speakerscore", "pk": 150, "fields": {"ballot_submission": 19, "debate_team": 36, "speaker": 16, "score": 73.0, "position": 2}}, {"model": "results.speakerscore", "pk": 151, "fields": {"ballot_submission": 19, "debate_team": 36, "speaker": 18, "score": 76.0, "position": 3}}, {"model": "results.speakerscore", "pk": 152, "fields": {"ballot_submission": 19, "debate_team": 36, "speaker": 17, "score": 39.0, "position": 4}}, {"model": "results.speakerscore", "pk": 153, "fields": {"ballot_submission": 20, "debate_team": 33, "speaker": 54, "score": 73.0, "position": 1}}, {"model": "results.speakerscore", "pk": 154, "fields": {"ballot_submission": 20, "debate_team": 33, "speaker": 53, "score": 77.0, "position": 2}}, {"model": "results.speakerscore", "pk": 155, "fields": {"ballot_submission": 20, "debate_team": 33, "speaker": 52, "score": 75.0, "position": 3}}, {"model": "results.speakerscore", "pk": 156, "fields": {"ballot_submission": 20, "debate_team": 33, "speaker": 54, "score": 36.0, "position": 4}}, {"model": "results.speakerscore", "pk": 157, "fields": {"ballot_submission": 20, "debate_team": 34, "speaker": 7, "score": 76.0, "position": 1}}, {"model": "results.speakerscore", "pk": 158, "fields": {"ballot_submission": 20, "debate_team": 34, "speaker": 8, "score": 73.0, "position": 2}}, {"model": "results.speakerscore", "pk": 159, "fields": {"ballot_submission": 20, "debate_team": 34, "speaker": 9, "score": 72.0, "position": 3}}, {"model": "results.speakerscore", "pk": 160, "fields": {"ballot_submission": 20, "debate_team": 34, "speaker": 7, "score": 38.0, "position": 4}}, {"model": "results.speakerscore", "pk": 161, "fields": {"ballot_submission": 21, "debate_team": 31, "speaker": 64, "score": 77.0, "position": 1}}, {"model": "results.speakerscore", "pk": 162, "fields": {"ballot_submission": 21, "debate_team": 31, "speaker": 66, "score": 76.0, "position": 2}}, {"model": "results.speakerscore", "pk": 163, "fields": {"ballot_submission": 21, "debate_team": 31, "speaker": 65, "score": 75.0, "position": 3}}, {"model": "results.speakerscore", "pk": 164, "fields": {"ballot_submission": 21, "debate_team": 31, "speaker": 64, "score": 36.5, "position": 4}}, {"model": "results.speakerscore", "pk": 165, "fields": {"ballot_submission": 21, "debate_team": 32, "speaker": 10, "score": 78.0, "position": 1}}, {"model": "results.speakerscore", "pk": 166, "fields": {"ballot_submission": 21, "debate_team": 32, "speaker": 11, "score": 74.0, "position": 2}}, {"model": "results.speakerscore", "pk": 167, "fields": {"ballot_submission": 21, "debate_team": 32, "speaker": 12, "score": 75.0, "position": 3}}, {"model": "results.speakerscore", "pk": 168, "fields": {"ballot_submission": 21, "debate_team": 32, "speaker": 10, "score": 38.0, "position": 4}}, {"model": "results.speakerscore", "pk": 169, "fields": {"ballot_submission": 22, "debate_team": 29, "speaker": 45, "score": 74.0, "position": 1}}, {"model": "results.speakerscore", "pk": 170, "fields": {"ballot_submission": 22, "debate_team": 29, "speaker": 44, "score": 74.0, "position": 2}}, {"model": "results.speakerscore", "pk": 171, "fields": {"ballot_submission": 22, "debate_team": 29, "speaker": 43, "score": 74.0, "position": 3}}, {"model": "results.speakerscore", "pk": 172, "fields": {"ballot_submission": 22, "debate_team": 29, "speaker": 45, "score": 38.0, "position": 4}}, {"model": "results.speakerscore", "pk": 173, "fields": {"ballot_submission": 22, "debate_team": 30, "speaker": 21, "score": 73.0, "position": 1}}, {"model": "results.speakerscore", "pk": 174, "fields": {"ballot_submission": 22, "debate_team": 30, "speaker": 20, "score": 77.0, "position": 2}}, {"model": "results.speakerscore", "pk": 175, "fields": {"ballot_submission": 22, "debate_team": 30, "speaker": 19, "score": 77.0, "position": 3}}, {"model": "results.speakerscore", "pk": 176, "fields": {"ballot_submission": 22, "debate_team": 30, "speaker": 21, "score": 39.0, "position": 4}}, {"model": "results.speakerscore", "pk": 177, "fields": {"ballot_submission": 23, "debate_team": 27, "speaker": 38, "score": 74.5, "position": 1}}, {"model": "results.speakerscore", "pk": 178, "fields": {"ballot_submission": 23, "debate_team": 27, "speaker": 37, "score": 74.0, "position": 2}}, {"model": "results.speakerscore", "pk": 179, "fields": {"ballot_submission": 23, "debate_team": 27, "speaker": 39, "score": 75.0, "position": 3}}, {"model": "results.speakerscore", "pk": 180, "fields": {"ballot_submission": 23, "debate_team": 27, "speaker": 38, "score": 37.5, "position": 4}}, {"model": "results.speakerscore", "pk": 181, "fields": {"ballot_submission": 23, "debate_team": 28, "speaker": 34, "score": 76.5, "position": 1}}, {"model": "results.speakerscore", "pk": 182, "fields": {"ballot_submission": 23, "debate_team": 28, "speaker": 35, "score": 74.5, "position": 2}}, {"model": "results.speakerscore", "pk": 183, "fields": {"ballot_submission": 23, "debate_team": 28, "speaker": 36, "score": 74.0, "position": 3}}, {"model": "results.speakerscore", "pk": 184, "fields": {"ballot_submission": 23, "debate_team": 28, "speaker": 34, "score": 37.5, "position": 4}}, {"model": "results.speakerscore", "pk": 185, "fields": {"ballot_submission": 24, "debate_team": 25, "speaker": 48, "score": 72.0, "position": 1}}, {"model": "results.speakerscore", "pk": 186, "fields": {"ballot_submission": 24, "debate_team": 25, "speaker": 46, "score": 76.0, "position": 2}}, {"model": "results.speakerscore", "pk": 187, "fields": {"ballot_submission": 24, "debate_team": 25, "speaker": 47, "score": 76.0, "position": 3}}, {"model": "results.speakerscore", "pk": 188, "fields": {"ballot_submission": 24, "debate_team": 25, "speaker": 48, "score": 38.0, "position": 4}}, {"model": "results.speakerscore", "pk": 189, "fields": {"ballot_submission": 24, "debate_team": 26, "speaker": 5, "score": 74.0, "position": 1}}, {"model": "results.speakerscore", "pk": 190, "fields": {"ballot_submission": 24, "debate_team": 26, "speaker": 4, "score": 72.0, "position": 2}}, {"model": "results.speakerscore", "pk": 191, "fields": {"ballot_submission": 24, "debate_team": 26, "speaker": 6, "score": 72.0, "position": 3}}, {"model": "results.speakerscore", "pk": 192, "fields": {"ballot_submission": 24, "debate_team": 26, "speaker": 5, "score": 36.5, "position": 4}}, {"model": "results.speakerscore", "pk": 193, "fields": {"ballot_submission": 25, "debate_team": 49, "speaker": 7, "score": 76.0, "position": 1}}, {"model": "results.speakerscore", "pk": 194, "fields": {"ballot_submission": 25, "debate_team": 49, "speaker": 8, "score": 73.0, "position": 2}}, {"model": "results.speakerscore", "pk": 195, "fields": {"ballot_submission": 25, "debate_team": 49, "speaker": 9, "score": 74.0, "position": 3}}, {"model": "results.speakerscore", "pk": 196, "fields": {"ballot_submission": 25, "debate_team": 49, "speaker": 7, "score": 38.5, "position": 4}}, {"model": "results.speakerscore", "pk": 197, "fields": {"ballot_submission": 25, "debate_team": 50, "speaker": 10, "score": 76.0, "position": 1}}, {"model": "results.speakerscore", "pk": 198, "fields": {"ballot_submission": 25, "debate_team": 50, "speaker": 11, "score": 73.0, "position": 2}}, {"model": "results.speakerscore", "pk": 199, "fields": {"ballot_submission": 25, "debate_team": 50, "speaker": 12, "score": 77.0, "position": 3}}, {"model": "results.speakerscore", "pk": 200, "fields": {"ballot_submission": 25, "debate_team": 50, "speaker": 10, "score": 38.0, "position": 4}}, {"model": "results.speakerscore", "pk": 201, "fields": {"ballot_submission": 26, "debate_team": 51, "speaker": 1, "score": 72.0, "position": 1}}, {"model": "results.speakerscore", "pk": 202, "fields": {"ballot_submission": 26, "debate_team": 51, "speaker": 3, "score": 74.0, "position": 2}}, {"model": "results.speakerscore", "pk": 203, "fields": {"ballot_submission": 26, "debate_team": 51, "speaker": 2, "score": 76.0, "position": 3}}, {"model": "results.speakerscore", "pk": 204, "fields": {"ballot_submission": 26, "debate_team": 51, "speaker": 1, "score": 37.5, "position": 4}}, {"model": "results.speakerscore", "pk": 205, "fields": {"ballot_submission": 26, "debate_team": 52, "speaker": 54, "score": 77.0, "position": 1}}, {"model": "results.speakerscore", "pk": 206, "fields": {"ballot_submission": 26, "debate_team": 52, "speaker": 53, "score": 72.0, "position": 2}}, {"model": "results.speakerscore", "pk": 207, "fields": {"ballot_submission": 26, "debate_team": 52, "speaker": 52, "score": 76.0, "position": 3}}, {"model": "results.speakerscore", "pk": 208, "fields": {"ballot_submission": 26, "debate_team": 52, "speaker": 54, "score": 37.0, "position": 4}}, {"model": "results.speakerscore", "pk": 209, "fields": {"ballot_submission": 27, "debate_team": 53, "speaker": 45, "score": 74.5, "position": 1}}, {"model": "results.speakerscore", "pk": 210, "fields": {"ballot_submission": 27, "debate_team": 53, "speaker": 44, "score": 73.5, "position": 2}}, {"model": "results.speakerscore", "pk": 211, "fields": {"ballot_submission": 27, "debate_team": 53, "speaker": 43, "score": 72.5, "position": 3}}, {"model": "results.speakerscore", "pk": 212, "fields": {"ballot_submission": 27, "debate_team": 53, "speaker": 45, "score": 39.0, "position": 4}}, {"model": "results.speakerscore", "pk": 213, "fields": {"ballot_submission": 27, "debate_team": 54, "speaker": 17, "score": 75.0, "position": 1}}, {"model": "results.speakerscore", "pk": 214, "fields": {"ballot_submission": 27, "debate_team": 54, "speaker": 16, "score": 77.5, "position": 2}}, {"model": "results.speakerscore", "pk": 215, "fields": {"ballot_submission": 27, "debate_team": 54, "speaker": 18, "score": 73.5, "position": 3}}, {"model": "results.speakerscore", "pk": 216, "fields": {"ballot_submission": 27, "debate_team": 54, "speaker": 17, "score": 37.5, "position": 4}}, {"model": "results.speakerscore", "pk": 217, "fields": {"ballot_submission": 28, "debate_team": 55, "speaker": 61, "score": 74.0, "position": 1}}, {"model": "results.speakerscore", "pk": 218, "fields": {"ballot_submission": 28, "debate_team": 55, "speaker": 63, "score": 73.5, "position": 2}}, {"model": "results.speakerscore", "pk": 219, "fields": {"ballot_submission": 28, "debate_team": 55, "speaker": 62, "score": 77.0, "position": 3}}, {"model": "results.speakerscore", "pk": 220, "fields": {"ballot_submission": 28, "debate_team": 55, "speaker": 61, "score": 36.25, "position": 4}}, {"model": "results.speakerscore", "pk": 221, "fields": {"ballot_submission": 28, "debate_team": 56, "speaker": 34, "score": 76.0, "position": 1}}, {"model": "results.speakerscore", "pk": 222, "fields": {"ballot_submission": 28, "debate_team": 56, "speaker": 35, "score": 75.5, "position": 2}}, {"model": "results.speakerscore", "pk": 223, "fields": {"ballot_submission": 28, "debate_team": 56, "speaker": 36, "score": 76.0, "position": 3}}, {"model": "results.speakerscore", "pk": 224, "fields": {"ballot_submission": 28, "debate_team": 56, "speaker": 34, "score": 36.5, "position": 4}}, {"model": "results.speakerscore", "pk": 225, "fields": {"ballot_submission": 29, "debate_team": 57, "speaker": 72, "score": 75.5, "position": 1}}, {"model": "results.speakerscore", "pk": 226, "fields": {"ballot_submission": 29, "debate_team": 57, "speaker": 71, "score": 72.5, "position": 2}}, {"model": "results.speakerscore", "pk": 227, "fields": {"ballot_submission": 29, "debate_team": 57, "speaker": 70, "score": 76.0, "position": 3}}, {"model": "results.speakerscore", "pk": 228, "fields": {"ballot_submission": 29, "debate_team": 57, "speaker": 72, "score": 38.25, "position": 4}}, {"model": "results.speakerscore", "pk": 229, "fields": {"ballot_submission": 29, "debate_team": 58, "speaker": 55, "score": 77.0, "position": 1}}, {"model": "results.speakerscore", "pk": 230, "fields": {"ballot_submission": 29, "debate_team": 58, "speaker": 57, "score": 76.0, "position": 2}}, {"model": "results.speakerscore", "pk": 231, "fields": {"ballot_submission": 29, "debate_team": 58, "speaker": 56, "score": 75.5, "position": 3}}, {"model": "results.speakerscore", "pk": 232, "fields": {"ballot_submission": 29, "debate_team": 58, "speaker": 55, "score": 39.0, "position": 4}}, {"model": "results.speakerscore", "pk": 233, "fields": {"ballot_submission": 30, "debate_team": 59, "speaker": 29, "score": 73.0, "position": 1}}, {"model": "results.speakerscore", "pk": 234, "fields": {"ballot_submission": 30, "debate_team": 59, "speaker": 28, "score": 76.0, "position": 2}}, {"model": "results.speakerscore", "pk": 235, "fields": {"ballot_submission": 30, "debate_team": 59, "speaker": 30, "score": 78.0, "position": 3}}, {"model": "results.speakerscore", "pk": 236, "fields": {"ballot_submission": 30, "debate_team": 59, "speaker": 29, "score": 39.0, "position": 4}}, {"model": "results.speakerscore", "pk": 237, "fields": {"ballot_submission": 30, "debate_team": 60, "speaker": 5, "score": 73.0, "position": 1}}, {"model": "results.speakerscore", "pk": 238, "fields": {"ballot_submission": 30, "debate_team": 60, "speaker": 4, "score": 73.0, "position": 2}}, {"model": "results.speakerscore", "pk": 239, "fields": {"ballot_submission": 30, "debate_team": 60, "speaker": 6, "score": 76.0, "position": 3}}, {"model": "results.speakerscore", "pk": 240, "fields": {"ballot_submission": 30, "debate_team": 60, "speaker": 5, "score": 37.0, "position": 4}}, {"model": "results.speakerscore", "pk": 241, "fields": {"ballot_submission": 31, "debate_team": 61, "speaker": 25, "score": 76.0, "position": 1}}, {"model": "results.speakerscore", "pk": 242, "fields": {"ballot_submission": 31, "debate_team": 61, "speaker": 27, "score": 74.0, "position": 2}}, {"model": "results.speakerscore", "pk": 243, "fields": {"ballot_submission": 31, "debate_team": 61, "speaker": 26, "score": 73.0, "position": 3}}, {"model": "results.speakerscore", "pk": 244, "fields": {"ballot_submission": 31, "debate_team": 61, "speaker": 25, "score": 37.5, "position": 4}}, {"model": "results.speakerscore", "pk": 245, "fields": {"ballot_submission": 31, "debate_team": 62, "speaker": 21, "score": 78.0, "position": 1}}, {"model": "results.speakerscore", "pk": 246, "fields": {"ballot_submission": 31, "debate_team": 62, "speaker": 20, "score": 77.0, "position": 2}}, {"model": "results.speakerscore", "pk": 247, "fields": {"ballot_submission": 31, "debate_team": 62, "speaker": 19, "score": 74.0, "position": 3}}, {"model": "results.speakerscore", "pk": 248, "fields": {"ballot_submission": 31, "debate_team": 62, "speaker": 21, "score": 37.0, "position": 4}}, {"model": "results.speakerscore", "pk": 249, "fields": {"ballot_submission": 32, "debate_team": 63, "speaker": 59, "score": 73.0, "position": 1}}, {"model": "results.speakerscore", "pk": 250, "fields": {"ballot_submission": 32, "debate_team": 63, "speaker": 58, "score": 75.0, "position": 2}}, {"model": "results.speakerscore", "pk": 251, "fields": {"ballot_submission": 32, "debate_team": 63, "speaker": 60, "score": 74.0, "position": 3}}, {"model": "results.speakerscore", "pk": 252, "fields": {"ballot_submission": 32, "debate_team": 63, "speaker": 59, "score": 36.5, "position": 4}}, {"model": "results.speakerscore", "pk": 253, "fields": {"ballot_submission": 32, "debate_team": 64, "speaker": 15, "score": 72.0, "position": 1}}, {"model": "results.speakerscore", "pk": 254, "fields": {"ballot_submission": 32, "debate_team": 64, "speaker": 13, "score": 72.0, "position": 2}}, {"model": "results.speakerscore", "pk": 255, "fields": {"ballot_submission": 32, "debate_team": 64, "speaker": 14, "score": 72.0, "position": 3}}, {"model": "results.speakerscore", "pk": 256, "fields": {"ballot_submission": 32, "debate_team": 64, "speaker": 15, "score": 37.0, "position": 4}}, {"model": "results.speakerscore", "pk": 257, "fields": {"ballot_submission": 33, "debate_team": 65, "speaker": 48, "score": 72.0, "position": 1}}, {"model": "results.speakerscore", "pk": 258, "fields": {"ballot_submission": 33, "debate_team": 65, "speaker": 46, "score": 74.0, "position": 2}}, {"model": "results.speakerscore", "pk": 259, "fields": {"ballot_submission": 33, "debate_team": 65, "speaker": 47, "score": 72.0, "position": 3}}, {"model": "results.speakerscore", "pk": 260, "fields": {"ballot_submission": 33, "debate_team": 65, "speaker": 48, "score": 37.5, "position": 4}}, {"model": "results.speakerscore", "pk": 261, "fields": {"ballot_submission": 33, "debate_team": 66, "speaker": 33, "score": 72.0, "position": 1}}, {"model": "results.speakerscore", "pk": 262, "fields": {"ballot_submission": 33, "debate_team": 66, "speaker": 31, "score": 75.0, "position": 2}}, {"model": "results.speakerscore", "pk": 263, "fields": {"ballot_submission": 33, "debate_team": 66, "speaker": 32, "score": 78.0, "position": 3}}, {"model": "results.speakerscore", "pk": 264, "fields": {"ballot_submission": 33, "debate_team": 66, "speaker": 33, "score": 37.0, "position": 4}}, {"model": "results.speakerscore", "pk": 265, "fields": {"ballot_submission": 34, "debate_team": 67, "speaker": 69, "score": 75.5, "position": 1}}, {"model": "results.speakerscore", "pk": 266, "fields": {"ballot_submission": 34, "debate_team": 67, "speaker": 68, "score": 76.5, "position": 2}}, {"model": "results.speakerscore", "pk": 267, "fields": {"ballot_submission": 34, "debate_team": 67, "speaker": 67, "score": 76.5, "position": 3}}, {"model": "results.speakerscore", "pk": 268, "fields": {"ballot_submission": 34, "debate_team": 67, "speaker": 69, "score": 38.25, "position": 4}}, {"model": "results.speakerscore", "pk": 269, "fields": {"ballot_submission": 34, "debate_team": 68, "speaker": 40, "score": 74.0, "position": 1}}, {"model": "results.speakerscore", "pk": 270, "fields": {"ballot_submission": 34, "debate_team": 68, "speaker": 41, "score": 74.0, "position": 2}}, {"model": "results.speakerscore", "pk": 271, "fields": {"ballot_submission": 34, "debate_team": 68, "speaker": 42, "score": 75.0, "position": 3}}, {"model": "results.speakerscore", "pk": 272, "fields": {"ballot_submission": 34, "debate_team": 68, "speaker": 40, "score": 36.0, "position": 4}}, {"model": "results.speakerscore", "pk": 273, "fields": {"ballot_submission": 35, "debate_team": 69, "speaker": 64, "score": 75.0, "position": 1}}, {"model": "results.speakerscore", "pk": 274, "fields": {"ballot_submission": 35, "debate_team": 69, "speaker": 66, "score": 76.5, "position": 2}}, {"model": "results.speakerscore", "pk": 275, "fields": {"ballot_submission": 35, "debate_team": 69, "speaker": 65, "score": 74.0, "position": 3}}, {"model": "results.speakerscore", "pk": 276, "fields": {"ballot_submission": 35, "debate_team": 69, "speaker": 64, "score": 36.0, "position": 4}}, {"model": "results.speakerscore", "pk": 277, "fields": {"ballot_submission": 35, "debate_team": 70, "speaker": 38, "score": 74.0, "position": 1}}, {"model": "results.speakerscore", "pk": 278, "fields": {"ballot_submission": 35, "debate_team": 70, "speaker": 37, "score": 74.0, "position": 2}}, {"model": "results.speakerscore", "pk": 279, "fields": {"ballot_submission": 35, "debate_team": 70, "speaker": 39, "score": 72.5, "position": 3}}, {"model": "results.speakerscore", "pk": 280, "fields": {"ballot_submission": 35, "debate_team": 70, "speaker": 38, "score": 36.75, "position": 4}}, {"model": "results.speakerscore", "pk": 281, "fields": {"ballot_submission": 36, "debate_team": 71, "speaker": 23, "score": 73.0, "position": 1}}, {"model": "results.speakerscore", "pk": 282, "fields": {"ballot_submission": 36, "debate_team": 71, "speaker": 24, "score": 75.0, "position": 2}}, {"model": "results.speakerscore", "pk": 283, "fields": {"ballot_submission": 36, "debate_team": 71, "speaker": 22, "score": 75.0, "position": 3}}, {"model": "results.speakerscore", "pk": 284, "fields": {"ballot_submission": 36, "debate_team": 71, "speaker": 23, "score": 38.0, "position": 4}}, {"model": "results.speakerscore", "pk": 285, "fields": {"ballot_submission": 36, "debate_team": 72, "speaker": 49, "score": 78.0, "position": 1}}, {"model": "results.speakerscore", "pk": 286, "fields": {"ballot_submission": 36, "debate_team": 72, "speaker": 50, "score": 75.0, "position": 2}}, {"model": "results.speakerscore", "pk": 287, "fields": {"ballot_submission": 36, "debate_team": 72, "speaker": 51, "score": 73.0, "position": 3}}, {"model": "results.speakerscore", "pk": 288, "fields": {"ballot_submission": 36, "debate_team": 72, "speaker": 49, "score": 36.5, "position": 4}}, {"model": "results.speakerscore", "pk": 289, "fields": {"ballot_submission": 37, "debate_team": 73, "speaker": 55, "score": 72.0, "position": 1}}, {"model": "results.speakerscore", "pk": 290, "fields": {"ballot_submission": 37, "debate_team": 73, "speaker": 57, "score": 73.0, "position": 2}}, {"model": "results.speakerscore", "pk": 291, "fields": {"ballot_submission": 37, "debate_team": 73, "speaker": 56, "score": 78.0, "position": 3}}, {"model": "results.speakerscore", "pk": 292, "fields": {"ballot_submission": 37, "debate_team": 73, "speaker": 55, "score": 36.0, "position": 4}}, {"model": "results.speakerscore", "pk": 293, "fields": {"ballot_submission": 37, "debate_team": 74, "speaker": 64, "score": 77.0, "position": 1}}, {"model": "results.speakerscore", "pk": 294, "fields": {"ballot_submission": 37, "debate_team": 74, "speaker": 66, "score": 74.0, "position": 2}}, {"model": "results.speakerscore", "pk": 295, "fields": {"ballot_submission": 37, "debate_team": 74, "speaker": 65, "score": 76.0, "position": 3}}, {"model": "results.speakerscore", "pk": 296, "fields": {"ballot_submission": 37, "debate_team": 74, "speaker": 64, "score": 37.5, "position": 4}}, {"model": "results.speakerscore", "pk": 297, "fields": {"ballot_submission": 38, "debate_team": 75, "speaker": 33, "score": 74.0, "position": 1}}, {"model": "results.speakerscore", "pk": 298, "fields": {"ballot_submission": 38, "debate_team": 75, "speaker": 31, "score": 72.0, "position": 2}}, {"model": "results.speakerscore", "pk": 299, "fields": {"ballot_submission": 38, "debate_team": 75, "speaker": 32, "score": 73.0, "position": 3}}, {"model": "results.speakerscore", "pk": 300, "fields": {"ballot_submission": 38, "debate_team": 75, "speaker": 33, "score": 39.0, "position": 4}}, {"model": "results.speakerscore", "pk": 301, "fields": {"ballot_submission": 38, "debate_team": 76, "speaker": 21, "score": 72.0, "position": 1}}, {"model": "results.speakerscore", "pk": 302, "fields": {"ballot_submission": 38, "debate_team": 76, "speaker": 20, "score": 75.0, "position": 2}}, {"model": "results.speakerscore", "pk": 303, "fields": {"ballot_submission": 38, "debate_team": 76, "speaker": 19, "score": 76.0, "position": 3}}, {"model": "results.speakerscore", "pk": 304, "fields": {"ballot_submission": 38, "debate_team": 76, "speaker": 21, "score": 39.0, "position": 4}}, {"model": "results.speakerscore", "pk": 305, "fields": {"ballot_submission": 39, "debate_team": 77, "speaker": 23, "score": 73.6666666666667, "position": 1}}, {"model": "results.speakerscore", "pk": 306, "fields": {"ballot_submission": 39, "debate_team": 77, "speaker": 24, "score": 73.3333333333333, "position": 2}}, {"model": "results.speakerscore", "pk": 307, "fields": {"ballot_submission": 39, "debate_team": 77, "speaker": 22, "score": 73.3333333333333, "position": 3}}, {"model": "results.speakerscore", "pk": 308, "fields": {"ballot_submission": 39, "debate_team": 77, "speaker": 23, "score": 36.1666666666667, "position": 4}}, {"model": "results.speakerscore", "pk": 309, "fields": {"ballot_submission": 39, "debate_team": 78, "speaker": 15, "score": 77.0, "position": 1}}, {"model": "results.speakerscore", "pk": 310, "fields": {"ballot_submission": 39, "debate_team": 78, "speaker": 13, "score": 76.0, "position": 2}}, {"model": "results.speakerscore", "pk": 311, "fields": {"ballot_submission": 39, "debate_team": 78, "speaker": 14, "score": 73.0, "position": 3}}, {"model": "results.speakerscore", "pk": 312, "fields": {"ballot_submission": 39, "debate_team": 78, "speaker": 15, "score": 36.5, "position": 4}}, {"model": "results.speakerscore", "pk": 313, "fields": {"ballot_submission": 40, "debate_team": 79, "speaker": 7, "score": 75.6666666666667, "position": 1}}, {"model": "results.speakerscore", "pk": 314, "fields": {"ballot_submission": 40, "debate_team": 79, "speaker": 8, "score": 73.3333333333333, "position": 2}}, {"model": "results.speakerscore", "pk": 315, "fields": {"ballot_submission": 40, "debate_team": 79, "speaker": 9, "score": 75.3333333333333, "position": 3}}, {"model": "results.speakerscore", "pk": 316, "fields": {"ballot_submission": 40, "debate_team": 79, "speaker": 7, "score": 37.5, "position": 4}}, {"model": "results.speakerscore", "pk": 317, "fields": {"ballot_submission": 40, "debate_team": 80, "speaker": 69, "score": 76.6666666666667, "position": 1}}, {"model": "results.speakerscore", "pk": 318, "fields": {"ballot_submission": 40, "debate_team": 80, "speaker": 68, "score": 74.3333333333333, "position": 2}}, {"model": "results.speakerscore", "pk": 319, "fields": {"ballot_submission": 40, "debate_team": 80, "speaker": 67, "score": 75.0, "position": 3}}, {"model": "results.speakerscore", "pk": 320, "fields": {"ballot_submission": 40, "debate_team": 80, "speaker": 69, "score": 38.1666666666667, "position": 4}}, {"model": "results.speakerscore", "pk": 321, "fields": {"ballot_submission": 41, "debate_team": 81, "speaker": 61, "score": 74.0, "position": 1}}, {"model": "results.speakerscore", "pk": 322, "fields": {"ballot_submission": 41, "debate_team": 81, "speaker": 63, "score": 73.5, "position": 2}}, {"model": "results.speakerscore", "pk": 323, "fields": {"ballot_submission": 41, "debate_team": 81, "speaker": 62, "score": 77.0, "position": 3}}, {"model": "results.speakerscore", "pk": 324, "fields": {"ballot_submission": 41, "debate_team": 81, "speaker": 61, "score": 37.75, "position": 4}}, {"model": "results.speakerscore", "pk": 325, "fields": {"ballot_submission": 41, "debate_team": 82, "speaker": 45, "score": 77.0, "position": 1}}, {"model": "results.speakerscore", "pk": 326, "fields": {"ballot_submission": 41, "debate_team": 82, "speaker": 44, "score": 77.0, "position": 2}}, {"model": "results.speakerscore", "pk": 327, "fields": {"ballot_submission": 41, "debate_team": 82, "speaker": 43, "score": 74.0, "position": 3}}, {"model": "results.speakerscore", "pk": 328, "fields": {"ballot_submission": 41, "debate_team": 82, "speaker": 45, "score": 38.5, "position": 4}}, {"model": "results.speakerscore", "pk": 329, "fields": {"ballot_submission": 42, "debate_team": 83, "speaker": 38, "score": 74.6666666666667, "position": 1}}, {"model": "results.speakerscore", "pk": 330, "fields": {"ballot_submission": 42, "debate_team": 83, "speaker": 37, "score": 77.0, "position": 2}}, {"model": "results.speakerscore", "pk": 331, "fields": {"ballot_submission": 42, "debate_team": 83, "speaker": 39, "score": 75.3333333333333, "position": 3}}, {"model": "results.speakerscore", "pk": 332, "fields": {"ballot_submission": 42, "debate_team": 83, "speaker": 38, "score": 37.6666666666667, "position": 4}}, {"model": "results.speakerscore", "pk": 333, "fields": {"ballot_submission": 42, "debate_team": 84, "speaker": 40, "score": 76.3333333333333, "position": 1}}, {"model": "results.speakerscore", "pk": 334, "fields": {"ballot_submission": 42, "debate_team": 84, "speaker": 41, "score": 74.3333333333333, "position": 2}}, {"model": "results.speakerscore", "pk": 335, "fields": {"ballot_submission": 42, "debate_team": 84, "speaker": 42, "score": 73.6666666666667, "position": 3}}, {"model": "results.speakerscore", "pk": 336, "fields": {"ballot_submission": 42, "debate_team": 84, "speaker": 40, "score": 37.1666666666667, "position": 4}}, {"model": "results.speakerscore", "pk": 337, "fields": {"ballot_submission": 43, "debate_team": 85, "speaker": 5, "score": 75.0, "position": 1}}, {"model": "results.speakerscore", "pk": 338, "fields": {"ballot_submission": 43, "debate_team": 85, "speaker": 4, "score": 76.3333333333333, "position": 2}}, {"model": "results.speakerscore", "pk": 339, "fields": {"ballot_submission": 43, "debate_team": 85, "speaker": 6, "score": 72.3333333333333, "position": 3}}, {"model": "results.speakerscore", "pk": 340, "fields": {"ballot_submission": 43, "debate_team": 85, "speaker": 5, "score": 36.8333333333333, "position": 4}}, {"model": "results.speakerscore", "pk": 341, "fields": {"ballot_submission": 43, "debate_team": 86, "speaker": 72, "score": 76.6666666666667, "position": 1}}, {"model": "results.speakerscore", "pk": 342, "fields": {"ballot_submission": 43, "debate_team": 86, "speaker": 71, "score": 75.6666666666667, "position": 2}}, {"model": "results.speakerscore", "pk": 343, "fields": {"ballot_submission": 43, "debate_team": 86, "speaker": 70, "score": 76.0, "position": 3}}, {"model": "results.speakerscore", "pk": 344, "fields": {"ballot_submission": 43, "debate_team": 86, "speaker": 72, "score": 38.0, "position": 4}}, {"model": "results.speakerscore", "pk": 345, "fields": {"ballot_submission": 44, "debate_team": 87, "speaker": 34, "score": 77.0, "position": 1}}, {"model": "results.speakerscore", "pk": 346, "fields": {"ballot_submission": 44, "debate_team": 87, "speaker": 35, "score": 77.0, "position": 2}}, {"model": "results.speakerscore", "pk": 347, "fields": {"ballot_submission": 44, "debate_team": 87, "speaker": 36, "score": 75.0, "position": 3}}, {"model": "results.speakerscore", "pk": 348, "fields": {"ballot_submission": 44, "debate_team": 87, "speaker": 34, "score": 38.5, "position": 4}}, {"model": "results.speakerscore", "pk": 349, "fields": {"ballot_submission": 44, "debate_team": 88, "speaker": 25, "score": 72.0, "position": 1}}, {"model": "results.speakerscore", "pk": 350, "fields": {"ballot_submission": 44, "debate_team": 88, "speaker": 27, "score": 73.0, "position": 2}}, {"model": "results.speakerscore", "pk": 351, "fields": {"ballot_submission": 44, "debate_team": 88, "speaker": 26, "score": 76.0, "position": 3}}, {"model": "results.speakerscore", "pk": 352, "fields": {"ballot_submission": 44, "debate_team": 88, "speaker": 25, "score": 36.5, "position": 4}}, {"model": "results.speakerscore", "pk": 353, "fields": {"ballot_submission": 45, "debate_team": 89, "speaker": 48, "score": 75.0, "position": 1}}, {"model": "results.speakerscore", "pk": 354, "fields": {"ballot_submission": 45, "debate_team": 89, "speaker": 46, "score": 75.0, "position": 2}}, {"model": "results.speakerscore", "pk": 355, "fields": {"ballot_submission": 45, "debate_team": 89, "speaker": 47, "score": 75.0, "position": 3}}, {"model": "results.speakerscore", "pk": 356, "fields": {"ballot_submission": 45, "debate_team": 89, "speaker": 48, "score": 37.5, "position": 4}}, {"model": "results.speakerscore", "pk": 357, "fields": {"ballot_submission": 45, "debate_team": 90, "speaker": 1, "score": 74.0, "position": 1}}, {"model": "results.speakerscore", "pk": 358, "fields": {"ballot_submission": 45, "debate_team": 90, "speaker": 3, "score": 75.0, "position": 2}}, {"model": "results.speakerscore", "pk": 359, "fields": {"ballot_submission": 45, "debate_team": 90, "speaker": 2, "score": 77.0, "position": 3}}, {"model": "results.speakerscore", "pk": 360, "fields": {"ballot_submission": 45, "debate_team": 90, "speaker": 1, "score": 37.5, "position": 4}}, {"model": "results.speakerscore", "pk": 361, "fields": {"ballot_submission": 46, "debate_team": 91, "speaker": 10, "score": 78.0, "position": 1}}, {"model": "results.speakerscore", "pk": 362, "fields": {"ballot_submission": 46, "debate_team": 91, "speaker": 11, "score": 75.0, "position": 2}}, {"model": "results.speakerscore", "pk": 363, "fields": {"ballot_submission": 46, "debate_team": 91, "speaker": 12, "score": 77.0, "position": 3}}, {"model": "results.speakerscore", "pk": 364, "fields": {"ballot_submission": 46, "debate_team": 91, "speaker": 10, "score": 38.0, "position": 4}}, {"model": "results.speakerscore", "pk": 365, "fields": {"ballot_submission": 46, "debate_team": 92, "speaker": 54, "score": 76.0, "position": 1}}, {"model": "results.speakerscore", "pk": 366, "fields": {"ballot_submission": 46, "debate_team": 92, "speaker": 53, "score": 78.0, "position": 2}}, {"model": "results.speakerscore", "pk": 367, "fields": {"ballot_submission": 46, "debate_team": 92, "speaker": 52, "score": 77.0, "position": 3}}, {"model": "results.speakerscore", "pk": 368, "fields": {"ballot_submission": 46, "debate_team": 92, "speaker": 54, "score": 38.0, "position": 4}}, {"model": "results.speakerscore", "pk": 369, "fields": {"ballot_submission": 47, "debate_team": 93, "speaker": 17, "score": 76.0, "position": 1}}, {"model": "results.speakerscore", "pk": 370, "fields": {"ballot_submission": 47, "debate_team": 93, "speaker": 16, "score": 73.0, "position": 2}}, {"model": "results.speakerscore", "pk": 371, "fields": {"ballot_submission": 47, "debate_team": 93, "speaker": 18, "score": 72.0, "position": 3}}, {"model": "results.speakerscore", "pk": 372, "fields": {"ballot_submission": 47, "debate_team": 93, "speaker": 17, "score": 37.5, "position": 4}}, {"model": "results.speakerscore", "pk": 373, "fields": {"ballot_submission": 47, "debate_team": 94, "speaker": 59, "score": 76.0, "position": 1}}, {"model": "results.speakerscore", "pk": 374, "fields": {"ballot_submission": 47, "debate_team": 94, "speaker": 58, "score": 76.0, "position": 2}}, {"model": "results.speakerscore", "pk": 375, "fields": {"ballot_submission": 47, "debate_team": 94, "speaker": 60, "score": 76.0, "position": 3}}, {"model": "results.speakerscore", "pk": 376, "fields": {"ballot_submission": 47, "debate_team": 94, "speaker": 59, "score": 38.0, "position": 4}}, {"model": "results.speakerscore", "pk": 377, "fields": {"ballot_submission": 48, "debate_team": 95, "speaker": 49, "score": 77.0, "position": 1}}, {"model": "results.speakerscore", "pk": 378, "fields": {"ballot_submission": 48, "debate_team": 95, "speaker": 50, "score": 78.0, "position": 2}}, {"model": "results.speakerscore", "pk": 379, "fields": {"ballot_submission": 48, "debate_team": 95, "speaker": 51, "score": 74.0, "position": 3}}, {"model": "results.speakerscore", "pk": 380, "fields": {"ballot_submission": 48, "debate_team": 95, "speaker": 49, "score": 37.5, "position": 4}}, {"model": "results.speakerscore", "pk": 381, "fields": {"ballot_submission": 48, "debate_team": 96, "speaker": 29, "score": 74.0, "position": 1}}, {"model": "results.speakerscore", "pk": 382, "fields": {"ballot_submission": 48, "debate_team": 96, "speaker": 28, "score": 74.0, "position": 2}}, {"model": "results.speakerscore", "pk": 383, "fields": {"ballot_submission": 48, "debate_team": 96, "speaker": 30, "score": 72.0, "position": 3}}, {"model": "results.speakerscore", "pk": 384, "fields": {"ballot_submission": 48, "debate_team": 96, "speaker": 29, "score": 38.5, "position": 4}}, {"model": "tournaments.tournament", "pk": 1, "fields": {"name": "demo", "short_name": "demo", "emoji": null, "seq": null, "slug": "demo", "current_round": 4, "welcome_msg": "", "active": true}}, {"model": "tournaments.round", "pk": 1, "fields": {"tournament": 1, "seq": 1, "name": "Round 1", "abbreviation": "R1", "draw_type": "R", "stage": "P", "break_category": null, "draw_status": "R", "feedback_weight": 0.7, "silent": false, "motions_released": false, "starts_at": null}}, {"model": "tournaments.round", "pk": 2, "fields": {"tournament": 1, "seq": 2, "name": "Round 2", "abbreviation": "R2", "draw_type": "P", "stage": "P", "break_category": null, "draw_status": "R", "feedback_weight": 0.7, "silent": false, "motions_released": false, "starts_at": null}}, {"model": "tournaments.round", "pk": 3, "fields": {"tournament": 1, "seq": 3, "name": "Round 3", "abbreviation": "R3", "draw_type": "P", "stage": "P", "break_category": null, "draw_status": "C", "feedback_weight": 0.7, "silent": false, "motions_released": false, "starts_at": null}}, {"model": "tournaments.round", "pk": 4, "fields": {"tournament": 1, "seq": 4, "name": "Round 4", "abbreviation": "R4", "draw_type": "P", "stage": "P", "break_category": null, "draw_status": "C", "feedback_weight": 0.7, "silent": false, "motions_released": false, "starts_at": null}}, {"model": "tournaments.round", "pk": 5, "fields": {"tournament": 1, "seq": 5, "name": "Open Quarterfinal", "abbreviation": "OQF", "draw_type": "F", "stage": "E", "break_category": 1, "draw_status": "N", "feedback_weight": 0.7, "silent": true, "motions_released": false, "starts_at": null}}, {"model": "tournaments.round", "pk": 6, "fields": {"tournament": 1, "seq": 6, "name": "ESL Semifinal", "abbreviation": "SSF", "draw_type": "F", "stage": "E", "break_category": 2, "draw_status": "N", "feedback_weight": 0.7, "silent": true, "motions_released": false, "starts_at": null}}, {"model": "tournaments.round", "pk": 7, "fields": {"tournament": 1, "seq": 7, "name": "Open Semifinal", "abbreviation": "OSF", "draw_type": "B", "stage": "E", "break_category": 1, "draw_status": "C", "feedback_weight": 0.7, "silent": true, "motions_released": false, "starts_at": null}}, {"model": "tournaments.round", "pk": 8, "fields": {"tournament": 1, "seq": 8, "name": "ESL Grand Final", "abbreviation": "SGF", "draw_type": "B", "stage": "E", "break_category": 2, "draw_status": "N", "feedback_weight": 0.7, "silent": true, "motions_released": false, "starts_at": null}}, {"model": "tournaments.round", "pk": 9, "fields": {"tournament": 1, "seq": 9, "name": "EFL Grand Final", "abbreviation": "FGF", "draw_type": "F", "stage": "E", "break_category": 3, "draw_status": "N", "feedback_weight": 0.7, "silent": true, "motions_released": false, "starts_at": null}}, {"model": "tournaments.round", "pk": 10, "fields": {"tournament": 1, "seq": 10, "name": "Open Grand Final", "abbreviation": "OGF", "draw_type": "B", "stage": "E", "break_category": 1, "draw_status": "N", "feedback_weight": 0.7, "silent": true, "motions_released": false, "starts_at": null}}, {"model": "venues.venuegroup", "pk": 1, "fields": {"name": "1", "short_name": "1", "team_capacity": null}}, {"model": "venues.venuegroup", "pk": 2, "fields": {"name": "2", "short_name": "2", "team_capacity": null}}, {"model": "venues.venuegroup", "pk": 3, "fields": {"name": "3", "short_name": "3", "team_capacity": null}}, {"model": "venues.venuegroup", "pk": 4, "fields": {"name": "4", "short_name": "4", "team_capacity": null}}, {"model": "venues.venuegroup", "pk": 5, "fields": {"name": "5", "short_name": "5", "team_capacity": null}}, {"model": "venues.venuegroup", "pk": 6, "fields": {"name": "6", "short_name": "6", "team_capacity": null}}, {"model": "venues.venuegroup", "pk": 7, "fields": {"name": "7", "short_name": "7", "team_capacity": null}}, {"model": "venues.venue", "pk": 1, "fields": {"name": "M04", "group": null, "priority": 10, "tournament": 1}}, {"model": "venues.venue", "pk": 2, "fields": {"name": "M05", "group": 1, "priority": 10, "tournament": null}}, {"model": "venues.venue", "pk": 3, "fields": {"name": "M10", "group": 1, "priority": 10, "tournament": 1}}, {"model": "venues.venue", "pk": 4, "fields": {"name": "M11", "group": 1, "priority": 10, "tournament": 1}}, {"model": "venues.venue", "pk": 5, "fields": {"name": "G01", "group": 2, "priority": 10, "tournament": 1}}, {"model": "venues.venue", "pk": 6, "fields": {"name": "G02", "group": 2, "priority": 10, "tournament": 1}}, {"model": "venues.venue", "pk": 7, "fields": {"name": "G03", "group": 2, "priority": 10, "tournament": 1}}, {"model": "venues.venue", "pk": 8, "fields": {"name": "G04", "group": 3, "priority": 10, "tournament": 1}}, {"model": "venues.venue", "pk": 9, "fields": {"name": "G05", "group": 3, "priority": 10, "tournament": 1}}, {"model": "venues.venue", "pk": 10, "fields": {"name": "G06", "group": 3, "priority": 10, "tournament": 1}}, {"model": "venues.venue", "pk": 11, "fields": {"name": "G07", "group": null, "priority": 10, "tournament": 1}}, {"model": "venues.venue", "pk": 12, "fields": {"name": "G08", "group": 3, "priority": 10, "tournament": 1}}, {"model": "venues.venue", "pk": 13, "fields": {"name": "K03", "group": 4, "priority": 20, "tournament": 1}}, {"model": "venues.venue", "pk": 14, "fields": {"name": "K04", "group": 4, "priority": 20, "tournament": 1}}, {"model": "venues.venue", "pk": 15, "fields": {"name": "K05", "group": 4, "priority": 20, "tournament": 1}}, {"model": "venues.venue", "pk": 16, "fields": {"name": "K06", "group": null, "priority": 20, "tournament": 1}}, {"model": "venues.venue", "pk": 17, "fields": {"name": "K08", "group": 4, "priority": 20, "tournament": 1}}, {"model": "venues.venue", "pk": 18, "fields": {"name": "P01", "group": 5, "priority": 30, "tournament": 1}}, {"model": "venues.venue", "pk": 19, "fields": {"name": "P03", "group": 5, "priority": 30, "tournament": 1}}, {"model": "venues.venue", "pk": 20, "fields": {"name": "P05", "group": 6, "priority": 30, "tournament": 1}}, {"model": "venues.venue", "pk": 21, "fields": {"name": "P07", "group": 6, "priority": 30, "tournament": 1}}, {"model": "venues.venue", "pk": 22, "fields": {"name": "Z09", "group": 7, "priority": 40, "tournament": 1}}, {"model": "venues.venue", "pk": 23, "fields": {"name": "Z10", "group": null, "priority": 40, "tournament": 1}}, {"model": "venues.venue", "pk": 24, "fields": {"name": "Shared 140", "group": null, "priority": 200, "tournament": 1}}, {"model": "venues.venue", "pk": 25, "fields": {"name": "Shared 2.9.0", "group": null, "priority": 100, "tournament": 1}}, {"model": "venues.venue", "pk": 26, "fields": {"name": "Black 11G", "group": null, "priority": 50, "tournament": 1}}, {"model": "venues.venue", "pk": 27, "fields": {"name": "Test", "group": null, "priority": 55, "tournament": 1}}, {"model": "venues.venue", "pk": 28, "fields": {"name": "Test2SSS", "group": null, "priority": 155, "tournament": null}}, {"model": "venues.venue", "pk": 29, "fields": {"name": "Test3SSS", "group": null, "priority": 200, "tournament": null}}, {"model": "admin.logentry", "pk": 1, "fields": {"action_time": "2016-04-14T13:26:29.906", "user": ["admin"], "content_type": ["tournaments", "tournament"], "object_id": "1", "object_repr": "demo", "action_flag": 2, "change_message": "Changed current_round."}}, {"model": "admin.logentry", "pk": 2, "fields": {"action_time": "2016-04-14T13:28:12.766", "user": ["admin"], "content_type": ["breakqual", "breakingteam"], "object_id": "24", "object_repr": "BreakingTeam object", "action_flag": 3, "change_message": ""}}, {"model": "admin.logentry", "pk": 3, "fields": {"action_time": "2016-04-14T13:28:12.772", "user": ["admin"], "content_type": ["breakqual", "breakingteam"], "object_id": "23", "object_repr": "BreakingTeam object", "action_flag": 3, "change_message": ""}}, {"model": "admin.logentry", "pk": 4, "fields": {"action_time": "2016-04-14T13:28:12.776", "user": ["admin"], "content_type": ["breakqual", "breakingteam"], "object_id": "22", "object_repr": "BreakingTeam object", "action_flag": 3, "change_message": ""}}, {"model": "admin.logentry", "pk": 5, "fields": {"action_time": "2016-04-14T13:28:12.781", "user": ["admin"], "content_type": ["breakqual", "breakingteam"], "object_id": "21", "object_repr": "BreakingTeam object", "action_flag": 3, "change_message": ""}}, {"model": "admin.logentry", "pk": 6, "fields": {"action_time": "2016-04-14T13:28:12.786", "user": ["admin"], "content_type": ["breakqual", "breakingteam"], "object_id": "20", "object_repr": "BreakingTeam object", "action_flag": 3, "change_message": ""}}, {"model": "admin.logentry", "pk": 7, "fields": {"action_time": "2016-04-14T13:28:12.790", "user": ["admin"], "content_type": ["breakqual", "breakingteam"], "object_id": "19", "object_repr": "BreakingTeam object", "action_flag": 3, "change_message": ""}}, {"model": "admin.logentry", "pk": 8, "fields": {"action_time": "2016-04-14T13:28:12.795", "user": ["admin"], "content_type": ["breakqual", "breakingteam"], "object_id": "18", "object_repr": "BreakingTeam object", "action_flag": 3, "change_message": ""}}, {"model": "admin.logentry", "pk": 9, "fields": {"action_time": "2016-04-14T13:28:12.800", "user": ["admin"], "content_type": ["breakqual", "breakingteam"], "object_id": "17", "object_repr": "BreakingTeam object", "action_flag": 3, "change_message": ""}}, {"model": "admin.logentry", "pk": 10, "fields": {"action_time": "2016-04-14T13:28:12.804", "user": ["admin"], "content_type": ["breakqual", "breakingteam"], "object_id": "16", "object_repr": "BreakingTeam object", "action_flag": 3, "change_message": ""}}, {"model": "admin.logentry", "pk": 11, "fields": {"action_time": "2016-04-14T13:28:12.809", "user": ["admin"], "content_type": ["breakqual", "breakingteam"], "object_id": "15", "object_repr": "BreakingTeam object", "action_flag": 3, "change_message": ""}}, {"model": "admin.logentry", "pk": 12, "fields": {"action_time": "2016-04-14T13:28:12.813", "user": ["admin"], "content_type": ["breakqual", "breakingteam"], "object_id": "14", "object_repr": "BreakingTeam object", "action_flag": 3, "change_message": ""}}, {"model": "admin.logentry", "pk": 13, "fields": {"action_time": "2016-04-14T13:28:12.818", "user": ["admin"], "content_type": ["breakqual", "breakingteam"], "object_id": "13", "object_repr": "BreakingTeam object", "action_flag": 3, "change_message": ""}}, {"model": "admin.logentry", "pk": 14, "fields": {"action_time": "2016-04-14T13:28:12.822", "user": ["admin"], "content_type": ["breakqual", "breakingteam"], "object_id": "12", "object_repr": "BreakingTeam object", "action_flag": 3, "change_message": ""}}, {"model": "admin.logentry", "pk": 15, "fields": {"action_time": "2016-04-14T13:28:12.827", "user": ["admin"], "content_type": ["breakqual", "breakingteam"], "object_id": "11", "object_repr": "BreakingTeam object", "action_flag": 3, "change_message": ""}}, {"model": "admin.logentry", "pk": 16, "fields": {"action_time": "2016-04-14T13:28:12.831", "user": ["admin"], "content_type": ["breakqual", "breakingteam"], "object_id": "10", "object_repr": "BreakingTeam object", "action_flag": 3, "change_message": ""}}, {"model": "admin.logentry", "pk": 17, "fields": {"action_time": "2016-04-14T13:28:12.836", "user": ["admin"], "content_type": ["breakqual", "breakingteam"], "object_id": "9", "object_repr": "BreakingTeam object", "action_flag": 3, "change_message": ""}}, {"model": "admin.logentry", "pk": 18, "fields": {"action_time": "2016-04-14T13:28:12.841", "user": ["admin"], "content_type": ["breakqual", "breakingteam"], "object_id": "8", "object_repr": "BreakingTeam object", "action_flag": 3, "change_message": ""}}, {"model": "admin.logentry", "pk": 19, "fields": {"action_time": "2016-04-14T13:28:12.846", "user": ["admin"], "content_type": ["breakqual", "breakingteam"], "object_id": "7", "object_repr": "BreakingTeam object", "action_flag": 3, "change_message": ""}}, {"model": "admin.logentry", "pk": 20, "fields": {"action_time": "2016-04-14T13:28:12.920", "user": ["admin"], "content_type": ["breakqual", "breakingteam"], "object_id": "6", "object_repr": "BreakingTeam object", "action_flag": 3, "change_message": ""}}, {"model": "admin.logentry", "pk": 21, "fields": {"action_time": "2016-04-14T13:28:12.924", "user": ["admin"], "content_type": ["breakqual", "breakingteam"], "object_id": "5", "object_repr": "BreakingTeam object", "action_flag": 3, "change_message": ""}}, {"model": "admin.logentry", "pk": 22, "fields": {"action_time": "2016-04-14T13:28:12.929", "user": ["admin"], "content_type": ["breakqual", "breakingteam"], "object_id": "4", "object_repr": "BreakingTeam object", "action_flag": 3, "change_message": ""}}, {"model": "admin.logentry", "pk": 23, "fields": {"action_time": "2016-04-14T13:28:12.934", "user": ["admin"], "content_type": ["breakqual", "breakingteam"], "object_id": "3", "object_repr": "BreakingTeam object", "action_flag": 3, "change_message": ""}}, {"model": "admin.logentry", "pk": 24, "fields": {"action_time": "2016-04-14T13:28:12.938", "user": ["admin"], "content_type": ["breakqual", "breakingteam"], "object_id": "2", "object_repr": "BreakingTeam object", "action_flag": 3, "change_message": ""}}, {"model": "admin.logentry", "pk": 25, "fields": {"action_time": "2016-04-14T13:28:12.942", "user": ["admin"], "content_type": ["breakqual", "breakingteam"], "object_id": "1", "object_repr": "BreakingTeam object", "action_flag": 3, "change_message": ""}}, {"model": "admin.logentry", "pk": 26, "fields": {"action_time": "2016-04-14T13:55:15.082", "user": ["admin"], "content_type": ["availability", "activeteam"], "object_id": "120", "object_repr": "ActiveTeam object", "action_flag": 3, "change_message": ""}}, {"model": "admin.logentry", "pk": 27, "fields": {"action_time": "2016-04-14T13:55:15.087", "user": ["admin"], "content_type": ["availability", "activeteam"], "object_id": "119", "object_repr": "ActiveTeam object", "action_flag": 3, "change_message": ""}}, {"model": "admin.logentry", "pk": 28, "fields": {"action_time": "2016-04-14T13:55:15.092", "user": ["admin"], "content_type": ["availability", "activeteam"], "object_id": "118", "object_repr": "ActiveTeam object", "action_flag": 3, "change_message": ""}}, {"model": "admin.logentry", "pk": 29, "fields": {"action_time": "2016-04-14T13:55:15.096", "user": ["admin"], "content_type": ["availability", "activeteam"], "object_id": "117", "object_repr": "ActiveTeam object", "action_flag": 3, "change_message": ""}}, {"model": "admin.logentry", "pk": 30, "fields": {"action_time": "2016-04-14T13:55:15.101", "user": ["admin"], "content_type": ["availability", "activeteam"], "object_id": "116", "object_repr": "ActiveTeam object", "action_flag": 3, "change_message": ""}}, {"model": "admin.logentry", "pk": 31, "fields": {"action_time": "2016-04-14T13:55:15.105", "user": ["admin"], "content_type": ["availability", "activeteam"], "object_id": "115", "object_repr": "ActiveTeam object", "action_flag": 3, "change_message": ""}}, {"model": "admin.logentry", "pk": 32, "fields": {"action_time": "2016-04-14T13:55:15.109", "user": ["admin"], "content_type": ["availability", "activeteam"], "object_id": "114", "object_repr": "ActiveTeam object", "action_flag": 3, "change_message": ""}}, {"model": "admin.logentry", "pk": 33, "fields": {"action_time": "2016-04-14T13:55:15.114", "user": ["admin"], "content_type": ["availability", "activeteam"], "object_id": "113", "object_repr": "ActiveTeam object", "action_flag": 3, "change_message": ""}}, {"model": "admin.logentry", "pk": 34, "fields": {"action_time": "2016-04-14T13:55:15.118", "user": ["admin"], "content_type": ["availability", "activeteam"], "object_id": "112", "object_repr": "ActiveTeam object", "action_flag": 3, "change_message": ""}}, {"model": "admin.logentry", "pk": 35, "fields": {"action_time": "2016-04-14T13:55:15.122", "user": ["admin"], "content_type": ["availability", "activeteam"], "object_id": "111", "object_repr": "ActiveTeam object", "action_flag": 3, "change_message": ""}}, {"model": "admin.logentry", "pk": 36, "fields": {"action_time": "2016-04-14T13:55:15.126", "user": ["admin"], "content_type": ["availability", "activeteam"], "object_id": "110", "object_repr": "ActiveTeam object", "action_flag": 3, "change_message": ""}}, {"model": "admin.logentry", "pk": 37, "fields": {"action_time": "2016-04-14T13:55:15.131", "user": ["admin"], "content_type": ["availability", "activeteam"], "object_id": "109", "object_repr": "ActiveTeam object", "action_flag": 3, "change_message": ""}}, {"model": "admin.logentry", "pk": 38, "fields": {"action_time": "2016-04-14T13:55:15.135", "user": ["admin"], "content_type": ["availability", "activeteam"], "object_id": "108", "object_repr": "ActiveTeam object", "action_flag": 3, "change_message": ""}}, {"model": "admin.logentry", "pk": 39, "fields": {"action_time": "2016-04-14T13:55:15.140", "user": ["admin"], "content_type": ["availability", "activeteam"], "object_id": "107", "object_repr": "ActiveTeam object", "action_flag": 3, "change_message": ""}}, {"model": "admin.logentry", "pk": 40, "fields": {"action_time": "2016-04-14T13:55:15.144", "user": ["admin"], "content_type": ["availability", "activeteam"], "object_id": "106", "object_repr": "ActiveTeam object", "action_flag": 3, "change_message": ""}}, {"model": "admin.logentry", "pk": 41, "fields": {"action_time": "2016-04-14T13:55:15.149", "user": ["admin"], "content_type": ["availability", "activeteam"], "object_id": "105", "object_repr": "ActiveTeam object", "action_flag": 3, "change_message": ""}}, {"model": "admin.logentry", "pk": 42, "fields": {"action_time": "2016-04-14T13:55:15.153", "user": ["admin"], "content_type": ["availability", "activeteam"], "object_id": "104", "object_repr": "ActiveTeam object", "action_flag": 3, "change_message": ""}}, {"model": "admin.logentry", "pk": 43, "fields": {"action_time": "2016-04-14T13:55:15.158", "user": ["admin"], "content_type": ["availability", "activeteam"], "object_id": "103", "object_repr": "ActiveTeam object", "action_flag": 3, "change_message": ""}}, {"model": "admin.logentry", "pk": 44, "fields": {"action_time": "2016-04-14T13:55:15.162", "user": ["admin"], "content_type": ["availability", "activeteam"], "object_id": "102", "object_repr": "ActiveTeam object", "action_flag": 3, "change_message": ""}}, {"model": "admin.logentry", "pk": 45, "fields": {"action_time": "2016-04-14T13:55:15.166", "user": ["admin"], "content_type": ["availability", "activeteam"], "object_id": "101", "object_repr": "ActiveTeam object", "action_flag": 3, "change_message": ""}}, {"model": "admin.logentry", "pk": 46, "fields": {"action_time": "2016-04-14T13:55:15.171", "user": ["admin"], "content_type": ["availability", "activeteam"], "object_id": "100", "object_repr": "ActiveTeam object", "action_flag": 3, "change_message": ""}}, {"model": "admin.logentry", "pk": 47, "fields": {"action_time": "2016-04-14T13:55:15.176", "user": ["admin"], "content_type": ["availability", "activeteam"], "object_id": "99", "object_repr": "ActiveTeam object", "action_flag": 3, "change_message": ""}}, {"model": "admin.logentry", "pk": 48, "fields": {"action_time": "2016-04-14T13:55:15.180", "user": ["admin"], "content_type": ["availability", "activeteam"], "object_id": "98", "object_repr": "ActiveTeam object", "action_flag": 3, "change_message": ""}}, {"model": "admin.logentry", "pk": 49, "fields": {"action_time": "2016-04-14T13:55:15.184", "user": ["admin"], "content_type": ["availability", "activeteam"], "object_id": "97", "object_repr": "ActiveTeam object", "action_flag": 3, "change_message": ""}}, {"model": "admin.logentry", "pk": 50, "fields": {"action_time": "2016-04-14T13:55:15.195", "user": ["admin"], "content_type": ["availability", "activeteam"], "object_id": "96", "object_repr": "ActiveTeam object", "action_flag": 3, "change_message": ""}}, {"model": "admin.logentry", "pk": 51, "fields": {"action_time": "2016-04-14T13:55:15.205", "user": ["admin"], "content_type": ["availability", "activeteam"], "object_id": "95", "object_repr": "ActiveTeam object", "action_flag": 3, "change_message": ""}}, {"model": "admin.logentry", "pk": 52, "fields": {"action_time": "2016-04-14T13:55:15.215", "user": ["admin"], "content_type": ["availability", "activeteam"], "object_id": "94", "object_repr": "ActiveTeam object", "action_flag": 3, "change_message": ""}}, {"model": "admin.logentry", "pk": 53, "fields": {"action_time": "2016-04-14T13:55:15.224", "user": ["admin"], "content_type": ["availability", "activeteam"], "object_id": "93", "object_repr": "ActiveTeam object", "action_flag": 3, "change_message": ""}}, {"model": "admin.logentry", "pk": 54, "fields": {"action_time": "2016-04-14T13:55:15.229", "user": ["admin"], "content_type": ["availability", "activeteam"], "object_id": "92", "object_repr": "ActiveTeam object", "action_flag": 3, "change_message": ""}}, {"model": "admin.logentry", "pk": 55, "fields": {"action_time": "2016-04-14T13:55:15.233", "user": ["admin"], "content_type": ["availability", "activeteam"], "object_id": "91", "object_repr": "ActiveTeam object", "action_flag": 3, "change_message": ""}}, {"model": "admin.logentry", "pk": 56, "fields": {"action_time": "2016-04-14T13:55:15.242", "user": ["admin"], "content_type": ["availability", "activeteam"], "object_id": "90", "object_repr": "ActiveTeam object", "action_flag": 3, "change_message": ""}}, {"model": "admin.logentry", "pk": 57, "fields": {"action_time": "2016-04-14T13:55:15.253", "user": ["admin"], "content_type": ["availability", "activeteam"], "object_id": "89", "object_repr": "ActiveTeam object", "action_flag": 3, "change_message": ""}}, {"model": "admin.logentry", "pk": 58, "fields": {"action_time": "2016-04-14T13:55:15.263", "user": ["admin"], "content_type": ["availability", "activeteam"], "object_id": "88", "object_repr": "ActiveTeam object", "action_flag": 3, "change_message": ""}}, {"model": "admin.logentry", "pk": 59, "fields": {"action_time": "2016-04-14T13:55:15.268", "user": ["admin"], "content_type": ["availability", "activeteam"], "object_id": "87", "object_repr": "ActiveTeam object", "action_flag": 3, "change_message": ""}}, {"model": "admin.logentry", "pk": 60, "fields": {"action_time": "2016-04-14T13:55:15.272", "user": ["admin"], "content_type": ["availability", "activeteam"], "object_id": "86", "object_repr": "ActiveTeam object", "action_flag": 3, "change_message": ""}}, {"model": "admin.logentry", "pk": 61, "fields": {"action_time": "2016-04-14T13:55:15.277", "user": ["admin"], "content_type": ["availability", "activeteam"], "object_id": "85", "object_repr": "ActiveTeam object", "action_flag": 3, "change_message": ""}}, {"model": "admin.logentry", "pk": 62, "fields": {"action_time": "2016-04-14T13:55:15.282", "user": ["admin"], "content_type": ["availability", "activeteam"], "object_id": "84", "object_repr": "ActiveTeam object", "action_flag": 3, "change_message": ""}}, {"model": "admin.logentry", "pk": 63, "fields": {"action_time": "2016-04-14T13:55:15.286", "user": ["admin"], "content_type": ["availability", "activeteam"], "object_id": "83", "object_repr": "ActiveTeam object", "action_flag": 3, "change_message": ""}}, {"model": "admin.logentry", "pk": 64, "fields": {"action_time": "2016-04-14T13:55:15.291", "user": ["admin"], "content_type": ["availability", "activeteam"], "object_id": "82", "object_repr": "ActiveTeam object", "action_flag": 3, "change_message": ""}}, {"model": "admin.logentry", "pk": 65, "fields": {"action_time": "2016-04-14T13:55:15.296", "user": ["admin"], "content_type": ["availability", "activeteam"], "object_id": "81", "object_repr": "ActiveTeam object", "action_flag": 3, "change_message": ""}}, {"model": "admin.logentry", "pk": 66, "fields": {"action_time": "2016-04-14T13:55:15.300", "user": ["admin"], "content_type": ["availability", "activeteam"], "object_id": "80", "object_repr": "ActiveTeam object", "action_flag": 3, "change_message": ""}}, {"model": "admin.logentry", "pk": 67, "fields": {"action_time": "2016-04-14T13:55:15.305", "user": ["admin"], "content_type": ["availability", "activeteam"], "object_id": "79", "object_repr": "ActiveTeam object", "action_flag": 3, "change_message": ""}}, {"model": "admin.logentry", "pk": 68, "fields": {"action_time": "2016-04-14T13:55:15.309", "user": ["admin"], "content_type": ["availability", "activeteam"], "object_id": "78", "object_repr": "ActiveTeam object", "action_flag": 3, "change_message": ""}}, {"model": "admin.logentry", "pk": 69, "fields": {"action_time": "2016-04-14T13:55:15.313", "user": ["admin"], "content_type": ["availability", "activeteam"], "object_id": "77", "object_repr": "ActiveTeam object", "action_flag": 3, "change_message": ""}}, {"model": "admin.logentry", "pk": 70, "fields": {"action_time": "2016-04-14T13:55:15.318", "user": ["admin"], "content_type": ["availability", "activeteam"], "object_id": "76", "object_repr": "ActiveTeam object", "action_flag": 3, "change_message": ""}}, {"model": "admin.logentry", "pk": 71, "fields": {"action_time": "2016-04-14T13:55:15.322", "user": ["admin"], "content_type": ["availability", "activeteam"], "object_id": "75", "object_repr": "ActiveTeam object", "action_flag": 3, "change_message": ""}}, {"model": "admin.logentry", "pk": 72, "fields": {"action_time": "2016-04-14T13:55:15.326", "user": ["admin"], "content_type": ["availability", "activeteam"], "object_id": "74", "object_repr": "ActiveTeam object", "action_flag": 3, "change_message": ""}}, {"model": "admin.logentry", "pk": 73, "fields": {"action_time": "2016-04-14T13:55:15.331", "user": ["admin"], "content_type": ["availability", "activeteam"], "object_id": "73", "object_repr": "ActiveTeam object", "action_flag": 3, "change_message": ""}}, {"model": "admin.logentry", "pk": 74, "fields": {"action_time": "2016-04-14T13:55:15.336", "user": ["admin"], "content_type": ["availability", "activeteam"], "object_id": "72", "object_repr": "ActiveTeam object", "action_flag": 3, "change_message": ""}}, {"model": "admin.logentry", "pk": 75, "fields": {"action_time": "2016-04-14T13:55:15.340", "user": ["admin"], "content_type": ["availability", "activeteam"], "object_id": "71", "object_repr": "ActiveTeam object", "action_flag": 3, "change_message": ""}}, {"model": "admin.logentry", "pk": 76, "fields": {"action_time": "2016-04-14T13:55:15.344", "user": ["admin"], "content_type": ["availability", "activeteam"], "object_id": "70", "object_repr": "ActiveTeam object", "action_flag": 3, "change_message": ""}}, {"model": "admin.logentry", "pk": 77, "fields": {"action_time": "2016-04-14T13:55:15.349", "user": ["admin"], "content_type": ["availability", "activeteam"], "object_id": "69", "object_repr": "ActiveTeam object", "action_flag": 3, "change_message": ""}}, {"model": "admin.logentry", "pk": 78, "fields": {"action_time": "2016-04-14T13:55:15.354", "user": ["admin"], "content_type": ["availability", "activeteam"], "object_id": "68", "object_repr": "ActiveTeam object", "action_flag": 3, "change_message": ""}}, {"model": "admin.logentry", "pk": 79, "fields": {"action_time": "2016-04-14T13:55:15.358", "user": ["admin"], "content_type": ["availability", "activeteam"], "object_id": "67", "object_repr": "ActiveTeam object", "action_flag": 3, "change_message": ""}}, {"model": "admin.logentry", "pk": 80, "fields": {"action_time": "2016-04-14T13:55:15.363", "user": ["admin"], "content_type": ["availability", "activeteam"], "object_id": "66", "object_repr": "ActiveTeam object", "action_flag": 3, "change_message": ""}}, {"model": "admin.logentry", "pk": 81, "fields": {"action_time": "2016-04-14T13:55:15.368", "user": ["admin"], "content_type": ["availability", "activeteam"], "object_id": "65", "object_repr": "ActiveTeam object", "action_flag": 3, "change_message": ""}}, {"model": "admin.logentry", "pk": 82, "fields": {"action_time": "2016-04-14T13:55:15.372", "user": ["admin"], "content_type": ["availability", "activeteam"], "object_id": "64", "object_repr": "ActiveTeam object", "action_flag": 3, "change_message": ""}}, {"model": "admin.logentry", "pk": 83, "fields": {"action_time": "2016-04-14T13:55:15.376", "user": ["admin"], "content_type": ["availability", "activeteam"], "object_id": "63", "object_repr": "ActiveTeam object", "action_flag": 3, "change_message": ""}}, {"model": "admin.logentry", "pk": 84, "fields": {"action_time": "2016-04-14T13:55:15.381", "user": ["admin"], "content_type": ["availability", "activeteam"], "object_id": "62", "object_repr": "ActiveTeam object", "action_flag": 3, "change_message": ""}}, {"model": "admin.logentry", "pk": 85, "fields": {"action_time": "2016-04-14T13:55:15.386", "user": ["admin"], "content_type": ["availability", "activeteam"], "object_id": "61", "object_repr": "ActiveTeam object", "action_flag": 3, "change_message": ""}}, {"model": "admin.logentry", "pk": 86, "fields": {"action_time": "2016-04-14T13:55:15.391", "user": ["admin"], "content_type": ["availability", "activeteam"], "object_id": "60", "object_repr": "ActiveTeam object", "action_flag": 3, "change_message": ""}}, {"model": "admin.logentry", "pk": 87, "fields": {"action_time": "2016-04-14T13:55:15.395", "user": ["admin"], "content_type": ["availability", "activeteam"], "object_id": "59", "object_repr": "ActiveTeam object", "action_flag": 3, "change_message": ""}}, {"model": "admin.logentry", "pk": 88, "fields": {"action_time": "2016-04-14T13:55:15.400", "user": ["admin"], "content_type": ["availability", "activeteam"], "object_id": "58", "object_repr": "ActiveTeam object", "action_flag": 3, "change_message": ""}}, {"model": "admin.logentry", "pk": 89, "fields": {"action_time": "2016-04-14T13:55:15.404", "user": ["admin"], "content_type": ["availability", "activeteam"], "object_id": "57", "object_repr": "ActiveTeam object", "action_flag": 3, "change_message": ""}}, {"model": "admin.logentry", "pk": 90, "fields": {"action_time": "2016-04-14T13:55:15.409", "user": ["admin"], "content_type": ["availability", "activeteam"], "object_id": "56", "object_repr": "ActiveTeam object", "action_flag": 3, "change_message": ""}}, {"model": "admin.logentry", "pk": 91, "fields": {"action_time": "2016-04-14T13:55:15.413", "user": ["admin"], "content_type": ["availability", "activeteam"], "object_id": "55", "object_repr": "ActiveTeam object", "action_flag": 3, "change_message": ""}}, {"model": "admin.logentry", "pk": 92, "fields": {"action_time": "2016-04-14T13:55:15.417", "user": ["admin"], "content_type": ["availability", "activeteam"], "object_id": "54", "object_repr": "ActiveTeam object", "action_flag": 3, "change_message": ""}}, {"model": "admin.logentry", "pk": 93, "fields": {"action_time": "2016-04-14T13:55:15.421", "user": ["admin"], "content_type": ["availability", "activeteam"], "object_id": "53", "object_repr": "ActiveTeam object", "action_flag": 3, "change_message": ""}}, {"model": "admin.logentry", "pk": 94, "fields": {"action_time": "2016-04-14T13:55:15.425", "user": ["admin"], "content_type": ["availability", "activeteam"], "object_id": "52", "object_repr": "ActiveTeam object", "action_flag": 3, "change_message": ""}}, {"model": "admin.logentry", "pk": 95, "fields": {"action_time": "2016-04-14T13:55:15.430", "user": ["admin"], "content_type": ["availability", "activeteam"], "object_id": "51", "object_repr": "ActiveTeam object", "action_flag": 3, "change_message": ""}}, {"model": "admin.logentry", "pk": 96, "fields": {"action_time": "2016-04-14T13:55:15.434", "user": ["admin"], "content_type": ["availability", "activeteam"], "object_id": "50", "object_repr": "ActiveTeam object", "action_flag": 3, "change_message": ""}}, {"model": "admin.logentry", "pk": 97, "fields": {"action_time": "2016-04-14T13:55:15.438", "user": ["admin"], "content_type": ["availability", "activeteam"], "object_id": "49", "object_repr": "ActiveTeam object", "action_flag": 3, "change_message": ""}}, {"model": "admin.logentry", "pk": 98, "fields": {"action_time": "2016-04-14T13:55:15.443", "user": ["admin"], "content_type": ["availability", "activeteam"], "object_id": "48", "object_repr": "ActiveTeam object", "action_flag": 3, "change_message": ""}}, {"model": "admin.logentry", "pk": 99, "fields": {"action_time": "2016-04-14T13:55:15.448", "user": ["admin"], "content_type": ["availability", "activeteam"], "object_id": "47", "object_repr": "ActiveTeam object", "action_flag": 3, "change_message": ""}}, {"model": "admin.logentry", "pk": 100, "fields": {"action_time": "2016-04-14T13:55:15.453", "user": ["admin"], "content_type": ["availability", "activeteam"], "object_id": "46", "object_repr": "ActiveTeam object", "action_flag": 3, "change_message": ""}}, {"model": "admin.logentry", "pk": 101, "fields": {"action_time": "2016-04-14T13:55:15.457", "user": ["admin"], "content_type": ["availability", "activeteam"], "object_id": "45", "object_repr": "ActiveTeam object", "action_flag": 3, "change_message": ""}}, {"model": "admin.logentry", "pk": 102, "fields": {"action_time": "2016-04-14T13:55:15.462", "user": ["admin"], "content_type": ["availability", "activeteam"], "object_id": "44", "object_repr": "ActiveTeam object", "action_flag": 3, "change_message": ""}}, {"model": "admin.logentry", "pk": 103, "fields": {"action_time": "2016-04-14T13:55:15.466", "user": ["admin"], "content_type": ["availability", "activeteam"], "object_id": "43", "object_repr": "ActiveTeam object", "action_flag": 3, "change_message": ""}}, {"model": "admin.logentry", "pk": 104, "fields": {"action_time": "2016-04-14T13:55:15.471", "user": ["admin"], "content_type": ["availability", "activeteam"], "object_id": "42", "object_repr": "ActiveTeam object", "action_flag": 3, "change_message": ""}}, {"model": "admin.logentry", "pk": 105, "fields": {"action_time": "2016-04-14T13:55:15.476", "user": ["admin"], "content_type": ["availability", "activeteam"], "object_id": "41", "object_repr": "ActiveTeam object", "action_flag": 3, "change_message": ""}}, {"model": "admin.logentry", "pk": 106, "fields": {"action_time": "2016-04-14T13:55:15.480", "user": ["admin"], "content_type": ["availability", "activeteam"], "object_id": "40", "object_repr": "ActiveTeam object", "action_flag": 3, "change_message": ""}}, {"model": "admin.logentry", "pk": 107, "fields": {"action_time": "2016-04-14T13:55:15.484", "user": ["admin"], "content_type": ["availability", "activeteam"], "object_id": "39", "object_repr": "ActiveTeam object", "action_flag": 3, "change_message": ""}}, {"model": "admin.logentry", "pk": 108, "fields": {"action_time": "2016-04-14T13:55:15.489", "user": ["admin"], "content_type": ["availability", "activeteam"], "object_id": "38", "object_repr": "ActiveTeam object", "action_flag": 3, "change_message": ""}}, {"model": "admin.logentry", "pk": 109, "fields": {"action_time": "2016-04-14T13:55:15.493", "user": ["admin"], "content_type": ["availability", "activeteam"], "object_id": "37", "object_repr": "ActiveTeam object", "action_flag": 3, "change_message": ""}}, {"model": "admin.logentry", "pk": 110, "fields": {"action_time": "2016-04-14T13:55:15.498", "user": ["admin"], "content_type": ["availability", "activeteam"], "object_id": "36", "object_repr": "ActiveTeam object", "action_flag": 3, "change_message": ""}}, {"model": "admin.logentry", "pk": 111, "fields": {"action_time": "2016-04-14T13:55:15.502", "user": ["admin"], "content_type": ["availability", "activeteam"], "object_id": "35", "object_repr": "ActiveTeam object", "action_flag": 3, "change_message": ""}}, {"model": "admin.logentry", "pk": 112, "fields": {"action_time": "2016-04-14T13:55:15.506", "user": ["admin"], "content_type": ["availability", "activeteam"], "object_id": "34", "object_repr": "ActiveTeam object", "action_flag": 3, "change_message": ""}}, {"model": "admin.logentry", "pk": 113, "fields": {"action_time": "2016-04-14T13:55:15.511", "user": ["admin"], "content_type": ["availability", "activeteam"], "object_id": "33", "object_repr": "ActiveTeam object", "action_flag": 3, "change_message": ""}}, {"model": "admin.logentry", "pk": 114, "fields": {"action_time": "2016-04-14T13:55:15.515", "user": ["admin"], "content_type": ["availability", "activeteam"], "object_id": "32", "object_repr": "ActiveTeam object", "action_flag": 3, "change_message": ""}}, {"model": "admin.logentry", "pk": 115, "fields": {"action_time": "2016-04-14T13:55:15.520", "user": ["admin"], "content_type": ["availability", "activeteam"], "object_id": "31", "object_repr": "ActiveTeam object", "action_flag": 3, "change_message": ""}}, {"model": "admin.logentry", "pk": 116, "fields": {"action_time": "2016-04-14T13:55:15.524", "user": ["admin"], "content_type": ["availability", "activeteam"], "object_id": "30", "object_repr": "ActiveTeam object", "action_flag": 3, "change_message": ""}}, {"model": "admin.logentry", "pk": 117, "fields": {"action_time": "2016-04-14T13:55:15.529", "user": ["admin"], "content_type": ["availability", "activeteam"], "object_id": "29", "object_repr": "ActiveTeam object", "action_flag": 3, "change_message": ""}}, {"model": "admin.logentry", "pk": 118, "fields": {"action_time": "2016-04-14T13:55:15.534", "user": ["admin"], "content_type": ["availability", "activeteam"], "object_id": "28", "object_repr": "ActiveTeam object", "action_flag": 3, "change_message": ""}}, {"model": "admin.logentry", "pk": 119, "fields": {"action_time": "2016-04-14T13:55:15.538", "user": ["admin"], "content_type": ["availability", "activeteam"], "object_id": "27", "object_repr": "ActiveTeam object", "action_flag": 3, "change_message": ""}}, {"model": "admin.logentry", "pk": 120, "fields": {"action_time": "2016-04-14T13:55:15.542", "user": ["admin"], "content_type": ["availability", "activeteam"], "object_id": "26", "object_repr": "ActiveTeam object", "action_flag": 3, "change_message": ""}}, {"model": "admin.logentry", "pk": 121, "fields": {"action_time": "2016-04-14T13:55:15.547", "user": ["admin"], "content_type": ["availability", "activeteam"], "object_id": "25", "object_repr": "ActiveTeam object", "action_flag": 3, "change_message": ""}}, {"model": "admin.logentry", "pk": 122, "fields": {"action_time": "2016-04-14T13:55:15.552", "user": ["admin"], "content_type": ["availability", "activeteam"], "object_id": "24", "object_repr": "ActiveTeam object", "action_flag": 3, "change_message": ""}}, {"model": "admin.logentry", "pk": 123, "fields": {"action_time": "2016-04-14T13:55:15.557", "user": ["admin"], "content_type": ["availability", "activeteam"], "object_id": "23", "object_repr": "ActiveTeam object", "action_flag": 3, "change_message": ""}}, {"model": "admin.logentry", "pk": 124, "fields": {"action_time": "2016-04-14T13:55:15.561", "user": ["admin"], "content_type": ["availability", "activeteam"], "object_id": "22", "object_repr": "ActiveTeam object", "action_flag": 3, "change_message": ""}}, {"model": "admin.logentry", "pk": 125, "fields": {"action_time": "2016-04-14T13:55:15.566", "user": ["admin"], "content_type": ["availability", "activeteam"], "object_id": "21", "object_repr": "ActiveTeam object", "action_flag": 3, "change_message": ""}}, {"model": "admin.logentry", "pk": 126, "fields": {"action_time": "2016-04-14T17:43:48.050", "user": ["admin"], "content_type": ["tournaments", "round"], "object_id": "5", "object_repr": "demo - Open Quarterfinal", "action_flag": 2, "change_message": "Changed draw_status."}}, {"model": "admin.logentry", "pk": 127, "fields": {"action_time": "2016-04-14T21:47:44.613", "user": ["admin"], "content_type": ["tournaments", "round"], "object_id": "6", "object_repr": "demo - ESL Semifinal", "action_flag": 2, "change_message": "Changed draw_status."}}, {"model": "admin.logentry", "pk": 128, "fields": {"action_time": "2016-04-14T21:47:47.557", "user": ["admin"], "content_type": ["availability", "activeteam"], "object_id": "139", "object_repr": "ActiveTeam object", "action_flag": 3, "change_message": ""}}, {"model": "admin.logentry", "pk": 129, "fields": {"action_time": "2016-04-14T21:47:47.563", "user": ["admin"], "content_type": ["availability", "activeteam"], "object_id": "138", "object_repr": "ActiveTeam object", "action_flag": 3, "change_message": ""}}, {"model": "admin.logentry", "pk": 130, "fields": {"action_time": "2016-04-14T21:47:47.567", "user": ["admin"], "content_type": ["availability", "activeteam"], "object_id": "137", "object_repr": "ActiveTeam object", "action_flag": 3, "change_message": ""}}, {"model": "admin.logentry", "pk": 131, "fields": {"action_time": "2016-04-14T21:47:47.571", "user": ["admin"], "content_type": ["availability", "activeteam"], "object_id": "136", "object_repr": "ActiveTeam object", "action_flag": 3, "change_message": ""}}, {"model": "admin.logentry", "pk": 132, "fields": {"action_time": "2016-04-14T21:59:23.337", "user": ["admin"], "content_type": ["tournaments", "round"], "object_id": "6", "object_repr": "demo - ESL Semifinal", "action_flag": 2, "change_message": "Changed draw_status."}}, {"model": "admin.logentry", "pk": 133, "fields": {"action_time": "2016-04-14T22:05:36.581", "user": ["admin"], "content_type": ["tournaments", "round"], "object_id": "6", "object_repr": "demo - ESL Semifinal", "action_flag": 2, "change_message": "Changed draw_status."}}, {"model": "admin.logentry", "pk": 134, "fields": {"action_time": "2016-04-14T22:07:37.399", "user": ["admin"], "content_type": ["tournaments", "round"], "object_id": "5", "object_repr": "demo - Open Quarterfinal", "action_flag": 2, "change_message": "Changed draw_status."}}, {"model": "admin.logentry", "pk": 135, "fields": {"action_time": "2016-04-14T22:07:46.463", "user": ["admin"], "content_type": ["availability", "activeteam"], "object_id": "128", "object_repr": "ActiveTeam object", "action_flag": 3, "change_message": ""}}, {"model": "admin.logentry", "pk": 136, "fields": {"action_time": "2016-04-14T22:07:46.469", "user": ["admin"], "content_type": ["availability", "activeteam"], "object_id": "127", "object_repr": "ActiveTeam object", "action_flag": 3, "change_message": ""}}, {"model": "admin.logentry", "pk": 137, "fields": {"action_time": "2016-04-14T22:07:46.474", "user": ["admin"], "content_type": ["availability", "activeteam"], "object_id": "126", "object_repr": "ActiveTeam object", "action_flag": 3, "change_message": ""}}, {"model": "admin.logentry", "pk": 138, "fields": {"action_time": "2016-04-14T22:07:46.478", "user": ["admin"], "content_type": ["availability", "activeteam"], "object_id": "125", "object_repr": "ActiveTeam object", "action_flag": 3, "change_message": ""}}, {"model": "admin.logentry", "pk": 139, "fields": {"action_time": "2016-04-14T22:07:46.482", "user": ["admin"], "content_type": ["availability", "activeteam"], "object_id": "124", "object_repr": "ActiveTeam object", "action_flag": 3, "change_message": ""}}, {"model": "admin.logentry", "pk": 140, "fields": {"action_time": "2016-04-14T22:07:46.486", "user": ["admin"], "content_type": ["availability", "activeteam"], "object_id": "123", "object_repr": "ActiveTeam object", "action_flag": 3, "change_message": ""}}, {"model": "admin.logentry", "pk": 141, "fields": {"action_time": "2016-04-14T22:07:46.491", "user": ["admin"], "content_type": ["availability", "activeteam"], "object_id": "122", "object_repr": "ActiveTeam object", "action_flag": 3, "change_message": ""}}, {"model": "admin.logentry", "pk": 142, "fields": {"action_time": "2016-04-14T22:07:46.495", "user": ["admin"], "content_type": ["availability", "activeteam"], "object_id": "121", "object_repr": "ActiveTeam object", "action_flag": 3, "change_message": ""}}, {"model": "admin.logentry", "pk": 143, "fields": {"action_time": "2016-04-24T11:54:17.877", "user": ["admin"], "content_type": ["tournaments", "tournament"], "object_id": "2", "object_repr": "Test", "action_flag": 1, "change_message": "Added."}}, {"model": "admin.logentry", "pk": 144, "fields": {"action_time": "2016-04-24T11:54:48.689", "user": ["admin"], "content_type": ["tournaments", "round"], "object_id": "11", "object_repr": "Test - 1", "action_flag": 1, "change_message": "Added."}}, {"model": "admin.logentry", "pk": 145, "fields": {"action_time": "2016-04-24T15:39:59.911", "user": ["admin"], "content_type": ["venues", "venue"], "object_id": "2", "object_repr": "1 - M05", "action_flag": 2, "change_message": "Changed tournament."}}, {"model": "admin.logentry", "pk": 146, "fields": {"action_time": "2016-05-01T22:28:49.579", "user": ["admin"], "content_type": ["participants", "adjudicator"], "object_id": "106", "object_repr": "An Adjudicator (Caltech)", "action_flag": 3, "change_message": ""}}, {"model": "admin.logentry", "pk": 147, "fields": {"action_time": "2016-05-01T22:28:49.658", "user": ["admin"], "content_type": ["participants", "adjudicator"], "object_id": "100", "object_repr": "An Adjudicator (Caltech)", "action_flag": 3, "change_message": ""}}, {"model": "admin.logentry", "pk": 148, "fields": {"action_time": "2016-05-01T22:28:49.668", "user": ["admin"], "content_type": ["participants", "adjudicator"], "object_id": "101", "object_repr": "An Adjudicator (Caltech)", "action_flag": 3, "change_message": ""}}, {"model": "admin.logentry", "pk": 149, "fields": {"action_time": "2016-05-01T22:28:49.673", "user": ["admin"], "content_type": ["participants", "adjudicator"], "object_id": "102", "object_repr": "An Adjudicator (Caltech)", "action_flag": 3, "change_message": ""}}, {"model": "admin.logentry", "pk": 150, "fields": {"action_time": "2016-05-01T22:28:49.677", "user": ["admin"], "content_type": ["participants", "adjudicator"], "object_id": "103", "object_repr": "An Adjudicator (Caltech)", "action_flag": 3, "change_message": ""}}, {"model": "admin.logentry", "pk": 151, "fields": {"action_time": "2016-05-01T22:28:49.682", "user": ["admin"], "content_type": ["participants", "adjudicator"], "object_id": "107", "object_repr": "An Adjudicator (Caltech)", "action_flag": 3, "change_message": ""}}, {"model": "admin.logentry", "pk": 152, "fields": {"action_time": "2016-05-01T22:28:49.687", "user": ["admin"], "content_type": ["participants", "adjudicator"], "object_id": "105", "object_repr": "An Adjudicator (Columbia)", "action_flag": 3, "change_message": ""}}, {"model": "admin.logentry", "pk": 153, "fields": {"action_time": "2016-05-01T22:28:49.691", "user": ["admin"], "content_type": ["participants", "adjudicator"], "object_id": "104", "object_repr": "An Adjudicator (Columbia)", "action_flag": 3, "change_message": ""}}, {"model": "admin.logentry", "pk": 154, "fields": {"action_time": "2016-05-01T22:28:49.696", "user": ["admin"], "content_type": ["participants", "adjudicator"], "object_id": "108", "object_repr": "An Adjudicator (Columbia)", "action_flag": 3, "change_message": ""}}, {"model": "admin.logentry", "pk": 155, "fields": {"action_time": "2016-05-01T22:28:49.701", "user": ["admin"], "content_type": ["participants", "adjudicator"], "object_id": "111", "object_repr": "An Adjudicator (Cornell)", "action_flag": 3, "change_message": ""}}, {"model": "admin.logentry", "pk": 156, "fields": {"action_time": "2016-05-01T22:28:49.706", "user": ["admin"], "content_type": ["participants", "adjudicator"], "object_id": "147", "object_repr": "An Adjudicator (Cornell)", "action_flag": 3, "change_message": ""}}, {"model": "admin.logentry", "pk": 157, "fields": {"action_time": "2016-05-01T22:28:49.710", "user": ["admin"], "content_type": ["participants", "adjudicator"], "object_id": "146", "object_repr": "An Adjudicator (Cornell)", "action_flag": 3, "change_message": ""}}, {"model": "admin.logentry", "pk": 158, "fields": {"action_time": "2016-05-01T22:28:49.714", "user": ["admin"], "content_type": ["participants", "adjudicator"], "object_id": "109", "object_repr": "An Adjudicator (Cornell)", "action_flag": 3, "change_message": ""}}, {"model": "admin.logentry", "pk": 159, "fields": {"action_time": "2016-05-01T22:28:49.719", "user": ["admin"], "content_type": ["participants", "adjudicator"], "object_id": "110", "object_repr": "An Adjudicator (Cornell)", "action_flag": 3, "change_message": ""}}, {"model": "admin.logentry", "pk": 160, "fields": {"action_time": "2016-05-01T22:28:49.723", "user": ["admin"], "content_type": ["participants", "adjudicator"], "object_id": "148", "object_repr": "An Adjudicator (Cornell)", "action_flag": 3, "change_message": ""}}, {"model": "admin.logentry", "pk": 161, "fields": {"action_time": "2016-05-01T22:28:49.727", "user": ["admin"], "content_type": ["participants", "adjudicator"], "object_id": "112", "object_repr": "An Adjudicator (Cornell)", "action_flag": 3, "change_message": ""}}, {"model": "admin.logentry", "pk": 162, "fields": {"action_time": "2016-05-01T22:28:49.731", "user": ["admin"], "content_type": ["participants", "adjudicator"], "object_id": "113", "object_repr": "An Adjudicator (Cornell)", "action_flag": 3, "change_message": ""}}, {"model": "admin.logentry", "pk": 163, "fields": {"action_time": "2016-05-01T22:28:49.737", "user": ["admin"], "content_type": ["participants", "adjudicator"], "object_id": "128", "object_repr": "An Adjudicator1 (Cornell)", "action_flag": 3, "change_message": ""}}, {"model": "admin.logentry", "pk": 164, "fields": {"action_time": "2016-05-01T22:28:49.741", "user": ["admin"], "content_type": ["participants", "adjudicator"], "object_id": "119", "object_repr": "An Adjudicator1 (Cornell)", "action_flag": 3, "change_message": ""}}, {"model": "admin.logentry", "pk": 165, "fields": {"action_time": "2016-05-01T22:28:49.745", "user": ["admin"], "content_type": ["participants", "adjudicator"], "object_id": "137", "object_repr": "An Adjudicator1 (Cornell)", "action_flag": 3, "change_message": ""}}, {"model": "admin.logentry", "pk": 166, "fields": {"action_time": "2016-05-01T22:28:49.749", "user": ["admin"], "content_type": ["participants", "adjudicator"], "object_id": "129", "object_repr": "An Adjudicator2 (Cornell)", "action_flag": 3, "change_message": ""}}, {"model": "admin.logentry", "pk": 167, "fields": {"action_time": "2016-05-01T22:28:49.754", "user": ["admin"], "content_type": ["participants", "adjudicator"], "object_id": "120", "object_repr": "An Adjudicator2 (Cornell)", "action_flag": 3, "change_message": ""}}, {"model": "admin.logentry", "pk": 168, "fields": {"action_time": "2016-05-01T22:28:49.759", "user": ["admin"], "content_type": ["participants", "adjudicator"], "object_id": "138", "object_repr": "An Adjudicator2 (Cornell)", "action_flag": 3, "change_message": ""}}, {"model": "admin.logentry", "pk": 169, "fields": {"action_time": "2016-05-01T22:28:49.764", "user": ["admin"], "content_type": ["participants", "adjudicator"], "object_id": "121", "object_repr": "An Adjudicator (Harvard)", "action_flag": 3, "change_message": ""}}, {"model": "admin.logentry", "pk": 170, "fields": {"action_time": "2016-05-01T22:28:49.770", "user": ["admin"], "content_type": ["participants", "adjudicator"], "object_id": "114", "object_repr": "An Adjudicator (Harvard)", "action_flag": 3, "change_message": ""}}, {"model": "admin.logentry", "pk": 171, "fields": {"action_time": "2016-05-01T22:28:49.774", "user": ["admin"], "content_type": ["participants", "adjudicator"], "object_id": "115", "object_repr": "An Adjudicator (Harvard)", "action_flag": 3, "change_message": ""}}, {"model": "admin.logentry", "pk": 172, "fields": {"action_time": "2016-05-01T22:28:49.778", "user": ["admin"], "content_type": ["participants", "adjudicator"], "object_id": "116", "object_repr": "An Adjudicator (Harvard)", "action_flag": 3, "change_message": ""}}, {"model": "admin.logentry", "pk": 173, "fields": {"action_time": "2016-05-01T22:28:49.782", "user": ["admin"], "content_type": ["participants", "adjudicator"], "object_id": "117", "object_repr": "An Adjudicator (Harvard)", "action_flag": 3, "change_message": ""}}, {"model": "admin.logentry", "pk": 174, "fields": {"action_time": "2016-05-01T22:28:49.788", "user": ["admin"], "content_type": ["participants", "adjudicator"], "object_id": "118", "object_repr": "An Adjudicator (Harvard)", "action_flag": 3, "change_message": ""}}, {"model": "admin.logentry", "pk": 175, "fields": {"action_time": "2016-05-01T22:28:49.793", "user": ["admin"], "content_type": ["participants", "adjudicator"], "object_id": "122", "object_repr": "An Adjudicator (Harvard)", "action_flag": 3, "change_message": ""}}, {"model": "admin.logentry", "pk": 176, "fields": {"action_time": "2016-05-01T22:28:49.796", "user": ["admin"], "content_type": ["participants", "adjudicator"], "object_id": "130", "object_repr": "An Adjudicator (Harvard)", "action_flag": 3, "change_message": ""}}, {"model": "admin.logentry", "pk": 177, "fields": {"action_time": "2016-05-01T22:28:49.802", "user": ["admin"], "content_type": ["participants", "adjudicator"], "object_id": "131", "object_repr": "An Adjudicator (Harvard)", "action_flag": 3, "change_message": ""}}, {"model": "admin.logentry", "pk": 178, "fields": {"action_time": "2016-05-01T22:28:49.808", "user": ["admin"], "content_type": ["participants", "adjudicator"], "object_id": "139", "object_repr": "An Adjudicator (Harvard)", "action_flag": 3, "change_message": ""}}, {"model": "admin.logentry", "pk": 179, "fields": {"action_time": "2016-05-01T22:28:49.812", "user": ["admin"], "content_type": ["participants", "adjudicator"], "object_id": "140", "object_repr": "An Adjudicator (Harvard)", "action_flag": 3, "change_message": ""}}, {"model": "admin.logentry", "pk": 180, "fields": {"action_time": "2016-05-01T22:28:49.817", "user": ["admin"], "content_type": ["participants", "adjudicator"], "object_id": "149", "object_repr": "An Adjudicator (Harvard)", "action_flag": 3, "change_message": ""}}, {"model": "admin.logentry", "pk": 181, "fields": {"action_time": "2016-05-01T22:28:49.822", "user": ["admin"], "content_type": ["participants", "adjudicator"], "object_id": "150", "object_repr": "An Adjudicator (Harvard)", "action_flag": 3, "change_message": ""}}, {"model": "admin.logentry", "pk": 182, "fields": {"action_time": "2016-05-01T22:28:49.826", "user": ["admin"], "content_type": ["participants", "adjudicator"], "object_id": "132", "object_repr": "An Adjudicator (Johns Hopkins)", "action_flag": 3, "change_message": ""}}, {"model": "admin.logentry", "pk": 183, "fields": {"action_time": "2016-05-01T22:28:49.829", "user": ["admin"], "content_type": ["participants", "adjudicator"], "object_id": "141", "object_repr": "An Adjudicator (Johns Hopkins)", "action_flag": 3, "change_message": ""}}, {"model": "admin.logentry", "pk": 184, "fields": {"action_time": "2016-05-01T22:28:49.834", "user": ["admin"], "content_type": ["participants", "adjudicator"], "object_id": "123", "object_repr": "An Adjudicator (Johns Hopkins)", "action_flag": 3, "change_message": ""}}, {"model": "admin.logentry", "pk": 185, "fields": {"action_time": "2016-05-01T22:28:49.839", "user": ["admin"], "content_type": ["participants", "adjudicator"], "object_id": "151", "object_repr": "An Adjudicator (Johns Hopkins)", "action_flag": 3, "change_message": ""}}, {"model": "admin.logentry", "pk": 186, "fields": {"action_time": "2016-05-01T22:28:49.843", "user": ["admin"], "content_type": ["participants", "adjudicator"], "object_id": "155", "object_repr": "An Adjudicator (Princeton)", "action_flag": 3, "change_message": ""}}, {"model": "admin.logentry", "pk": 187, "fields": {"action_time": "2016-05-01T22:28:49.847", "user": ["admin"], "content_type": ["participants", "adjudicator"], "object_id": "152", "object_repr": "An Adjudicator (Princeton)", "action_flag": 3, "change_message": ""}}, {"model": "admin.logentry", "pk": 188, "fields": {"action_time": "2016-05-01T22:28:49.851", "user": ["admin"], "content_type": ["participants", "adjudicator"], "object_id": "153", "object_repr": "An Adjudicator (Princeton)", "action_flag": 3, "change_message": ""}}, {"model": "admin.logentry", "pk": 189, "fields": {"action_time": "2016-05-01T22:28:49.856", "user": ["admin"], "content_type": ["participants", "adjudicator"], "object_id": "154", "object_repr": "An Adjudicator (Princeton)", "action_flag": 3, "change_message": ""}}, {"model": "admin.logentry", "pk": 190, "fields": {"action_time": "2016-05-01T22:28:49.860", "user": ["admin"], "content_type": ["participants", "adjudicator"], "object_id": "133", "object_repr": "An Adjudicator1 (Princeton)", "action_flag": 3, "change_message": ""}}, {"model": "admin.logentry", "pk": 191, "fields": {"action_time": "2016-05-01T22:28:49.873", "user": ["admin"], "content_type": ["participants", "adjudicator"], "object_id": "124", "object_repr": "An Adjudicator1 (Princeton)", "action_flag": 3, "change_message": ""}}, {"model": "admin.logentry", "pk": 192, "fields": {"action_time": "2016-05-01T22:28:49.877", "user": ["admin"], "content_type": ["participants", "adjudicator"], "object_id": "142", "object_repr": "An Adjudicator1 (Princeton)", "action_flag": 3, "change_message": ""}}, {"model": "admin.logentry", "pk": 193, "fields": {"action_time": "2016-05-01T22:28:49.882", "user": ["admin"], "content_type": ["participants", "adjudicator"], "object_id": "134", "object_repr": "An Adjudicator2 (Princeton)", "action_flag": 3, "change_message": ""}}, {"model": "admin.logentry", "pk": 194, "fields": {"action_time": "2016-05-01T22:28:49.886", "user": ["admin"], "content_type": ["participants", "adjudicator"], "object_id": "125", "object_repr": "An Adjudicator2 (Princeton)", "action_flag": 3, "change_message": ""}}, {"model": "admin.logentry", "pk": 195, "fields": {"action_time": "2016-05-01T22:28:49.891", "user": ["admin"], "content_type": ["participants", "adjudicator"], "object_id": "143", "object_repr": "An Adjudicator2 (Princeton)", "action_flag": 3, "change_message": ""}}, {"model": "admin.logentry", "pk": 196, "fields": {"action_time": "2016-05-01T22:28:49.895", "user": ["admin"], "content_type": ["participants", "adjudicator"], "object_id": "135", "object_repr": "An Adjudicator3 (Princeton)", "action_flag": 3, "change_message": ""}}, {"model": "admin.logentry", "pk": 197, "fields": {"action_time": "2016-05-01T22:28:49.900", "user": ["admin"], "content_type": ["participants", "adjudicator"], "object_id": "126", "object_repr": "An Adjudicator3 (Princeton)", "action_flag": 3, "change_message": ""}}, {"model": "admin.logentry", "pk": 198, "fields": {"action_time": "2016-05-01T22:28:49.905", "user": ["admin"], "content_type": ["participants", "adjudicator"], "object_id": "144", "object_repr": "An Adjudicator3 (Princeton)", "action_flag": 3, "change_message": ""}}, {"model": "admin.logentry", "pk": 199, "fields": {"action_time": "2016-05-01T22:28:49.910", "user": ["admin"], "content_type": ["participants", "adjudicator"], "object_id": "145", "object_repr": "An Adjudicator4 (Princeton)", "action_flag": 3, "change_message": ""}}, {"model": "admin.logentry", "pk": 200, "fields": {"action_time": "2016-05-01T22:28:49.915", "user": ["admin"], "content_type": ["participants", "adjudicator"], "object_id": "127", "object_repr": "An Adjudicator4 (Princeton)", "action_flag": 3, "change_message": ""}}, {"model": "admin.logentry", "pk": 201, "fields": {"action_time": "2016-05-01T22:28:49.919", "user": ["admin"], "content_type": ["participants", "adjudicator"], "object_id": "136", "object_repr": "An Adjudicator4 (Princeton)", "action_flag": 3, "change_message": ""}}, {"model": "admin.logentry", "pk": 202, "fields": {"action_time": "2016-05-01T22:29:23.853", "user": ["admin"], "content_type": ["participants", "adjudicator"], "object_id": "156", "object_repr": "New Adjudicator Shared (Caltech)", "action_flag": 3, "change_message": ""}}, {"model": "admin.logentry", "pk": 203, "fields": {"action_time": "2016-05-01T22:29:23.858", "user": ["admin"], "content_type": ["participants", "adjudicator"], "object_id": "157", "object_repr": "New Adjudicator Shared (Columbia)", "action_flag": 3, "change_message": ""}}, {"model": "admin.logentry", "pk": 204, "fields": {"action_time": "2016-05-01T22:29:47.358", "user": ["admin"], "content_type": ["participants", "adjudicator"], "object_id": "158", "object_repr": "New Adjudicator (Cornell)", "action_flag": 3, "change_message": ""}}, {"model": "admin.logentry", "pk": 205, "fields": {"action_time": "2016-05-01T22:29:47.363", "user": ["admin"], "content_type": ["participants", "adjudicator"], "object_id": "161", "object_repr": "New Adjudicator (Cornell)", "action_flag": 3, "change_message": ""}}, {"model": "admin.logentry", "pk": 206, "fields": {"action_time": "2016-05-12T00:13:12.641", "user": ["admin"], "content_type": ["tournaments", "tournament"], "object_id": "3", "object_repr": "New DM", "action_flag": 3, "change_message": ""}}, {"model": "admin.logentry", "pk": 207, "fields": {"action_time": "2016-05-12T00:13:12.740", "user": ["admin"], "content_type": ["tournaments", "tournament"], "object_id": "2", "object_repr": "Test", "action_flag": 3, "change_message": ""}}, {"model": "admin.logentry", "pk": 208, "fields": {"action_time": "2016-05-14T16:44:04.284", "user": ["admin"], "content_type": ["participants", "adjudicator"], "object_id": "89", "object_repr": "Jo Allen (Princeton)", "action_flag": 2, "change_message": "Added adjudicator-team conflict \"AdjudicatorConflict object\"."}}, {"model": "admin.logentry", "pk": 209, "fields": {"action_time": "2016-05-16T13:57:32.785", "user": ["admin"], "content_type": ["tournaments", "tournament"], "object_id": "1", "object_repr": "demo", "action_flag": 2, "change_message": "Changed current_round."}}]